chart_id,elo_diff,msd_overrated,skillset,chart_name
367792,1656.48,1.3398,technical,"('Orange Blossom Train Tracks', ""Vela's Velato"")"
367791,1670.41,1.3311,technical,"('Orange Blossom Train Tracks', ""Vela's Velato"")"
327862,1066.67,1.1696,technical,"('Tren al Sur', ""Vela's Velato v2 - Escape From Reality"")"
327852,1402.03,1.1639,technical,"('Misery', ""Vela's Velato v2 - Escape From Reality"")"
342388,1471.74,1.1604,technical,"('Nageki no Ki', 'April Singles')"
339014,973.9,1.1595,technical,"('Not Holding Back', 'Polarin Pack 4')"
357994,1395.65,1.1581,technical,"('Nadia', 'Demure Dumps')"
324317,1469.86,1.1481,technical,"('GET HYPER (Radio Edit)', 'Volvo Gaming Pack 2')"
354619,1718.19,1.1467,technical,"('[ROUND 1] To The Hellfire', 'Valedumps 4')"
354670,1285.55,1.1467,technical,"('Behind Bars', 'Valedumps 4')"
354626,1423.41,1.1464,technical,"('Sarigiwa no Romantics', 'Valedumps 4')"
261425,1348.12,1.1434,technical,"('Minimalist Sengen', 'D E N P A C K  D E F E N S E  F O R C E  2')"
350637,1447.21,1.1421,technical,"('Parallel Universe Shifter', 'Helvetica Standard')"
354733,1258.21,1.1398,technical,"('first death', 'Valedumps 4')"
354721,942.04,1.1389,technical,"('You & I', 'Valedumps 4')"
339324,1543.06,1.1388,technical,"('Apetenodytes Disco Type.4.0', 'Grape Cola 3')"
354745,1168.63,1.1385,technical,"('SWEATY', 'Valedumps 4')"
315273,1597.86,1.1376,technical,"('Holdin On (Skrillex and Nero Remix)', 'TESTOPACK')"
354622,1458.09,1.1355,technical,"('chaosmaid', 'Valedumps 4')"
339350,1501.7,1.1325,technical,"('雲散霧消', 'Grape Cola 3')"
339911,1173.16,1.1323,technical,"('Circles', 'Cucktech')"
255612,1437.76,1.1309,technical,"('Dark Chest of Wonders', 'cesspool of ribal 3')"
285417,1377.62,1.1302,technical,"('Assassin', 'Minty Fresh Pack 3')"
327815,1207.74,1.1299,technical,"('Sunshine.swf', ""Vela's Velato v3 - Take Back the Falls"")"
339294,1203.3,1.1297,technical,"('Step by Step!', 'Grape Cola 3')"
285689,1290.8,1.1291,technical,"('In Your Eyes', 'Mina Minimegapack 6 (daunrealonez)')"
317077,981.23,1.1285,technical,"('Levottomat jalat', 'Suomi 100.5')"
354632,1218.95,1.1276,technical,"('Salvation', 'Valedumps 4')"
261905,985.86,1.1275,technical,"('Waka Waka (Esto Es Africa)', ""DumpAss Dude's Dream 2"")"
357965,1272.69,1.1269,technical,"('Beautiful Girls', 'Demure Dumps')"
270365,1592.9,1.1265,technical,"('Extraction', 'Grape Cola 2')"
272423,1234.44,1.1255,technical,"('Ranger Elite', 'Hard Songs Megapack Volume 10')"
354705,1310.7,1.1253,technical,"(""What's up, people?! (Cut Ver.)"", 'Valedumps 4')"
354587,1217.1,1.1251,technical,"('Butterfly Twist', 'Valedumps 4')"
339308,1151.96,1.1249,technical,"('しかばねの踊り', 'Grape Cola 3')"
270361,1190.42,1.1247,technical,"('BLUE LAGOON', 'Grape Cola 2')"
354703,1417.93,1.1235,technical,"('Mind Chase', 'Valedumps 4')"
261894,1002.94,1.1234,technical,"('Crescent Moon', ""DumpAss Dude's Dream 2"")"
307138,1246.06,1.1233,technical,"('Acquaintance', ""Skwid's Minipack 6 (Cute Anime Edition)"")"
350835,1393.53,1.1231,technical,"('Seu madruga will go on', 'Brazil Schizo files')"
270388,1419.3,1.123,technical,"('メランコリック', 'Grape Cola')"
333289,882.93,1.1221,technical,"('特者生存ワンダラダー!!', '#774 Etterna Explosion Excitepack')"
338669,1056.54,1.1211,technical,"(""Eve, Psyche & The Bluebeard's wife"", 'Hallyu Dump Pack')"
339329,1431.12,1.1209,technical,"('人格', 'Grape Cola 3')"
282136,1627.53,1.1206,technical,"('[Extra-8] Got Well Soon', 'Lofty Dump Minipack 3 (Xclusive Edition)')"
338670,1045.9,1.1203,technical,"('Attention', 'Hallyu Dump Pack')"
285303,1085.13,1.1201,technical,"('Enjoy The Ride', 'Minty Fresh Pack 4')"
300024,1056.22,1.1195,technical,"('CocoNelly the Cat Rap', 'POI')"
285421,1146.12,1.1193,technical,"('Hysterical Night Girl', 'Minty Fresh Pack 3')"
323129,1133.82,1.1192,technical,"('Cake By The Ocean', 'Valedumps 3 (Route B)')"
339361,1180.93,1.1184,technical,"('アイマイモコ', 'Grape Cola 3')"
351802,1652.95,1.1183,technical,"('silly-willy-nilly', 'Polarin Pack 6')"
261906,893.2,1.1178,technical,"('Killshot', ""DumpAss Dude's Dream 2"")"
354646,1010.03,1.1178,technical,"(""Hollywood's Bleeding"", 'Valedumps 4')"
350849,1321.52,1.1176,technical,"('Estrelar (baht bootleg)', 'Brazil Schizo files')"
339347,1272.54,1.1165,technical,"('Sugar Coaster Girl', 'Grape Cola 3')"
333413,1023.37,1.1163,technical,"('Mon Amour (Remix)', '#774 Etterna Explosion Excitepack')"
339311,1425.95,1.116,technical,"(""Naruto's Ninja Way"", 'Grape Cola 3')"
354738,1109.22,1.1152,technical,"('Low (feat. T-Pain)', 'Valedumps 4')"
323264,1232.16,1.1149,technical,"('Some', 'Valedumps 3 (Route A)')"
262252,815.16,1.1144,technical,"('Clouds', 'Dream Sequence')"
282144,1569.18,1.1144,technical,"('[Extra-6] Taking You There', 'Lofty Dump Minipack 3 (Xclusive Edition)')"
342793,1432.99,1.1143,technical,"('Besessenheit', 'interesting files i found in my discord dms')"
290975,1154.13,1.1141,technical,"('Shuu no Hazama (Rainshower)', 'Nightflower Complex')"
353055,1090.42,1.1139,technical,"('Agniratha, Mechonis Capital', 'Kazye Minipack 2')"
282176,1269.82,1.1137,technical,"('[9-3] Caught in the Crossfire 2022', 'Lofty Dump Minipack 3 (Xclusive Edition)')"
260910,1354.36,1.1135,technical,"('BENETTAOLGA DO BONZETEK  Я Одна【BURaK BaLKaN РЕМИКС 2K12】', 'Crazy Culinary Revolutions')"
339354,1663.35,1.1135,technical,"('Nhelv', 'Grape Cola 3')"
261896,1530.41,1.1125,technical,"('Bookmaker', ""DumpAss Dude's Dream 2"")"
339897,1175.29,1.1125,technical,"('Lawn Knives', 'Cucktech')"
342773,1082.31,1.1123,technical,"('GODS', 'interesting files i found in my discord dms')"
296186,1351.12,1.1116,technical,"(""I'm For You"", 'Overcome CV Package2')"
285322,1245.18,1.1114,technical,"('Hell Frozen Rain', 'Minty Fresh Pack 4')"
353061,1515.94,1.1111,technical,"('Uso No Hibana', 'Kazye Minipack 2')"
251796,1126.04,1.1109,technical,"('Log-in', 'Autotelic Jacks')"
354607,1279.16,1.1105,technical,"('神兪空', 'Valedumps 4')"
270348,1737.52,1.1102,technical,"('ゆきこさん', 'Grape Cola 2')"
339321,1447.37,1.1097,technical,"('9mm', 'Grape Cola 3')"
327845,1408.09,1.1096,technical,"('All Night', ""Vela's Velato v2 - Escape From Reality"")"
339309,1136.97,1.1096,technical,"('Crave You', 'Grape Cola 3')"
261962,1171.34,1.1094,technical,"('Ta-Ti-Tu-Teatime!', ""DumpAss Dude's Dream"")"
342888,1569.07,1.109,technical,"('hush', 'interesting files i found in my discord dms')"
261901,1077.45,1.1088,technical,"('Kiss Me More (Mix up)', ""DumpAss Dude's Dream 2"")"
342934,1377.92,1.1085,technical,"('Rapp Snitch Knishes', 'interesting files i found in my discord dms')"
281977,1214.59,1.1078,technical,"('Only Acting', 'Lofty Minipack 4 (Paradise Loft)')"
270352,1458.18,1.1074,technical,"('はじめてのかくめい！', 'Grape Cola 2')"
339325,1638.44,1.1074,technical,"('NEURO-CLOUD-9', 'Grape Cola 3')"
354694,1197.15,1.1074,technical,"('Pretty Little Psycho', 'Valedumps 4')"
255616,1115.64,1.1073,technical,"('Like A Lady', 'cesspool of ribal 3')"
270302,1530.96,1.107,technical,"('獄卒エンジェル☆閻魔ちゃん', 'Grape Cola 2')"
339323,1229.26,1.1061,technical,"('Playing with Ruby', 'Grape Cola 3')"
270341,1121.66,1.1055,technical,"('Vibrant', 'Grape Cola 2')"
343753,968.26,1.1052,technical,"('Stepper', 'Celeb Dumplings 2 (I Love My Friends Edition)')"
261961,1197.15,1.1049,technical,"('Drum & Bass Showerdown', ""DumpAss Dude's Dream"")"
270305,1640.46,1.1048,technical,"('Come Get Some', 'Grape Cola 2')"
343899,1526.99,1.1039,technical,"('ｐｒｅｔｔｙ girls - boys 「T4LK IS SW33T」', ""Restia's Backroom 22"")"
354598,1286.21,1.1031,technical,"('Jigsaw Falling Into Place', 'Valedumps 4')"
285462,1337.92,1.103,technical,"('Wokman', 'Minty Fresh Pack 2')"
354722,1337.25,1.1028,technical,"('Revolver (Sped Up Ver.)', 'Valedumps 4')"
351176,1280.51,1.1026,technical,"('Igaku', 'SD Pack')"
285344,1117.6,1.1025,technical,"('Pump It', 'Minty Fresh Pack 4')"
261858,1033.0,1.1023,technical,"('Everything Black (feat. Mike Taylor)', ""DumpAss Dude's Dream 2"")"
323245,1222.42,1.102,technical,"('a map of the stars', 'Valedumps 3 (Route A)')"
354677,1176.46,1.1019,technical,"('Mesmerizer', 'Valedumps 4')"
357991,1072.51,1.1018,technical,"('Bad Boy', 'Demure Dumps')"
339307,1387.02,1.1009,technical,"('幸せになれる隠しコマンドがあるらしい', 'Grape Cola 3')"
315267,1328.67,1.1008,technical,"('SOLROS', 'TESTOPACK')"
327804,1352.84,1.1002,technical,"('In the End', ""Vela's Velato v3 - Take Back the Falls"")"
342788,1236.65,1.0998,technical,"('Shougeki', 'interesting files i found in my discord dms')"
339341,1511.43,1.0996,technical,"('Crusher', 'Grape Cola 3')"
354631,1173.68,1.0996,technical,"('i like the way you kiss me', 'Valedumps 4')"
250530,1301.17,1.0993,technical,"('Melissa', 'Anime Sucks Ass 2')"
317066,1175.49,1.0991,technical,"('Heilutaan', 'Suomi 100.5')"
264598,1475.95,1.0986,technical,"('フーアーユーなんて言わないで', 'Etterna Explosion Excitepack')"
270372,1502.0,1.0985,technical,"('Possessed By The Blood Moon', 'Grape Cola')"
315225,1283.91,1.0982,technical,"('The Hours On The Fields', 'TESTOPACK')"
357978,1039.21,1.0976,technical,"('Bubbly', 'Demure Dumps')"
264804,1231.15,1.0974,technical,"('Big Brother', 'Fennec Fantasy')"
354708,1218.6,1.0964,technical,"('Material Girl', 'Valedumps 4')"
339885,1298.81,1.096,technical,"('Salirò', 'Cucktech')"
341617,1190.35,1.0959,technical,"('2038', 'This Could Have Been Your Pack')"
354742,1082.65,1.0959,technical,"('Little Little Princess', 'Valedumps 4')"
354664,1475.85,1.0957,technical,"(""I'm Not Okay (I Promise)"", 'Valedumps 4')"
339359,1290.53,1.0956,technical,"('Spit It Out', 'Grape Cola 3')"
359327,1520.91,1.095,technical,"('Rabbit Hole feat. Hatsune Miku', 'Amanda Minipack -1')"
255641,1268.62,1.0945,technical,"('Tell Me Why (16-bit)', 'cesspool of ribal 2')"
285714,1406.22,1.0945,technical,"(""Skidrow's OP"", 'Mina Minimegapack 4')"
323251,1046.59,1.0939,technical,"('Breathe', 'Valedumps 3 (Route A)')"
354641,995.22,1.0937,technical,"('Telephone Number', 'Valedumps 4')"
315249,1624.84,1.0934,technical,"('March of Fear', 'TESTOPACK')"
261879,1052.57,1.093,technical,"('Loretta', ""DumpAss Dude's Dream 2"")"
354723,1300.27,1.0929,technical,"('she will be loved.', 'Valedumps 4')"
285379,1159.71,1.0927,technical,"('Da se nadjemo na Pola Puta', 'Minty Fresh Pack 3')"
339872,1042.59,1.0927,technical,"('Ransom', 'Cucktech')"
263141,1201.27,1.0926,technical,"('99.9 (Eurobeat Remix)', ""DZ files 2 - Dumps n' Stuff"")"
287680,962.98,1.0923,technical,"('Spotlight', 'Monheim Feedbacker Pack')"
304275,1152.46,1.0922,technical,"('The Man with the Golden Arm Drum Solo', ""Scintill's Minipack 3"")"
261915,1071.88,1.0921,technical,"('Danza Kuduro', ""DumpAss Dude's Dream 2"")"
339895,1168.05,1.0921,technical,"('Virtual Insanity', 'Cucktech')"
285376,1177.17,1.0917,technical,"('Shake It Off', 'Minty Fresh Pack 3')"
339312,1263.7,1.0915,technical,"('Daydream', 'Grape Cola 3')"
270337,1379.35,1.0911,technical,"('Matusa Bomber', 'Grape Cola 2')"
270286,1306.33,1.091,technical,"('Still Into You', 'Grape Cola 2')"
337967,1236.92,1.0909,technical,"('What You Know', '.ricetoasted')"
285306,1343.35,1.0907,technical,"('A Rancid Romance', 'Minty Fresh Pack 4')"
304272,996.76,1.0905,technical,"('21st Century Schizoid Man', ""Scintill's Minipack 3"")"
339860,1236.98,1.0905,technical,"('La La La', 'Cucktech')"
285360,1076.84,1.0901,technical,"('BLEACH', 'Minty Fresh Pack 4')"
285402,1247.29,1.09,technical,"('Starlight', 'Minty Fresh Pack 3')"
357964,1157.44,1.09,technical,"('怠惰', 'Demure Dumps')"
315628,847.24,1.0899,technical,"('Hi-Speed Coffee', 'Team MetroGX!!')"
343770,1384.72,1.0899,technical,"('High-Priestess', 'Celeb Dumplings 2 (I Love My Friends Edition)')"
323263,1137.93,1.0895,technical,"('Bedroom Community', 'Valedumps 3 (Route A)')"
290835,1406.98,1.0894,technical,"('Lover Is a Day', 'Nostealpack 2 (Worse Edition)')"
354588,1086.16,1.089,technical,"('Last Chance (feat. Baby M)', 'Valedumps 4')"
328793,1119.44,1.0889,technical,"('Adrift', 'Yolo Dumps 1')"
339863,1523.46,1.0889,technical,"('Moonlight', 'Cucktech')"
339881,1200.5,1.0888,technical,"('Disturbia', 'Cucktech')"
339907,1380.37,1.0887,technical,"('The Adults Are Talking', 'Cucktech')"
282173,1050.06,1.0886,technical,"('[3-3] Song of the Ancients', 'Lofty Dump Minipack 3 (Xclusive Edition)')"
339315,1041.81,1.0886,technical,"('My Sweet Heart', 'Grape Cola 3')"
339330,1410.72,1.0885,technical,"('Восьмий колi р', 'Grape Cola 3')"
270368,1565.27,1.0884,technical,"('i love you more each time you die', 'Grape Cola 2')"
285410,1337.24,1.0883,technical,"(""Livin' La Vida Loca"", 'Minty Fresh Pack 3')"
288935,1061.43,1.0882,technical,"('Jordan', 'ODIPack3')"
285363,1182.75,1.0881,technical,"('LAMENTO', 'Minty Fresh Pack 4')"
317089,1294.35,1.0881,technical,"('Kolmas pyörä', 'Suomi 100.5')"
285503,1372.31,1.0877,technical,"('Veda', 'Minty Fresh Pack 1')"
333469,1137.42,1.0871,technical,"(""Scatman's World"", '#774 Etterna Explosion Excitepack')"
324069,1043.99,1.087,technical,"('SLOW DANCING IN THE DARK', 'We Are The Sound')"
307148,1314.92,1.0868,technical,"('Saint Lucifer', ""Skwid's Minipack 5 (Edition)"")"
354672,1162.15,1.0868,technical,"('GIRL HELL 1999', 'Valedumps 4')"
339867,1132.95,1.0867,technical,"('The Way', 'Cucktech')"
262395,823.92,1.0866,technical,"('Battle of Destiny', ""DourGent's Minipack 5"")"
338886,1337.77,1.0866,technical,"('think abt it', 'Polarin Pack 3')"
342822,1391.57,1.0858,technical,"('Game Over (android52 remix)', 'interesting files i found in my discord dms')"
281991,1685.87,1.0857,technical,"('YuNg BrAtZ', 'Lofty Minipack 4 (Paradise Loft)')"
252325,1133.5,1.0856,technical,"('Untouched', 'Areicia Training Pack')"
257623,1281.28,1.0856,technical,"('Howl', 'Charting Secret Santa 2022')"
323157,1273.29,1.0856,technical,"('Time & Place', 'Valedumps 3 (Route B)')"
315654,980.8,1.0854,technical,"('BRUTUS', 'Team MetroGX!!')"
341640,1113.06,1.0852,technical,"('Bad', 'This Could Have Been Your Pack')"
339336,1286.54,1.0851,technical,"('夜明けのベルが鳴る', 'Grape Cola 3')"
261949,1030.63,1.0849,technical,"(""Don't Stop The Music"", ""DumpAss Dude's Dream"")"
337787,1008.51,1.0847,technical,"('DJ Got Us Falling In Love', 'Amber Chores')"
270380,1360.81,1.0846,technical,"('Boogie', 'Grape Cola')"
339362,1439.04,1.0845,technical,"('Lilith Ambivalence Lovers', 'Grape Cola 3')"
323214,1440.94,1.0843,technical,"('Open Your Heart', 'Valedumps 3 (Route A)')"
264570,1072.78,1.0842,technical,"('小さな恋のうた', 'Etterna Explosion Excitepack')"
333472,1146.82,1.0838,technical,"('So what?', '#774 Etterna Explosion Excitepack')"
249342,1167.75,1.0835,technical,"('Satellite', 'Acerola')"
285388,1202.05,1.0834,technical,"('Take My Breath Away', 'Minty Fresh Pack 3')"
261876,1334.69,1.0833,technical,"('天照', ""DumpAss Dude's Dream 2"")"
270314,1245.09,1.0833,technical,"('都会', 'Grape Cola 2')"
270328,1240.64,1.0832,technical,"('No.1', 'Grape Cola 2')"
354574,1221.04,1.0832,technical,"('360', 'Valedumps 4')"
285188,1639.19,1.0829,technical,"('Paraclete', 'Miracle Streamz')"
270334,1279.69,1.0828,technical,"('Japanese Soul Brothers 35th Anniversary', 'Grape Cola 2')"
285346,1268.3,1.0828,technical,"('Kickstart My Heart', 'Minty Fresh Pack 4')"
282124,1870.85,1.0824,technical,"('[Penultimate] Faint', 'Lofty Dump Minipack 3 (Xclusive Edition)')"
315275,1506.87,1.0821,technical,"('Bye Bye YESTERDAY', 'TESTOPACK')"
357948,1125.58,1.082,technical,"('Toxic', 'Demure Dumps')"
323313,1061.96,1.0818,technical,"('SLOW DANCING IN THE DARK', 'Valedumps 2')"
339299,1103.97,1.0814,technical,"('Rosas', 'Grape Cola 3')"
290966,1398.19,1.0813,technical,"('Saikyou OX Keikaku', 'Nixo pack 0')"
339884,1049.0,1.0812,technical,"('Mr. Saxobeat', 'Cucktech')"
285392,1142.75,1.0811,technical,"('Drowning', 'Minty Fresh Pack 3')"
339903,1200.83,1.0811,technical,"('Kind Lady', 'Cucktech')"
261866,1099.42,1.0807,technical,"('DIE IN THE SEA', ""DumpAss Dude's Dream 2"")"
342857,1072.27,1.0807,technical,"('DaLaBengBa', 'interesting files i found in my discord dms')"
343795,1297.13,1.0801,technical,"('INSIDE', 'Celeb Dumplings 2 (I Love My Friends Edition)')"
323158,1318.06,1.0799,technical,"('Speed of Hell', 'Valedumps 3 (Route B)')"
343780,1055.08,1.0798,technical,"('String Theocracy', 'Celeb Dumplings 2 (I Love My Friends Edition)')"
285923,1167.66,1.0796,technical,"('american beauty', ""midgy's cartography collection"")"
250493,1286.94,1.0794,technical,"('Digital World', 'Anime Sucks Ass  3')"
301842,1472.56,1.0792,technical,"('Black Catcher', ""Restia's Restroom 21"")"
323159,1182.42,1.0791,technical,"('FUK AN!ME', 'Valedumps 3 (Route B)')"
323227,1082.97,1.0791,technical,"('Crests of Waves', 'Valedumps 3 (Route A)')"
354740,1004.32,1.0789,technical,"('Astral Blossom', 'Valedumps 4')"
323255,964.03,1.0788,technical,"('dancing all night', 'Valedumps 3 (Route A)')"
270326,1437.58,1.0787,technical,"('V!rtuaresort', 'Grape Cola 2')"
257769,1367.05,1.0783,technical,"('bullet (Slushii Remix)', 'cesspool of ribal 4')"
282152,1380.68,1.0783,technical,"('[Extra-3] Mr. Brightside', 'Lofty Dump Minipack 3 (Xclusive Edition)')"
255607,1140.07,1.0779,technical,"('Speed Lover', 'cesspool of ribal 3')"
250536,1074.73,1.0776,technical,"('I Want You', 'Anime Sucks Ass 2')"
327790,1033.14,1.0774,technical,"('Everybody Wants To Rule The World', ""Vela's Velato v3 - Take Back the Falls"")"
290982,1221.07,1.0772,technical,"('Ideal Ratio 4-1-2.5 (Viticz Remix)', 'Nightflower Complex')"
339374,1480.93,1.0772,technical,"('きゅうくらりん', 'Grape Cola 3')"
323163,1108.22,1.0771,technical,"('The Boys Are Back', 'Valedumps 3 (Route B)')"
262249,1332.08,1.0769,technical,"('Chimu no Jiriki', 'Dream Sequence')"
304525,1737.52,1.0769,technical,"('_a corrupted love song', 'Shadow of Nikos')"
354659,1282.95,1.0769,technical,"('あなぐらぐらし', 'Valedumps 4')"
337791,1153.76,1.0768,technical,"('The Box', 'Amber Chores')"
343759,1263.88,1.0766,technical,"('チューチュー ラブリー ムニムニ ムラムラ プリンプリン ボロン ヌルル レロレロ', 'Celeb Dumplings 2 (I Love My Friends Edition)')"
342599,985.89,1.0765,technical,"('[3-5] agony (TV Size)', 'Etterna Echelon Pack')"
351193,1383.48,1.0765,technical,"('Hyper Bass(RENKA chan Drop)', 'SD Pack')"
339348,1295.38,1.0764,technical,"('Brittle Bones Nicky', 'Grape Cola 3')"
339339,1222.53,1.0761,technical,"('False Swipe', 'Grape Cola 3')"
308835,1160.14,1.076,technical,"('Shukusai no Elementalia', 'SMOC EXTRA')"
342613,1176.96,1.0759,technical,"('[4-6] Buzzsaw', 'Etterna Echelon Pack')"
260883,1334.74,1.0757,technical,"('Gaucho', 'Crazy Culinary Revolutions')"
283172,1279.54,1.0757,technical,"('Itoshiki Julieta', ""Lemon's Fruit Snacks"")"
327838,1229.66,1.0757,technical,"('CORE', ""Vela's Velato v2 - Escape From Reality"")"
339310,1020.33,1.0757,technical,"('勘ぐれい', 'Grape Cola 3')"
302177,1243.28,1.0755,technical,"(""[5-XXX] YOU JUST GOT ARABIA'D"", 'Rebound Dump Collection Megapack II')"
329119,1375.21,1.0752,technical,"('Bitch lasagna', 'xXxRUSSIAxXx 2')"
255746,1140.72,1.075,technical,"('Metamorphosis', 'Celeb Dumplings (Delicious Edition)')"
342928,1571.48,1.075,technical,"('VIS--CRACKED', 'interesting files i found in my discord dms')"
300993,1515.96,1.0748,technical,"('Grustnaya Suka', 'Pachka Dampov (Suka Blyat Ed)')"
255727,1178.93,1.0747,technical,"('Off With Her Head', 'Celeb Dumplings (Delicious Edition)')"
285517,1212.83,1.0747,technical,"('Genie In a Bottle', 'Minty Fresh Pack 1')"
261966,1415.36,1.0745,technical,"('Enjoy Yourself', ""DumpAss Dude's Dream"")"
262401,1366.16,1.0738,technical,"('Flowering Night', ""DourGent's Minipack 5"")"
338706,1506.75,1.0738,technical,"('Faggot', 'Polarin Pack 5')"
285343,1176.23,1.0737,technical,"('Broken Arrows (Didrick Remix)', 'Minty Fresh Pack 4')"
250508,1292.58,1.0735,technical,"('Pretty Little Psycho', 'Anime Sucks Ass  3')"
285480,1415.53,1.0735,technical,"('Rock Lobster', 'Minty Fresh Pack 2')"
315276,1274.68,1.0735,technical,"('Minorities in my waterpark', 'TESTOPACK')"
282011,1209.6,1.0734,technical,"('Tytot Ei Soita Kitaraa', 'Lofty Minipack 4 (Paradise Loft)')"
323257,1154.08,1.0733,technical,"('LOVE IS DROWNING', 'Valedumps 3 (Route A)')"
285512,1225.08,1.0729,technical,"('Future Candy', 'Minty Fresh Pack 1')"
283136,1430.45,1.0728,technical,"(""That's Gonna Be"", ""Lemon's Fruit Snacks 2"")"
339363,1277.8,1.0728,technical,"('Earth Bb', 'Grape Cola 3')"
250525,1539.73,1.0726,technical,"('Versace Henrik - Pupu', 'Anime Sucks Ass  3')"
354645,1158.45,1.0725,technical,"('Pocketful of Sunshine', 'Valedumps 4')"
249334,1165.16,1.0719,technical,"('fuck ANIme', 'Acerola')"
261957,1132.04,1.0718,technical,"('And We Run', ""DumpAss Dude's Dream"")"
285217,1431.02,1.0718,technical,"('Leaf House', 'Minty zFarts Pack 2')"
323259,1149.18,1.0718,technical,"('The Title Track', 'Valedumps 3 (Route A)')"
323293,962.94,1.0718,technical,"('Passionfruit', 'Valedumps 2')"
285352,1228.61,1.0716,technical,"(""Don't Let Me be the First"", 'Minty Fresh Pack 4')"
343786,1267.11,1.0716,technical,"('Burfict!', 'Celeb Dumplings 2 (I Love My Friends Edition)')"
339337,1186.59,1.0715,technical,"('Nookie', 'Grape Cola 3')"
342863,1262.05,1.0715,technical,"('Cruel Angles Thesis', 'interesting files i found in my discord dms')"
281992,1516.2,1.0712,technical,"('YuNg BrAtZ', 'Lofty Minipack 4 (Paradise Loft)')"
270397,1305.3,1.0711,technical,"('人類みなセンパイ！', 'Grape Cola')"
285353,1156.29,1.071,technical,"('24 Hr Drive-Thru', 'Minty Fresh Pack 4')"
328784,1360.21,1.0706,technical,"('Smoke A Nigga', 'Yolo Dumps 1')"
323356,1292.69,1.0705,technical,"('evening (a prelude)', 'Valedumps')"
285123,1253.78,1.0704,technical,"('太陽と月のロンド', 'Miracle Streamz^2')"
285884,1165.5,1.0701,technical,"('Foot Fungus', ""midgy's cartography collection III"")"
338700,1777.66,1.0701,technical,"(""Can't Let Go"", 'Polarin Pack 5')"
285396,1158.57,1.07,technical,"('The Kill', 'Minty Fresh Pack 3')"
282166,1304.58,1.0698,technical,"('[9-2] Rushing Back', 'Lofty Dump Minipack 3 (Xclusive Edition)')"
255730,1210.6,1.0697,technical,"('THE BADDEST', 'Celeb Dumplings (Delicious Edition)')"
367793,1230.8,1.0697,technical,"('Candy a Mine', ""Vela's Velato"")"
307088,1291.52,1.0696,technical,"('Dat $tick', ""Skwid's Minipack 8 (Ok Here It Is Edition)"")"
339302,1533.1,1.0695,technical,"('Monkey Business', 'Grape Cola 3')"
327848,1615.47,1.0694,technical,"('Wacky Workbench (Past)', ""Vela's Velato v2 - Escape From Reality"")"
339865,1125.98,1.0693,technical,"(""Build God, Then We'll Talk"", 'Cucktech')"
323288,1290.18,1.0689,technical,"('Wallspin', 'Valedumps 2')"
354724,1166.64,1.0689,technical,"('A Way of Life', 'Valedumps 4')"
285436,1188.59,1.0686,technical,"('Ojos Asi', 'Minty Fresh Pack 2')"
323324,1095.16,1.0686,technical,"('WHERE THE CASH AT', 'Valedumps 2')"
354647,1000.91,1.0686,technical,"('Loretta', 'Valedumps 4')"
285671,1086.72,1.0685,technical,"('Love Drug', 'Mina Mini Megapack 2(da real onez)')"
323154,1208.25,1.068,technical,"('Penger', 'Valedumps 3 (Route B)')"
323162,1226.82,1.068,technical,"('Go With The Flow', 'Valedumps 3 (Route B)')"
339304,1641.92,1.068,technical,"('Slashmaid', 'Grape Cola 3')"
304537,1407.41,1.0679,technical,"('Starboy feat. Daft Punk', 'Shadow of Nikos')"
285511,1381.33,1.0676,technical,"('Voodoo Mon Amour', 'Minty Fresh Pack 1')"
344274,1345.42,1.0675,technical,"(""DROP IT LIKE IT'S HOT!!!"", 'Prosaic Hard Chart Pack')"
285425,1089.12,1.0673,technical,"('Thunderclouds', 'Minty Fresh Pack 3')"
290965,1406.58,1.0673,technical,"('Catch You Catch Me', 'Nixo pack 0')"
270327,1369.32,1.0672,technical,"('とこにゃつ☆トロピカル', 'Grape Cola 2')"
282114,1256.72,1.0671,technical,"(""Alice's Mad Tea Party"", 'Lofty Dump MiniPack')"
282139,1482.9,1.067,technical,"('[Extra-4] String Quartet no. 8 mvt. 2', 'Lofty Dump Minipack 3 (Xclusive Edition)')"
323274,1498.46,1.067,technical,"('beepbit ⁂ futures', 'Valedumps 2')"
285328,1607.51,1.0669,technical,"('ZENITHALIZE', 'Minty Fresh Pack 4')"
354612,1177.14,1.0669,technical,"('Carry On Wayward Son', 'Valedumps 4')"
327840,1381.64,1.0667,technical,"('PONPONPON', ""Vela's Velato v2 - Escape From Reality"")"
261907,1154.65,1.0661,technical,"('我愛你', ""DumpAss Dude's Dream 2"")"
354579,1276.59,1.066,technical,"('Water Elemental', 'Valedumps 4')"
268263,1626.0,1.0659,technical,"('Toki (maidable remix)', 'Fullerene Shift')"
323244,1062.05,1.0659,technical,"('Sanctuary', 'Valedumps 3 (Route A)')"
342820,1553.04,1.0659,technical,"('Akatsuki no Kaleido Blood', 'interesting files i found in my discord dms')"
285871,1246.2,1.0657,technical,"('You & Me', ""midgy's cartography collection III"")"
339371,1307.44,1.0656,technical,"('Could You Be Loved', 'Grape Cola 3')"
339878,1265.87,1.0656,technical,"('#BrooklynBloodPop!', 'Cucktech')"
343798,1310.75,1.0656,technical,"('Cigaro', 'Celeb Dumplings 2 (I Love My Friends Edition)')"
261935,1362.86,1.0655,technical,"('U.S.A.', ""DumpAss Dude's Dream"")"
285373,1129.34,1.0655,technical,"('Badna Nwalee El Jaw', 'Minty Fresh Pack 3')"
339901,1288.97,1.0655,technical,"('Yuudachi', 'Cucktech')"
354635,999.07,1.0653,technical,"(""[INTRO] Who's Ready For Tomorrow"", 'Valedumps 4')"
286254,1053.8,1.0652,technical,"('The Island - Pt. II (Dusk)', 'Memories of Flower')"
314825,1157.59,1.0652,technical,"('OUR SHIP', 'The End')"
285455,1469.91,1.065,technical,"(""Etienne's OP"", 'Minty Fresh Pack 2')"
255681,1388.32,1.0648,technical,"(""Angel's Salad ('Le mythe tendu' ver.)"", 'Certified Hood Classics')"
329996,1339.53,1.0647,technical,"('..kreep street..', 'Xayy Lmao Mixtape (Feat. Chill Pill)')"
261855,855.16,1.0646,technical,"('Fire in the sky', ""DumpAss Dude's Dream 2"")"
271854,1558.87,1.0642,technical,"('Destiny GAMMA GAMMA', 'hi19hi19 Pack 2 - Dumps and Hard Stuff')"
271838,1361.48,1.0641,technical,"('Hybrid Brute', 'hi19hi19 Pack 2 - Dumps and Hard Stuff')"
282162,1219.8,1.0639,technical,"('[8-2] Syntisten Poyta', 'Lofty Dump Minipack 3 (Xclusive Edition)')"
354615,1060.41,1.0639,technical,"('Deep Down', 'Valedumps 4')"
285371,1077.99,1.0638,technical,"('Summer Connection', 'Minty Fresh Pack 3')"
323211,1271.92,1.0636,technical,"('Tilting Against Windmills', 'Valedumps 3 (Route A)')"
261864,1016.67,1.0634,technical,"('When the Rune Sparkles in September', ""DumpAss Dude's Dream 2"")"
323133,1108.08,1.0632,technical,"('Dance With Me', 'Valedumps 3 (Route B)')"
255750,1312.44,1.0631,technical,"('神寂', 'Celeb Dumplings (Delicious Edition)')"
339898,1241.48,1.0631,technical,"('Twinkle Twinkle', 'Cucktech')"
283134,1228.86,1.063,technical,"('More One Night (Assertive Hardcore Bootleg)', ""Lemon's Fruit Snacks 2"")"
285138,1458.69,1.063,technical,"('Syzygia', 'Miracle Streamz^2')"
322805,1220.41,1.063,technical,"('Odyssey (Au5 Remix)', 'Untitled_unrevised')"
285661,1502.2,1.0625,technical,"('Wish I had an Angel', 'Mina Mini Megapack 2(da real onez)')"
285483,1257.76,1.0624,technical,"('Siren', 'Minty Fresh Pack 2')"
333452,1030.47,1.0624,technical,"('サキガツモル', '#774 Etterna Explosion Excitepack')"
323278,1313.04,1.0623,technical,"('The Only Thing I Know For Real (Maniac Agenda Mix)', 'Valedumps 2')"
324078,1673.7,1.0623,technical,"('NEURO-CLOUD-9', 'We.Are.The.End')"
339902,1252.09,1.0623,technical,"('All I Want for Christmas Is You', 'Cucktech')"
307085,1282.77,1.0621,technical,"('Power of Life and Death', ""Skwid's Minipack 9 (Anchor Edition)"")"
315278,1336.03,1.062,technical,"('Bubblegum Bitch', 'TESTOPACK')"
323319,1237.51,1.0619,technical,"('Broken Promises', 'Valedumps 2')"
315240,1523.32,1.0613,technical,"('ENDYMION', 'TESTOPACK')"
327870,1166.86,1.0612,technical,"('Quien es la Que Viene Alli', ""Vela's Velato v2 - Escape From Reality"")"
251797,1136.74,1.0611,technical,"('Log-in', 'Autotelic Jacks')"
255745,1193.4,1.0611,technical,"('Kinjirareta Asobi', 'Celeb Dumplings (Delicious Edition)')"
285302,1209.25,1.0611,technical,"('Lophophora', 'Minty Fresh Pack 4')"
285307,1172.62,1.0611,technical,"('Bubble Raising', 'Minty Fresh Pack 4')"
285403,1329.52,1.0611,technical,"('Shatter Me', 'Minty Fresh Pack 3')"
329999,1289.31,1.0611,technical,"('In Tune With Nature', 'Xayy Lmao Mixtape (Feat. Chill Pill)')"
261450,1249.93,1.061,technical,"('STAND UP!', 'Denpack Append')"
283077,1440.72,1.061,technical,"('Shinzou o Sasageyo!', ""Lemon's Panty Shots 2 - Pantiless"")"
267711,1017.39,1.0609,technical,"(""MetzgerSM's OP 3"", 'German Dump Mini Pack 3')"
282172,1364.66,1.0609,technical,"('[Extra-2] Heregoesnothin', 'Lofty Dump Minipack 3 (Xclusive Edition)')"
282110,1237.72,1.0608,technical,"('Third Eyer!', 'Lofty Dump MiniPack')"
327867,1273.58,1.0603,technical,"('Barbie Girl', ""Vela's Velato v2 - Escape From Reality"")"
354685,928.2,1.0602,technical,"(""CAN'T STOP NOW"", 'Valedumps 4')"
255637,1228.73,1.0601,technical,"('Temporary', 'cesspool of ribal 2')"
323185,1036.88,1.0601,technical,"('Call Me, Beep Me (If You Wanna Reap Me)', 'Valedumps 3 (Route B)')"
307146,1256.93,1.0599,technical,"('Wirtshaus Gaudi', ""Skwid's Minipack 5 (Edition)"")"
257776,1575.52,1.0598,technical,"('Crisis City', 'cesspool of ribal 4')"
323235,1240.46,1.0598,technical,"('TOXICC.', 'Valedumps 3 (Route A)')"
339388,1141.33,1.0597,technical,"('Rhythm feat. 初音ミク', 'Grape Cola 3')"
307165,1198.52,1.0596,technical,"('PUNCH MIND HAPPINESS', ""Skwid's Minipack 4 U (Big Guy Edition)"")"
255653,1222.35,1.0595,technical,"('serial experiements nut', 'cesspool of ribal 2')"
248811,1272.44,1.0594,technical,"('Destruction Armageddon', 'ale')"
269507,1391.09,1.0594,technical,"('Sonic Boom', 'Hardpain of Hell')"
262635,1222.46,1.0592,technical,"('STARSTRUCK', 'dopamine micropack')"
274856,1567.9,1.0592,technical,"('Ode to a -Redacted- [Vintage]', 'James May Minipack 6')"
285466,1492.28,1.0589,technical,"(""Emperor's New Groove"", 'Minty Fresh Pack 2')"
265996,1667.31,1.0587,technical,"('[8-XXX] Rave7', 'Stepocalypse Set 1 - Tiers')"
285529,1430.62,1.0585,technical,"('Just Like Glass', 'Minty Fresh Pack 1')"
327820,1251.53,1.0585,technical,"('My Ordinary Life', ""Vela's Velato v3 - Take Back the Falls"")"
285496,1307.2,1.0583,technical,"('Dat $tick', 'Minty Fresh Pack 1')"
261401,1178.46,1.0582,technical,"('PAPAYAPA BASS', 'D E N P A C K  D E F E N S E  F O R C E  2')"
264571,1421.86,1.0582,technical,"('ネプテューヌ☆サガして', 'Etterna Explosion Excitepack')"
327812,1190.54,1.0582,technical,"('[X-FINAL] Last Trip', ""Vela's Velato v3 - Take Back the Falls"")"
354700,1449.3,1.0582,technical,"('Flying Castle', 'Valedumps 4')"
283138,1268.48,1.0581,technical,"('Dysnomia', ""Lemon's Fruit Snacks 2"")"
315292,1682.52,1.0581,technical,"('Telephone', 'TESTOPACK')"
339355,1112.86,1.0581,technical,"('\\/\\/ aguardiente y limón %uwu%', 'Grape Cola 3')"
315258,1456.3,1.058,technical,"('* Erm, could it be a Spatiotemporal ShockWAVE Syndrome...?', 'TESTOPACK')"
251888,1492.63,1.0577,technical,"('My Dearest', 'ATTangs Dumpmix')"
258955,1148.48,1.0577,technical,"('the a la menthe', 'Community Keyboard Megapack - Volume 3 (The Lost Steps)')"
323237,1054.32,1.0577,technical,"('Rock Bottom', 'Valedumps 3 (Route A)')"
331582,1438.07,1.0577,technical,"('Paralyzer', 'Caustic_Conversion')"
321786,1334.16,1.0576,technical,"('overcomplexification', 'Timdam Snackpack 2')"
283067,1550.1,1.0575,technical,"('Get Got', ""Lemon's Panty Shots 3 - Camellia Edition"")"
323221,1195.16,1.0575,technical,"('Aulture', 'Valedumps 3 (Route A)')"
285465,1363.27,1.0574,technical,"('Shape of My Heart', 'Minty Fresh Pack 2')"
323222,1153.16,1.0574,technical,"('H.D.L.', 'Valedumps 3 (Route A)')"
315194,1545.48,1.0571,technical,"('A Site De La Rue', 'TESTOPACK')"
285414,1045.38,1.0569,technical,"('CLOUT COBAIN | CLOUT CO13A1N', 'Minty Fresh Pack 3')"
281998,1279.85,1.0566,technical,"('This is America', 'Lofty Minipack 4 (Paradise Loft)')"
315280,1337.68,1.0566,technical,"('Off with their heads', 'TESTOPACK')"
285205,1110.45,1.0564,technical,"('Carrollton', 'Minty zFarts Pack 2')"
339880,1188.96,1.0564,technical,"('Meltdown', 'Cucktech')"
285385,1003.77,1.0563,technical,"('Oops I Did it Again', 'Minty Fresh Pack 3')"
323134,1366.96,1.0561,technical,"('Pump', 'Valedumps 3 (Route B)')"
270374,1343.07,1.056,technical,"('ミュージックプレイヤー', 'Grape Cola')"
285255,1265.45,1.0558,technical,"('This is America', 'Minty zFarts Pack 2')"
285356,1173.98,1.0557,technical,"('The Great Escape', 'Minty Fresh Pack 4')"
315244,1361.09,1.0557,technical,"('DVP', 'TESTOPACK')"
285490,1287.54,1.0555,technical,"('Total Eclipse Of The Heart', 'Minty Fresh Pack 2')"
354730,1213.02,1.0555,technical,"('FUCK PLANKTON', 'Valedumps 4')"
271782,1079.78,1.0554,technical,"('The Labyrinth of Skadi', 'hi19hi19 Pack 3 - Popcorn Blast JS Buttery Snack Filez')"
290954,1283.66,1.0551,technical,"('Mmh ha ha ha', 'Nixo pack 0')"
255748,1150.52,1.0549,technical,"('Cheating is a crime', 'Celeb Dumplings (Delicious Edition)')"
323277,1318.83,1.0548,technical,"('Adabana Necromancy', 'Valedumps 2')"
282134,1305.45,1.0546,technical,"('[6-4] Rivers In The Desert', 'Lofty Dump Minipack 3 (Xclusive Edition)')"
297612,1191.95,1.0546,technical,"('Hai La Noi', 'owo tappies')"
339345,1251.19,1.0544,technical,"('Japanese Soul Brothers 35th Anniversary', 'Grape Cola 3')"
271725,1321.13,1.0541,technical,"('Staple On Smile', 'hi19hi19 Pack 5 - Streams and Memes')"
315290,1143.96,1.0539,technical,"('Live to win', 'TESTOPACK')"
255632,1386.8,1.0536,technical,"('Sakura Mirage', 'cesspool of ribal 3')"
285527,1329.01,1.0535,technical,"('Fuck ANIME', 'Minty Fresh Pack 1')"
322814,1180.77,1.0534,technical,"('Everything Went Numb', 'Untitled_unrevised')"
268285,1367.99,1.0533,technical,"('PEACE BREAKER', 'Fullerene Shift')"
268286,1535.27,1.0532,technical,"('PEACE BREAKER', 'Fullerene Shift')"
354606,1138.23,1.0529,technical,"('Feather (feat. Cise Starr & Akin)', 'Valedumps 4')"
285507,1566.73,1.0524,technical,"(""Mina's OP"", 'Minty Fresh Pack 1')"
287698,1244.62,1.0524,technical,"('Kill V. Maim', 'Monheim Feedbacker Pack')"
343763,1183.39,1.0524,technical,"('Turii～Panta rhei～', 'Celeb Dumplings 2 (I Love My Friends Edition)')"
285418,1303.86,1.0523,technical,"('Day Oh', 'Minty Fresh Pack 3')"
331531,1465.94,1.0522,technical,"('Love The Subhuman Self', 'Caustic_Conversion')"
300111,1339.39,1.0517,technical,"('ヒトガワリ', 'pink void')"
342622,1319.44,1.0514,technical,"('[5-1] B.O.B.', 'Etterna Echelon Pack')"
283534,1050.32,1.0513,technical,"('Tiger Rag', 'MarioNintendo Complete Works')"
285420,1055.55,1.0513,technical,"('Cay', 'Minty Fresh Pack 3')"
285422,1216.17,1.0512,technical,"('Paranoid Android', 'Minty Fresh Pack 3')"
287679,1156.54,1.0512,technical,"('Ibitbt', 'Monheim Feedbacker Pack')"
282158,1220.91,1.0511,technical,"('[8-1] Sola Una Volta', 'Lofty Dump Minipack 3 (Xclusive Edition)')"
285705,1504.98,1.0511,technical,"('The a la Menthe', 'Mina Minimegapack 6 (daunrealonez)')"
255697,1033.16,1.051,technical,"('cold weather', 'Certified Hood Classics')"
282169,1154.99,1.0505,technical,"('[6-3] Get Ready 2 Rokk', 'Lofty Dump Minipack 3 (Xclusive Edition)')"
343799,1146.48,1.0505,technical,"('Panic', 'Celeb Dumplings 2 (I Love My Friends Edition)')"
268282,1451.76,1.0504,technical,"('おこちゃま戦争', 'Fullerene Shift')"
323266,1099.11,1.0502,technical,"('Bossfight Afterparty', 'Valedumps 3 (Route A)')"
353062,1181.91,1.05,technical,"('Reality', 'Kazye Minipack 2')"
263184,1146.44,1.0499,technical,"('Cest What', 'DZ files 1 - FFR Converts')"
285378,1396.4,1.0499,technical,"('Involuntary Doppelganger', 'Minty Fresh Pack 3')"
255626,1294.49,1.0498,technical,"('Tokyo Ghetto', 'cesspool of ribal 3')"
282128,1269.64,1.0498,technical,"('[9-4] Dim All the Headlights', 'Lofty Dump Minipack 3 (Xclusive Edition)')"
285432,1280.76,1.0498,technical,"('Waka Laka', 'Minty Fresh Pack 3')"
285317,1191.08,1.0497,technical,"('Suite-Pee', 'Minty Fresh Pack 4')"
287676,1117.4,1.0497,technical,"('Elvis', 'Monheim Feedbacker Pack')"
261972,1471.1,1.0495,technical,"('Not Okay', ""DumpAss Dude's Dream"")"
331542,1257.95,1.0495,technical,"('Backseat Freestyle', 'Caustic_Conversion')"
261947,1313.82,1.0494,technical,"('flower of wilderness', ""DumpAss Dude's Dream"")"
285526,1367.5,1.0493,technical,"('I Kissed A Girl', 'Minty Fresh Pack 1')"
256732,1102.3,1.049,technical,"('Radioactive', ""Bunch of Files You Probably Don't Have 3"")"
285298,1247.31,1.049,technical,"('Memorial Story', 'Minty Fresh Pack 4')"
285333,1441.29,1.049,technical,"('Terra Promessa', 'Minty Fresh Pack 4')"
285367,1408.31,1.049,technical,"('Happy Screaming Night Business Man', 'Minty Fresh Pack 3')"
285456,1238.9,1.049,technical,"('Cuatro Babys', 'Minty Fresh Pack 2')"
289039,1087.61,1.049,technical,"('Fatal Tragedy', 'ODIPack3')"
285207,1252.34,1.0489,technical,"('Super Soaker', 'Minty zFarts Pack 2')"
285534,1253.12,1.0489,technical,"('Your 10%', 'Minty Fresh Pack 1')"
307083,1148.46,1.0488,technical,"('Get Jinxed V2', ""Skwid's Minipack 9 (Anchor Edition)"")"
327868,1365.66,1.0488,technical,"('HOT DRUM', ""Vela's Velato v2 - Escape From Reality"")"
354639,754.37,1.0488,technical,"('For Free (Interlude)', 'Valedumps 4')"
285679,1234.33,1.0487,technical,"(""Baby I'm Yours (feat. Irfane)"", 'Mina Minimegapack 6 (daunrealonez)')"
250569,1169.07,1.0485,technical,"('Overdrive', 'Anime Sucks Ass 1')"
285522,1259.59,1.0484,technical,"('Thank You', 'Minty Fresh Pack 1')"
316983,1109.3,1.0483,technical,"('Syytön', 'Suomi 101')"
323246,1046.35,1.0483,technical,"('82.99 F.M', 'Valedumps 3 (Route A)')"
331595,1359.01,1.0483,technical,"('Credits', 'Caustic_Conversion')"
285404,1263.26,1.0482,technical,"('Inferno', 'Minty Fresh Pack 3')"
317387,1106.03,1.0482,technical,"('Beautiful World', 'STEP_PROJECT')"
270363,1299.16,1.0481,technical,"('Zenmai Koidokei', 'Grape Cola 2')"
270395,1077.99,1.0481,technical,"('Hysteric Night Girl', 'Grape Cola')"
261396,1073.34,1.048,technical,"('Stalemate!', 'D E N P A C K  D E F E N S E  F O R C E  2')"
343794,983.15,1.048,technical,"('四季ノ唄', 'Celeb Dumplings 2 (I Love My Friends Edition)')"
280767,1170.41,1.0479,technical,"('Eiden', 'Jumpstream Of Fighters Vol. 2')"
331782,808.92,1.0479,technical,"('Poolside Identity', 'the Leftovers 3')"
270377,1492.04,1.0478,technical,"('Doom Butterfly', 'Grape Cola')"
299445,1549.04,1.0478,technical,"('UNDICI', 'Project Alpha')"
307379,1298.68,1.0474,technical,"('ReviXy', ""Ska-Cola Machin'"")"
323281,1105.38,1.0474,technical,"('POP/STARS (feat. Jaira Burns)', 'Valedumps 2')"
281986,1213.22,1.0473,technical,"('I Like It', 'Lofty Minipack 4 (Paradise Loft)')"
339331,1382.34,1.0473,technical,"('F Song', 'Grape Cola 3')"
285314,1140.96,1.0472,technical,"('Replay', 'Minty Fresh Pack 4')"
285694,1371.5,1.0472,technical,"('Faster', 'Mina Minimegapack 6 (daunrealonez)')"
262644,1642.66,1.0469,technical,"('b_omori_04', 'dopamine micropack')"
285504,1286.5,1.0469,technical,"('Feels Good', 'Minty Fresh Pack 1')"
337980,1226.86,1.0469,technical,"('overtiem.', '.ricetoasted')"
282153,1104.31,1.0468,technical,"('[3-2] Sanctuary v2', 'Lofty Dump Minipack 3 (Xclusive Edition)')"
283184,1298.56,1.0468,technical,"('FUEL TANK', ""Lemon's Fruit Snacks"")"
323270,1285.25,1.0468,technical,"('El Scorcho', 'Valedumps 3 (Route A)')"
285537,1435.77,1.0466,technical,"(""Skwid's OP"", 'Minty Fresh Pack 1')"
263159,1245.72,1.0465,technical,"('Remote Control', ""DZ files 2 - Dumps n' Stuff"")"
323318,1055.5,1.0465,technical,"('Moonlight', 'Valedumps 2')"
327832,1448.9,1.0465,technical,"(""She's Hearing Voices"", ""Vela's Velato v3 - Take Back the Falls"")"
322661,1099.09,1.0463,technical,"('遭難', 'Grape Cola 3')"
354698,910.66,1.0463,technical,"('burbank house', 'Valedumps 4')"
282087,1201.16,1.0462,technical,"('Brown Eyes', 'Lofty Dump MiniPack 2')"
261954,1045.0,1.0459,technical,"('Beyond this speed', ""DumpAss Dude's Dream"")"
331534,1106.74,1.0459,technical,"('Welcome to....', 'Caustic_Conversion')"
249320,1381.42,1.0458,technical,"('Euphoria', 'Acerola')"
285308,1090.59,1.0458,technical,"('Cha-Cha-Cha', 'Minty Fresh Pack 4')"
285500,1246.69,1.0457,technical,"(""Lofty's Ending"", 'Minty Fresh Pack 1')"
285674,1227.11,1.0455,technical,"('New steppers inner monologue OP', 'Mina Minimegapack 6 (daunrealonez)')"
285739,1569.3,1.0455,technical,"('Je Vais Vite v2', 'Mina Minimegapack 4')"
307181,1417.87,1.0455,technical,"('Mystery File', ""Skwid's Minipack 3 (Metamemes And More Anime Edition)"")"
253942,1186.86,1.0454,technical,"('The Great Escape', 'Breakcore Princess')"
309218,1074.58,1.0452,technical,"('Flamenco House', 'SMOC EXTRA')"
285316,1149.57,1.0445,technical,"('The Thrill', 'Minty Fresh Pack 4')"
260924,963.01,1.0444,technical,"('My Ummah, Dawn Has Appeared', 'Crazy Culinary Revolutions')"
283205,1244.42,1.0444,technical,"('Wilt', ""Lemon's Fruit Snacks"")"
285364,1388.45,1.0444,technical,"(""I'm So Excited"", 'Minty Fresh Pack 4')"
328756,1273.01,1.0444,technical,"('Exam Cram', 'Yolomania Vol. 1')"
323174,1234.25,1.044,technical,"('ULTRAnumb', 'Valedumps 3 (Route B)')"
285225,1337.54,1.0439,technical,"('Evacuate The Dancefloor', 'Minty zFarts Pack 2')"
331577,1048.27,1.0439,technical,"('Only You', 'Caustic_Conversion')"
283144,1327.03,1.0436,technical,"('Adcar', ""Lemon's Fruit Snacks 2"")"
261977,1214.69,1.0434,technical,"('8bit Voyager', ""DumpAss Dude's Dream"")"
281974,1167.94,1.0434,technical,"('Havana (Remix)', 'Lofty Minipack 4 (Paradise Loft)')"
323315,1080.24,1.0434,technical,"('And Then We Kiss', 'Valedumps 2')"
282105,1126.97,1.0433,technical,"(""Somebody's Watching Me"", 'Lofty Dump MiniPack')"
285338,1235.85,1.0433,technical,"('The Call of the Mountains', 'Minty Fresh Pack 4')"
285382,998.3,1.0433,technical,"('Newsflash!', 'Minty Fresh Pack 3')"
342601,1460.45,1.0432,technical,"('[5-5] chaser', 'Etterna Echelon Pack')"
281985,1404.17,1.0431,technical,"('Tekka', 'Lofty Minipack 4 (Paradise Loft)')"
285389,1139.09,1.0431,technical,"('Feathers', 'Minty Fresh Pack 3')"
333350,1083.37,1.0429,technical,"('エイリアンエイリアン (Nhato Remix)', '#774 Etterna Explosion Excitepack')"
255643,1072.09,1.0428,technical,"('Bang Bang', 'cesspool of ribal 2')"
285510,1320.2,1.0427,technical,"(""Midare's OP"", 'Minty Fresh Pack 1')"
255734,1233.94,1.0426,technical,"('MUKANJYO', 'Celeb Dumplings (Delicious Edition)')"
282092,1211.44,1.0426,technical,"('Confessions', 'Lofty Dump MiniPack')"
307125,1205.38,1.0426,technical,"('Nothing Special', ""Skwid's Minipack 6 (Cute Anime Edition)"")"
280611,1534.18,1.0425,technical,"('cats meowing', ""Kaiten's dumbstream pack 3"")"
261854,1379.83,1.0424,technical,"('video game lover vs. hydraulic press', ""DumpAss Dude's Dream 2"")"
270391,1286.65,1.0424,technical,"('Walkie Talkie Man', 'Grape Cola')"
328086,1352.55,1.0424,technical,"('Tower of Heaven (You Are Slaves)', 'Z.Speed Training For SM Vol.1')"
270094,871.22,1.0421,technical,"('Hero', 'Gundam-Dude Simfiles III')"
343802,1284.21,1.0421,technical,"('Daisuke', 'Celeb Dumplings 2 (I Love My Friends Edition)')"
323249,1521.51,1.042,technical,"('Emerald Sword', 'Valedumps 3 (Route A)')"
343788,1214.41,1.042,technical,"('Chewingood!!!', 'Celeb Dumplings 2 (I Love My Friends Edition)')"
285438,1294.17,1.0419,technical,"('Adieu', 'Minty Fresh Pack 2')"
257296,1402.12,1.0418,technical,"('Odd22', 'Choof Originals')"
290623,1294.96,1.0418,technical,"(""The Battle of Lil' Slugger (Ch 1 Boss Extended Cut) (250bpm)"", 'Nuclear Blast JS Awesome Bomb Filez 5')"
254610,1146.96,1.0415,technical,"('Alright', 'Blos Pack 5')"
307074,1133.81,1.0415,technical,"('Jumbo Fruit Parfait DX', ""Skwid's Minipack 9 (Anchor Edition)"")"
323151,1188.08,1.0415,technical,"(""AMY'S GRAVE"", 'Valedumps 3 (Route B)')"
282094,1173.33,1.0414,technical,"('Colors', 'Lofty Dump MiniPack')"
323348,1099.2,1.0414,technical,"('Aogashima Island !', 'Valedumps')"
268280,1236.24,1.0411,technical,"('Hades In The Heaven', 'Fullerene Shift')"
259841,1246.3,1.041,technical,"('Great Distance', 'Definitely Not Denpack')"
285475,1541.68,1.0408,technical,"('zVatstep dsp (edition)', 'Minty Fresh Pack 2')"
255646,1179.52,1.0407,technical,"('Dogfight', 'cesspool of ribal 2')"
281994,1451.06,1.0407,technical,"('QUIT', 'Lofty Minipack 4 (Paradise Loft)')"
285493,1222.14,1.0407,technical,"('Runaway', 'Minty Fresh Pack 1')"
339893,1256.75,1.0407,technical,"('Sex Bomb', 'Cucktech')"
282013,1106.32,1.0406,technical,"('Dikhava Pro Sume', 'Lofty Minipack 4 (Paradise Loft)')"
285358,1432.68,1.0405,technical,"('مثلث الالم', 'Minty Fresh Pack 4')"
261951,1286.58,1.0404,technical,"('周大侠', ""DumpAss Dude's Dream"")"
257794,1277.12,1.0402,technical,"('Lights Out', 'cesspool of ribal 4')"
323224,1111.05,1.0402,technical,"('ARCHON', 'Valedumps 3 (Route A)')"
338888,1274.78,1.0402,technical,"('electro world', 'Polarin Pack 3')"
285387,1100.8,1.0401,technical,"('Doing It', 'Minty Fresh Pack 3')"
285429,1146.42,1.0401,technical,"('Goodnight Moon', 'Minty Fresh Pack 3')"
343801,1136.95,1.04,technical,"('黒髪乱れし修羅となりて', 'Celeb Dumplings 2 (I Love My Friends Edition)')"
261461,1180.38,1.0397,technical,"('psychology', 'Demise')"
315201,1282.38,1.0397,technical,"('Daisy', 'TESTOPACK')"
333446,1082.52,1.0396,technical,"('センチメートル', '#774 Etterna Explosion Excitepack')"
255719,1342.67,1.0395,technical,"('Heck Tech', 'Certified Hood Classics')"
249343,982.94,1.0391,technical,"('An Invocation and a Curse', 'Acerola')"
290998,1295.94,1.0391,technical,"('it has to be this way', 'Nightcore Also Sucks Ass')"
328683,1095.86,1.0391,technical,"('Technodildo', 'Yolomania Vol. 2')"
282063,1309.46,1.039,technical,"('CAPTAIN JACK', 'Lofty Minipack 3')"
285532,1194.69,1.039,technical,"('The Sound', 'Minty Fresh Pack 1')"
286263,1163.75,1.039,technical,"('Epileptic Crisis', 'Memories of Flower')"
307373,1300.18,1.039,technical,"('DX超性能フルメタル少女', ""Ska-Cola Machin'"")"
250514,1346.6,1.0389,technical,"('The Rumbling', 'Anime Sucks Ass  3')"
254162,1164.66,1.0388,technical,"('The Riddle', 'boiled egg')"
321842,1590.65,1.0388,technical,"('Sakura Fubuki', 'timdam snackpack')"
285227,1211.33,1.0387,technical,"('Aa-Shuu Dekei-Oo', 'Minty zFarts Pack 2')"
323242,1015.68,1.0387,technical,"('Trouble Maker', 'Valedumps 3 (Route A)')"
282005,1199.4,1.0386,technical,"('Guilty', 'Lofty Minipack 4 (Paradise Loft)')"
285219,1251.83,1.0386,technical,"('ΓΙΑ ΔΕΣ ΠΟI Α ΜI ΛΑΕΙ', 'Minty zFarts Pack 2')"
255672,1204.14,1.0385,technical,"('PAM!!!', 'Certified Hood Classics')"
282033,1431.78,1.0385,technical,"('La Consentida', 'Lofty Minipack 3')"
354704,1228.84,1.0385,technical,"('DIST SQUAD', 'Valedumps 4')"
323225,1128.68,1.0384,technical,"('Aloe Lite', 'Valedumps 3 (Route A)')"
328486,1204.04,1.0384,technical,"('Mittens Is Angry', 'Yolomania Vol. 4')"
253938,1171.86,1.0383,technical,"('Forgotten', 'Breakcore Princess')"
259843,1205.34,1.0383,technical,"('Asa Iro no Kami Hikouki', 'Definitely Not Denpack')"
270336,1378.08,1.0383,technical,"(""true DJ MAG top ranker's song 前編 (かたぎり Remix)"", 'Grape Cola 2')"
282017,1284.19,1.0381,technical,"('Call Me Maybe', 'Lofty Minipack 4 (Paradise Loft)')"
255617,1120.57,1.0379,technical,"('A Dream', 'cesspool of ribal 3')"
257588,1118.53,1.0378,technical,"('miles away', 'Charting Secret Santa 2022')"
270347,1201.58,1.0377,technical,"('Ungrateful', 'Grape Cola 2')"
285391,1234.89,1.0377,technical,"('ЦΣЛУЙ МΣНЯ', 'Minty Fresh Pack 3')"
327858,1429.26,1.0377,technical,"('Libre', ""Vela's Velato v2 - Escape From Reality"")"
285443,1266.12,1.0376,technical,"('Chill Bill', 'Minty Fresh Pack 2')"
285484,1238.13,1.0376,technical,"('Los Vino', 'Minty Fresh Pack 2')"
327819,1561.6,1.0376,technical,"('Makiba', ""Vela's Velato v3 - Take Back the Falls"")"
323365,1532.64,1.0375,technical,"('Wriggle', 'Valedumps')"
285514,1278.77,1.0369,technical,"('Drop & Gimmie 50', 'Minty Fresh Pack 1')"
281976,1254.78,1.0368,technical,"('Bailando', 'Lofty Minipack 4 (Paradise Loft)')"
285561,1526.08,1.0367,technical,"('Gekiai no Yobigoe ga Dekiai no Kyougoe wo Kurau.', 'MintApril Extents')"
282014,1202.36,1.0365,technical,"('So Summer', 'Lofty Minipack 4 (Paradise Loft)')"
315192,1434.25,1.0365,technical,"('Iris', 'TESTOPACK')"
270400,1389.33,1.0364,technical,"('Ring My Bell', 'Grape Cola')"
285228,1478.41,1.0363,technical,"('The Big Black', 'Minty zFarts Pack 2')"
342801,1063.38,1.0362,technical,"('679', 'interesting files i found in my discord dms')"
250512,1401.65,1.0361,technical,"('Asereje nightcore', 'Anime Sucks Ass  3')"
285337,1182.11,1.0361,technical,"('Parting Gift', 'Minty Fresh Pack 4')"
304263,981.21,1.0361,technical,"('Karn Evil 9 (2nd Impression)', ""Scintill's Minipack 3"")"
282164,1282.6,1.036,technical,"('[5-2] RINKAKU', 'Lofty Dump Minipack 3 (Xclusive Edition)')"
307094,1293.29,1.036,technical,"('Cutie Puffs', ""Skwid's Minipack 8 (Ok Here It Is Edition)"")"
327796,1288.23,1.036,technical,"('CANDY CANDY', ""Vela's Velato v3 - Take Back the Falls"")"
339868,1132.53,1.036,technical,"('Candy', 'Cucktech')"
285969,1556.2,1.0352,technical,"(""MinaciousGrace's OP"", 'midare megapack 5')"
259848,1298.02,1.0351,technical,"('Bassdrop Freaks', 'Definitely Not Denpack')"
317389,1289.27,1.0351,technical,"('Identity', 'STEP_PROJECT')"
307184,1257.86,1.035,technical,"('EDM Sex Machine', ""Skwid's Minipack 3 (Metamemes And More Anime Edition)"")"
255739,1138.48,1.0349,technical,"(""I'm so Happy"", 'Celeb Dumplings (Delicious Edition)')"
282077,1417.53,1.0349,technical,"('The Throne', 'Lofty Dump MiniPack 2')"
283130,1436.55,1.0349,technical,"('ANGEL OF SALVATION', ""Lemon's Fruit Snacks 2"")"
282145,1209.77,1.0347,technical,"('Arde Papi', 'Lofty Dump Minipack 3 (Xclusive Edition)')"
299255,1355.61,1.0346,technical,"('Fathom Infinite Depth', 'Purple Paradise')"
255652,996.55,1.0345,technical,"('Castles in the Sky (Kt rmx 2006)', 'cesspool of ribal 2')"
307102,1059.04,1.0345,technical,"('Aozora no Rhapsody', ""Skwid's Minipack 8 (Ok Here It Is Edition)"")"
323282,1303.72,1.0345,technical,"('Agony', 'Valedumps 2')"
323204,1165.69,1.0344,technical,"('A Song Called Clive Barker', 'Valedumps 3 (Route A)')"
285489,1356.29,1.0342,technical,"('Hung Up', 'Minty Fresh Pack 2')"
323171,1645.11,1.0342,technical,"('Determinator', 'Valedumps 3 (Route B)')"
354687,1216.45,1.0342,technical,"('AVE DE RAPINA', 'Valedumps 4')"
250521,1288.6,1.0341,technical,"('18', 'Anime Sucks Ass  3')"
281989,1187.7,1.0341,technical,"('Love is a Sudden', 'Lofty Minipack 4 (Paradise Loft)')"
271734,1122.45,1.034,technical,"('Final Battle', 'hi19hi19 Pack 5 - Streams and Memes')"
282034,1224.01,1.0338,technical,"('Ben Sana Vurgunum', 'Lofty Minipack 3')"
343573,1229.4,1.0338,technical,"('Moves Like Jagger', 'Volvo Gaming Pack 3')"
282132,1288.16,1.0333,technical,"('[7-2] 2econd-2ight-2eer (that was fun, goodbye.)', 'Lofty Dump Minipack 3 (Xclusive Edition)')"
285540,1249.0,1.0333,technical,"('Cicadidae', 'Minty Fresh Pack 1')"
261875,1203.93,1.0332,technical,"('po svoje', ""DumpAss Dude's Dream 2"")"
354674,1147.18,1.0331,technical,"('Dubidubidu', 'Valedumps 4')"
285677,1167.87,1.033,technical,"('Hard Times', 'Mina Minimegapack 6 (daunrealonez)')"
331594,1352.95,1.033,technical,"('Flying High', 'Caustic_Conversion')"
321780,1153.15,1.0329,technical,"('Tokyo Drift', 'Timdam Snackpack 2')"
301045,1128.01,1.0327,technical,"('Ebin', 'P3Pack1')"
261421,1281.81,1.0326,technical,"('Sleep!', 'D E N P A C K  D E F E N S E  F O R C E  2')"
270353,1293.27,1.0325,technical,"('Heavens Gate', 'Grape Cola 2')"
323131,1279.22,1.0322,technical,"('Magical Energy makes the Craziest Strongest Quality! Magical-Audio No.1!', 'Valedumps 3 (Route B)')"
323295,1167.97,1.0321,technical,"('Master Exploder', 'Valedumps 2')"
344340,1359.97,1.032,technical,"('Adcar', ""Pizza69's Slices of Heaven Megapack"")"
283194,1277.93,1.0318,technical,"('Cutie Panther (Momora EUROBEAT Remix)', ""Lemon's Fruit Snacks"")"
285486,1185.85,1.0318,technical,"('Ce s a intamplat cu noi', 'Minty Fresh Pack 2')"
307140,1178.87,1.0317,technical,"('Night Witches', ""Skwid's Minipack 5 (Edition)"")"
261937,1078.61,1.0315,technical,"('hectopascal', ""DumpAss Dude's Dream"")"
285355,1134.09,1.0315,technical,"('SOPPY', 'Minty Fresh Pack 4')"
257788,1159.54,1.0314,technical,"('HERE IT COMES THE SUN', 'cesspool of ribal 4')"
323166,1043.52,1.0314,technical,"('ＭＩＮＩ ＭＡＬＬ', 'Valedumps 3 (Route B)')"
323219,1610.06,1.0314,technical,"('イリヤイリヤ', 'Valedumps 3 (Route A)')"
261910,1295.67,1.0313,technical,"(""What's new Scooby-Doo?"", ""DumpAss Dude's Dream 2"")"
280753,1321.61,1.0313,technical,"('Live Nor Die', 'Jumpstream Of Fighters Vol. 2')"
342898,1406.98,1.0313,technical,"('Kuchizuke Diamond', 'interesting files i found in my discord dms')"
323150,1061.57,1.0312,technical,"('Touch Off', 'Valedumps 3 (Route B)')"
343766,1096.74,1.0312,technical,"('The Finer Things', 'Celeb Dumplings 2 (I Love My Friends Edition)')"
282022,1097.39,1.031,technical,"('Here In My Arms', 'Lofty Minipack 4 (Paradise Loft)')"
329851,1303.82,1.031,technical,"('Craziness Age', ""XingRen's Megapack vol.2"")"
367776,1280.82,1.031,technical,"('Sendan Life', ""Vela's Velato"")"
282021,1147.38,1.0309,technical,"('K Chertu Lybov', 'Lofty Minipack 4 (Paradise Loft)')"
264866,1574.52,1.0305,technical,"('Aim BURST', 'Fennec Fallacy')"
323297,1145.92,1.0302,technical,"('New Patek', 'Valedumps 2')"
285447,1443.63,1.03,technical,"('Slovaci Oziju', 'Minty Fresh Pack 2')"
331574,1251.2,1.03,technical,"('Bloody Mary, Kate And Ashley', 'Caustic_Conversion')"
285173,1271.91,1.0299,technical,"('Inferno', 'Miracle Streamz')"
281995,1168.67,1.0298,technical,"('Hanging Garden of Clockwork', 'Lofty Minipack 4 (Paradise Loft)')"
271853,1125.53,1.0297,technical,"(""You're the Best"", 'hi19hi19 Pack 2 - Dumps and Hard Stuff')"
282178,1172.7,1.0295,technical,"('[6-2] Kim', 'Lofty Dump Minipack 3 (Xclusive Edition)')"
315291,1159.66,1.0295,technical,"(""Kazye's ED"", 'TESTOPACK')"
282155,1184.51,1.0293,technical,"('[4-2] Get Low', 'Lofty Dump Minipack 3 (Xclusive Edition)')"
285203,1137.67,1.0293,technical,"('Atlas', 'Minty zFarts Pack 2')"
323285,1237.78,1.0291,technical,"('BADBOY (2018)', 'Valedumps 2')"
261968,1008.19,1.029,technical,"('Scratching', ""DumpAss Dude's Dream"")"
285416,1151.89,1.029,technical,"(""Tim's OP"", 'Minty Fresh Pack 3')"
285719,1832.87,1.029,technical,"('Push it to the Limit v2', 'Mina Minimegapack 4')"
297609,1111.26,1.0289,technical,"('hot girl bummer', 'owo tappies')"
323234,1380.17,1.0288,technical,"('A Beautiful Song', 'Valedumps 3 (Route A)')"
285426,1210.96,1.0287,technical,"(""But It's Better If You Do"", 'Minty Fresh Pack 3')"
288891,860.69,1.0285,technical,"('Luna Clock', 'ODI2 Solo Conversions')"
357982,1138.98,1.0284,technical,"('Dat Phonk', 'Demure Dumps')"
265995,1205.71,1.0283,technical,"('Rave7', 'FFR Community Pack Winter 2011')"
285411,1154.46,1.0283,technical,"('Mount St. Helens is about to Blow Up.', 'Minty Fresh Pack 3')"
253939,1008.82,1.0282,technical,"('Swamp Thing', 'Breakcore Princess')"
323363,1308.31,1.028,technical,"('Chirality', 'Valedumps')"
285673,1150.72,1.0279,technical,"('Moi... Lolita', 'Mina Minimegapack 6 (daunrealonez)')"
307073,1185.38,1.0279,technical,"('A E I U E O Ao!', ""Skwid's Minipack 9 (Anchor Edition)"")"
307141,1196.8,1.0279,technical,"('Virtue and Vice', ""Skwid's Minipack 5 (Edition)"")"
307152,1197.51,1.0276,technical,"('Koi no Twinkle Dance', ""Skwid's Minipack 5 (Edition)"")"
315268,2043.31,1.0276,technical,"('Death Waltz', 'TESTOPACK')"
354602,1128.79,1.0275,technical,"('Hito mania', 'Valedumps 4')"
261872,1268.98,1.0274,technical,"('Baby', ""DumpAss Dude's Dream 2"")"
285508,1193.02,1.0273,technical,"('Lone Digger', 'Minty Fresh Pack 1')"
350545,1291.8,1.0273,technical,"('El Fujiyama en llamas', 'Psychotic Dumps')"
271732,623.57,1.0272,technical,"('Synchronized Hearts', 'hi19hi19 Pack 5 - Streams and Memes')"
285476,1275.93,1.0272,technical,"('Itsuwaranai Kimi e', 'Minty Fresh Pack 2')"
282150,1138.44,1.0271,technical,"('[3-1] Hero (feat. LMNOP)', 'Lofty Dump Minipack 3 (Xclusive Edition)')"
323209,1029.41,1.0271,technical,"('Lucky People', 'Valedumps 3 (Route A)')"
318610,1294.15,1.027,technical,"('Hakkensha wa Watashi', 'Treat Minipack 1')"
344368,1097.36,1.027,technical,"('Duvet', 'Packful of Hollow')"
271726,757.88,1.0269,technical,"('Dragonsbane', 'hi19hi19 Pack 5 - Streams and Memes')"
285473,1296.34,1.0268,technical,"('Veo srece', 'Minty Fresh Pack 2')"
341633,1195.15,1.0266,technical,"('on & on', 'This Could Have Been Your Pack')"
285238,1177.19,1.0264,technical,"('Superstar', 'Minty zFarts Pack 2')"
285495,1439.24,1.0264,technical,"('Paradise', 'Minty Fresh Pack 1')"
323341,1147.29,1.0264,technical,"('Omen', 'Valedumps')"
285498,1219.31,1.0263,technical,"('Nerde', 'Minty Fresh Pack 1')"
264886,1160.93,1.0262,technical,"('Balalaika', 'Fennec Fallacy')"
285521,1213.24,1.0262,technical,"('Flash in the Night', 'Minty Fresh Pack 1')"
285286,1221.93,1.0261,technical,"('Dragostea Din Tei', 'Minty zFarts Pack 1')"
285989,1561.23,1.0258,technical,"(""samt0rx's OP"", 'midare megapack 4')"
285155,1311.17,1.0257,technical,"('Sakura Fubuki', 'Miracle Streamz^2')"
307075,1129.42,1.0257,technical,"('Halloween of the Dead II', ""Skwid's Minipack 9 (Anchor Edition)"")"
260828,1618.83,1.0256,technical,"('Cigaro', ""'cunt"")"
271701,1514.88,1.0255,technical,"('Overture', 'hi19hi19 Pack 5 - Streams and Memes')"
304277,1044.42,1.0254,technical,"('Muffin Man', ""Scintill's Minipack 3"")"
354636,900.89,1.0253,technical,"('Dynasties & Dystopia', 'Valedumps 4')"
285408,1530.6,1.0252,technical,"('zz402 BPM Practice', 'Minty Fresh Pack 3')"
285684,1323.16,1.0252,technical,"(""It's Raining Men"", 'Mina Minimegapack 6 (daunrealonez)')"
328436,1193.6,1.0252,technical,"('Odoru Mizushibuki', 'Yolomania Vol. 4')"
307122,1209.2,1.0251,technical,"('Tenkyou no Alderamin', ""Skwid's Minipack 7 (Assault Edition)"")"
281999,1293.13,1.025,technical,"('Tendon', 'Lofty Minipack 4 (Paradise Loft)')"
285361,1258.68,1.025,technical,"('YELLOW', 'Minty Fresh Pack 4')"
285423,1218.33,1.025,technical,"('I Will Survive', 'Minty Fresh Pack 3')"
331573,1171.72,1.0248,technical,"('Glimpse of Us', 'Caustic_Conversion')"
282000,1085.8,1.0247,technical,"('Bolnavi Amandoi', 'Lofty Minipack 4 (Paradise Loft)')"
327792,1101.62,1.0247,technical,"('Soda City Funk', ""Vela's Velato v3 - Take Back the Falls"")"
283188,1477.29,1.0245,technical,"('Can You Feel My Heart', ""Lemon's Fruit Snacks"")"
328674,1005.76,1.0244,technical,"('Guitars Still Suck', 'Yolomania Vol. 2')"
342810,1400.74,1.0244,technical,"('Roy', 'interesting files i found in my discord dms')"
285339,1125.73,1.0243,technical,"('Last Surprise', 'Minty Fresh Pack 4')"
285452,1416.29,1.0243,technical,"('Swing', 'Minty Fresh Pack 2')"
264864,1026.17,1.0239,technical,"('Dirt On Me', 'Fennec Fallacy')"
282154,1270.39,1.0237,technical,"('[8-3] Ben Aptal Miyim', 'Lofty Dump Minipack 3 (Xclusive Edition)')"
302180,1348.62,1.0236,technical,"('[5-6] Friday', 'Rebound Dump Collection Megapack II')"
323233,966.4,1.0236,technical,"('Gone', 'Valedumps 3 (Route A)')"
262491,1282.17,1.0235,technical,"(""[SPECIAL-5]11brendon's OP"", ""DourGent's Minipack"")"
339382,1198.08,1.0232,technical,"('完全放棄宣言', 'Grape Cola 3')"
354661,1242.89,1.0231,technical,"('Bozo bozo bozo', 'Valedumps 4')"
253615,1103.14,1.0228,technical,"('Yatta!', 'Bad.End')"
285318,1120.02,1.0228,technical,"('Funiculi Funicula', 'Minty Fresh Pack 4')"
250518,1137.05,1.0226,technical,"('SEVENTEEN', 'Anime Sucks Ass  3')"
285250,1455.91,1.0225,technical,"('Reluctantly Accepting Temporary Overexhaustion', 'Minty zFarts Pack 2')"
328451,1135.79,1.0225,technical,"('Ice Cage', 'Yolomania Vol. 4')"
261414,1153.09,1.0224,technical,"('Cupid Review', 'D E N P A C K  D E F E N S E  F O R C E  2')"
316948,1264.23,1.0224,technical,"('Ashita wa Atashi no Kaze ga Fuku', 'Suomi 101')"
285386,1276.31,1.0223,technical,"('ieuD', 'Minty Fresh Pack 3')"
281990,1364.62,1.0222,technical,"('Fuego (Sakuraburst Remix)', 'Lofty Minipack 4 (Paradise Loft)')"
250565,1206.85,1.0221,technical,"('Brave Heart (tri.Version)', 'Anime Sucks Ass 1')"
259846,1168.77,1.022,technical,"('The Clockwork Rose -Tokei Shikake no Bara Shoujo-', 'Definitely Not Denpack')"
285313,1200.69,1.022,technical,"('Bat Country', 'Minty Fresh Pack 4')"
272651,1361.18,1.0219,technical,"(""aCiiiii's OP"", 'Hard Songs Megapack Volume 7')"
307145,1138.87,1.0219,technical,"('Fear The Fear', ""Skwid's Minipack 5 (Edition)"")"
282086,1273.37,1.0217,technical,"('Day Oh', 'Lofty Dump MiniPack 2')"
285544,1234.92,1.0217,technical,"('Hallelujah', 'Minty Fresh Pack 1')"
285712,1280.67,1.0217,technical,"('Spente Le Stelle', 'Mina Minimegapack 6 (daunrealonez)')"
327817,1476.71,1.0216,technical,"('Alice is Sweet', ""Vela's Velato v3 - Take Back the Falls"")"
255738,1098.4,1.0215,technical,"('Higurashi no Naku Koro Ni', 'Celeb Dumplings (Delicious Edition)')"
285241,1179.32,1.0215,technical,"('Delfino Plaza', 'Minty zFarts Pack 2')"
329993,1319.77,1.0214,technical,"('American Psycho', 'Xayy Lmao Mixtape (Feat. Chill Pill)')"
261840,1253.79,1.0213,technical,"('Throwdown', 'Dump Parade')"
261955,1244.58,1.0213,technical,"('Astronomia (鬼火少年)', ""DumpAss Dude's Dream"")"
323172,1045.33,1.0213,technical,"('LOSER', 'Valedumps 3 (Route B)')"
261956,1097.6,1.0212,technical,"('青鳥銜風', ""DumpAss Dude's Dream"")"
270381,1478.95,1.0212,technical,"('大地の閾を探して', 'Grape Cola')"
285427,1017.27,1.0212,technical,"('Night Sky', 'Minty Fresh Pack 3')"
323306,1218.29,1.0212,technical,"('YOU FUCKERS WERE ASKING FOR THIS ONE', 'Valedumps 2')"
285369,1115.02,1.021,technical,"('Stork', 'Minty Fresh Pack 3')"
285543,1345.37,1.021,technical,"('Do You Feel It', 'Minty Fresh Pack 1')"
322903,979.48,1.021,technical,"('Shin sekai', 'Untitled Stepmania Pack')"
285711,1065.0,1.0209,technical,"('Run Away With Me', 'Mina Minimegapack 6 (daunrealonez)')"
307153,1224.44,1.0209,technical,"(""Sailor's Prayer"", ""Skwid's Minipack 5 (Edition)"")"
323286,1230.61,1.0208,technical,"('Enigmatic Feeling', 'Valedumps 2')"
323339,1035.37,1.0208,technical,"('Out of It (Phizicist Remix)', 'Valedumps')"
280594,1667.31,1.0207,technical,"('Everlasting 2x speed', ""Kaiten's dumbstream pack 4"")"
302671,1554.62,1.0203,technical,"(""Trouble Kuroneko Man'yuuki"", 'Russian Underground')"
285331,1242.3,1.0201,technical,"('h e y   y a !', 'Minty Fresh Pack 4')"
264141,1235.16,1.02,technical,"('Urashima Effect', 'Elexon')"
307113,1147.27,1.02,technical,"('Middle Fingers Up', ""Skwid's Minipack 7 (Assault Edition)"")"
282003,1197.51,1.0199,technical,"('Watch', 'Lofty Minipack 4 (Paradise Loft)')"
288972,972.27,1.0199,technical,"('Do It This Way', 'ODIPack3')"
342594,1013.17,1.0199,technical,"('[2-5] Like A Man', 'Etterna Echelon Pack')"
317094,1074.79,1.0198,technical,"('Get Your Game On', 'Suomi 100.5')"
287694,1097.64,1.0196,technical,"('munou', 'Monheim Feedbacker Pack')"
255744,1260.7,1.0195,technical,"('ENERGY SYNERGY MATRIX', 'Celeb Dumplings (Delicious Edition)')"
285366,1130.94,1.0194,technical,"('Six Feet Deep (feat. Neoni)', 'Minty Fresh Pack 4')"
255743,1487.3,1.0193,technical,"('CENSORED!!', 'Celeb Dumplings (Delicious Edition)')"
285778,1255.12,1.0193,technical,"(""For A Pessimist I'm Pretty Optimistic"", 'Mina Minimegapack 3')"
309046,1124.06,1.0193,technical,"('Las Avispas', 'SMOC EXTRA')"
283084,1454.07,1.0192,technical,"('Spider Dance (Camellia Remix)', ""Lemon's Panty Shots 2 - Pantiless"")"
290951,1255.71,1.0192,technical,"('Setsujou! Hyakka Ryouran', 'Nixo pack 0')"
322807,1347.17,1.0192,technical,"('Hold Angel', 'Untitled_unrevised')"
331558,1467.17,1.0192,technical,"('Mortal Kombat', 'Caustic_Conversion')"
285377,1181.85,1.0191,technical,"('Breaking Neptune', 'Minty Fresh Pack 3')"
307182,1220.86,1.0191,technical,"('Beat your Heart', ""Skwid's Minipack 3 (Metamemes And More Anime Edition)"")"
283170,1234.97,1.019,technical,"('Necrophilia', ""Lemon's Fruit Snacks"")"
285419,1134.61,1.019,technical,"('F%CK 4NIM3', 'Minty Fresh Pack 3')"
285471,1241.19,1.0189,technical,"('Feel It Still', 'Minty Fresh Pack 2')"
264807,1199.93,1.0188,technical,"('ETERNAL DRAIN', 'Fennec Fantasy')"
271661,1442.96,1.0188,technical,"('Rengoku-Purgatorium-', 'hi19hi19 Pack 6 - Long Have We Waited')"
253596,1372.32,1.0187,technical,"('INSANE INFLAME', 'Bad.End')"
329987,1206.36,1.0187,technical,"('OnToMe', 'Xayy Lmao Mixtape (Feat. Chill Pill)')"
281983,1070.27,1.0185,technical,"('GELATO', 'Lofty Minipack 4 (Paradise Loft)')"
283123,1157.01,1.0185,technical,"('4172756869 (isagen remix)', ""Lemon's Fruit Snacks 2"")"
285390,1271.14,1.0185,technical,"(""Nika's Demons"", 'Minty Fresh Pack 3')"
285682,1210.86,1.0184,technical,"('Paparazzi', 'Mina Minimegapack 6 (daunrealonez)')"
260925,1556.82,1.0182,technical,"('F Song', 'Crazy Culinary Revolutions')"
285235,1684.34,1.0182,technical,"('Utae! (Minacycle version)', 'Minty zFarts Pack 2')"
285687,1722.96,1.0182,technical,"('Peut-Etre Toi', 'Mina Minimegapack 6 (daunrealonez)')"
322813,1178.08,1.0181,technical,"(""She's Haunting Me"", 'Untitled_unrevised')"
337979,1208.44,1.0181,technical,"(""velaachlorine's OP"", '.ricetoasted')"
323311,1176.81,1.018,technical,"('Puff Daddy', 'Valedumps 2')"
316951,1255.19,1.0179,technical,"('KIRKAPUSHER', 'Suomi 101')"
255611,1349.13,1.0176,technical,"('Monologue', 'cesspool of ribal 3')"
282009,1176.8,1.0175,technical,"('z9Fortune Teller', 'Lofty Minipack 4 (Paradise Loft)')"
286262,1180.78,1.0175,technical,"('A Beautifull Degeneracy (Remix by Stazma The Junglechrist)', 'Memories of Flower')"
307189,1260.72,1.0174,technical,"('Days', ""Skwid's Minipack 2 (Zenith Eoe Edition)"")"
281978,1142.98,1.0173,technical,"('In a Dream', 'Lofty Minipack 4 (Paradise Loft)')"
285813,1380.23,1.0173,technical,"('La Notte Etterna', 'Mina Minimegapack')"
317126,1226.5,1.0173,technical,"('Esson Baariin', 'Suomi 100.5')"
323180,1183.6,1.0172,technical,"('CHILDREN OF THE CORN', 'Valedumps 3 (Route B)')"
261849,1026.21,1.0168,technical,"('Celo Noč', ""DumpAss Dude's Dream 2"")"
304358,1456.4,1.0168,technical,"('Hitsugi to Futago', 'Sawasdee ET')"
282156,1177.87,1.0162,technical,"('[7-5] Orinoco Flow', 'Lofty Dump Minipack 3 (Xclusive Edition)')"
287693,1019.88,1.0162,technical,"('[3-42]', 'Monheim Feedbacker Pack')"
354696,1138.81,1.0162,technical,"('C H A O S', 'Valedumps 4')"
280722,1237.21,1.0161,technical,"('Candy Star (t+pazolite Remix)', 'Jumpstream Peru 2')"
285530,1477.03,1.016,technical,"('Sono Tamashii Ni Yasuragi Wo Dignity of Spirit', 'Minty Fresh Pack 1')"
250578,1198.39,1.0159,technical,"('Cha-La Head-Cha-La', 'Anime Sucks Ass 1')"
282075,1126.33,1.0159,technical,"('Cruel Summer', 'Lofty Dump MiniPack 2')"
285399,1406.01,1.0158,technical,"('Coffee Eyes', 'Minty Fresh Pack 3')"
321837,1249.17,1.0158,technical,"('COSMONAUTS', 'timdam snackpack')"
339896,1172.67,1.0158,technical,"('Amazing', 'Cucktech')"
342784,1165.34,1.0156,technical,"('blooms', 'interesting files i found in my discord dms')"
272603,1387.21,1.0155,technical,"('comme le vent', 'Hard Songs Megapack Volume 8')"
285435,1537.37,1.0155,technical,"('Telephone', 'Minty Fresh Pack 2')"
301047,1267.64,1.0155,technical,"('her', 'P3Pack1')"
324058,1137.75,1.0155,technical,"('Everything Will Freeze', 'We Are The Sound')"
250567,1347.57,1.0154,technical,"('Motteke! Sailor Fuku', 'Anime Sucks Ass 1')"
317056,1193.27,1.0153,technical,"('Luurangon luut', 'Suomi 100')"
323303,1316.05,1.0153,technical,"('Rake', 'Valedumps 2')"
281980,1279.6,1.0152,technical,"('FUCK 4N1M3', 'Lofty Minipack 4 (Paradise Loft)')"
323136,1254.22,1.0152,technical,"('Breaking The Habit', 'Valedumps 3 (Route B)')"
250571,1166.65,1.015,technical,"('JUST COMMUNICATION', 'Anime Sucks Ass 1')"
301006,1248.0,1.015,technical,"('Dodji i Uzmi Me', 'Pachka Dampov (Suka Blyat Ed)')"
302238,1191.68,1.015,technical,"('[4-2] Amazing Horse', 'Rebound Dump Collection Megapack')"
283161,1487.97,1.0148,technical,"('WOMBO COMBO!!!!', ""Lemon's Fruit Snacks"")"
285254,1465.89,1.0148,technical,"('GAYCORE', 'Minty zFarts Pack 2')"
323167,1326.6,1.0147,technical,"('Heathens (Magnetude Bootleg)', 'Valedumps 3 (Route B)')"
323291,941.2,1.0147,technical,"('Intuition', 'Valedumps 2')"
285453,1296.77,1.0146,technical,"('Ochki Sobchak', 'Minty Fresh Pack 2')"
290751,1175.08,1.0144,technical,"('Stinger', 'Nuclear Blast JS Awesome Bomb Filez 2')"
338997,1243.72,1.0144,technical,"('DANGEROOOOUS JUNGLE (Extended)', 'Polarin Pack 4')"
255751,1247.99,1.0143,technical,"('Signal', 'Celeb Dumplings (Delicious Edition)')"
308858,1253.93,1.0142,technical,"('BUNA*SYNERGY!!!', 'SMOC EXTRA')"
261932,1215.47,1.0141,technical,"('Panda', ""DumpAss Dude's Dream"")"
264838,1101.67,1.0141,technical,"('Toki wo Kizamu Uta', 'Fennec Fallacy')"
258885,1134.44,1.014,technical,"('BLYTHE', 'Rebound Vibrajacking Pack III')"
282175,1138.25,1.014,technical,"(""[6-5] A Geisha's Dream (Ruffage Remix)"", 'Lofty Dump Minipack 3 (Xclusive Edition)')"
315265,1200.87,1.014,technical,"('My Love is a Stapler', 'TESTOPACK')"
323327,1470.58,1.0139,technical,"('Hollywood Squares', 'Valedumps 2')"
283192,1569.74,1.0138,technical,"('Nhelv', ""Lemon's Fruit Snacks"")"
255752,1068.19,1.0136,technical,"('The Fo Five', 'Celeb Dumplings (Delicious Edition)')"
262642,1480.39,1.0136,technical,"('Fukashigi no Karte (FULL)', 'dopamine micropack')"
342854,1441.66,1.0136,technical,"('METAMORPHOSIS (Sped Up)', 'interesting files i found in my discord dms')"
285279,1397.81,1.0135,technical,"('Juju on that Beat', 'Minty zFarts Pack 1')"
273858,1015.51,1.0134,technical,"(""Heavy's Heaven"", 'IcyWorld MiniPack 2')"
316607,1147.31,1.0134,technical,"(""Don't Let Me Be The First"", 'Super Polska Chordjack #3')"
282031,1412.78,1.0133,technical,"('My Boo', 'Lofty Minipack 3')"
321775,1202.78,1.0133,technical,"('Lost Stars', 'Timdam Snackpack 2')"
285428,1106.78,1.0132,technical,"('Vision', 'Minty Fresh Pack 3')"
324124,1138.29,1.0131,technical,"('Excessive Funeral', 'VSRG Charting Minipack 1')"
270323,1723.62,1.013,technical,"('暗黒舞踏会', 'Grape Cola 2')"
285290,1199.82,1.013,technical,"('Eclipse', 'Minty zFarts Pack 1')"
285523,1208.49,1.013,technical,"('Double Monk', 'Minty Fresh Pack 1')"
271743,1133.25,1.0129,technical,"('Super Soaker', 'hi19hi19 Pack 4 - Modern Keyboardsmash')"
271754,1066.04,1.0129,technical,"(""Shannon's Theorem"", 'hi19hi19 Pack 4 - Modern Keyboardsmash')"
282030,1282.09,1.0129,technical,"('Se Oikea', 'Lofty Minipack 4 (Paradise Loft)')"
289052,989.17,1.0129,technical,"('My So-Called Life', 'ODIPack3')"
307103,1152.04,1.0126,technical,"('Shadow and Truth', ""Skwid's Minipack 8 (Ok Here It Is Edition)"")"
307174,1184.24,1.0125,technical,"('Ichizu Recipe', ""Skwid's Minipack 3 (Metamemes And More Anime Edition)"")"
342606,1030.11,1.0122,technical,"('[2-3] Duvet', 'Etterna Echelon Pack')"
274841,1456.9,1.0121,technical,"('ALONE', 'James May Minipack 6')"
321803,1442.88,1.0121,technical,"('Unmeiron', 'Timdam Snackpack 2')"
282099,1189.01,1.012,technical,"(""Don't You Want Me"", 'Lofty Dump MiniPack')"
271671,775.8,1.0119,technical,"('Infernoplex', 'hi19hi19 Pack 6 - Long Have We Waited')"
285459,1208.95,1.0119,technical,"('Radioactive', 'Minty Fresh Pack 2')"
323253,1052.35,1.0119,technical,"('Fun Tonight', 'Valedumps 3 (Route A)')"
333454,967.64,1.0118,technical,"('Ascension to Heaven', '#774 Etterna Explosion Excitepack')"
255701,1421.1,1.0115,technical,"('DECAPITATION', 'Certified Hood Classics')"
323304,1216.13,1.0114,technical,"('Devil Trigger', 'Valedumps 2')"
270386,1414.89,1.0113,technical,"('驟雨の狭間', 'Grape Cola')"
273402,1166.82,1.0112,technical,"('THE BOX', 'Initial J Extra Stage')"
285528,1216.99,1.0112,technical,"('Old Heaven', 'Minty Fresh Pack 1')"
323334,1113.82,1.0111,technical,"('U CAN RUN BUT U CANT HIDE', 'Valedumps')"
342852,1900.36,1.0111,technical,"('Grilletto', 'interesting files i found in my discord dms')"
257795,1418.73,1.0108,technical,"('Never Let Me Go', 'cesspool of ribal 4')"
285375,1161.04,1.0108,technical,"('Somebody Told Me', 'Minty Fresh Pack 3')"
290699,956.14,1.0108,technical,"('Broken Toes', 'Nuclear Blast JS Awesome Bomb Filez 4')"
323216,951.54,1.0108,technical,"('Apple Shampoo', 'Valedumps 3 (Route A)')"
271724,1219.47,1.0107,technical,"('Theme of Rashid', 'hi19hi19 Pack 5 - Streams and Memes')"
323195,982.36,1.0107,technical,"('E Jumpstyle', 'Valedumps 3 (Route A)')"
266612,1079.96,1.0106,technical,"('ぼくらの16bit戦争', 'Nuclear Blast JS Awesome Bomb Filez 5')"
285698,1243.83,1.0106,technical,"('A Tribute to a Tribute to Midare', 'Mina Minimegapack 6 (daunrealonez)')"
285326,1189.47,1.0105,technical,"('Ceaseless Memories of Separation', 'Minty Fresh Pack 4')"
323355,1011.09,1.0105,technical,"('In My System', 'Valedumps')"
270382,1602.93,1.0104,technical,"('大地の閾を探して (Cut Ver.)', 'Grape Cola')"
280701,1219.7,1.0104,technical,"('Extraordinary Future', 'Jumpstream Peru 2')"
282036,1284.22,1.0104,technical,"('Replay', 'Lofty Minipack 3')"
261432,1279.07,1.0102,technical,"('Hana wa Odore ya Iroha ni Ho', 'D E N P A C K  D E F E N S E  F O R C E')"
262416,1179.89,1.0101,technical,"('Cras numquam scire', ""DourGent's Minipack 4"")"
250584,1156.53,1.0099,technical,"('Gurenge', 'Anime Sucks Ass 1')"
285409,1070.98,1.0099,technical,"('Gimme that Swing', 'Minty Fresh Pack 3')"
285283,1388.14,1.0098,technical,"('SELL MA HO', 'Minty zFarts Pack 1')"
342595,1869.48,1.0098,technical,"('[F-BOSS] Long Tall Eyelash (Ken Ishii Mix)', 'Etterna Echelon Pack')"
250583,1090.68,1.0096,technical,"('JoJo ~Sono Chi no Sadame~', 'Anime Sucks Ass 1')"
261817,1316.65,1.0093,technical,"('Kemeko Deluxe!', 'Dump Parade')"
268248,1325.85,1.0093,technical,"('dreamless wanderer', 'Fullerene Shift')"
328444,1357.22,1.0093,technical,"('Forgotten', 'Yolomania Vol. 4')"
266623,1104.11,1.0092,technical,"(""o'er the flood"", 'FFR Community Pack 4')"
342798,1818.23,1.0092,technical,"('blissful overdose', 'interesting files i found in my discord dms')"
261458,1297.58,1.0091,technical,"('Indoor Kei Nara Trackmaker (OKTA. Reprod.)', 'Denpack Append')"
323357,1225.47,1.0091,technical,"('Shonan Zoku -Cannibal Coast-', 'Valedumps')"
342590,1069.47,1.0091,technical,"('[3-4] Disconnected Hardkore', 'Etterna Echelon Pack')"
250524,1170.18,1.0089,technical,"('Fuck U Betta (Nightcore Mix)', 'Anime Sucks Ass  3')"
281997,1168.52,1.0088,technical,"('Gypsy Queen', 'Lofty Minipack 4 (Paradise Loft)')"
285251,1384.11,1.0088,technical,"('Take a hint', 'Minty zFarts Pack 2')"
250541,961.59,1.0084,technical,"('BRE@TH\\/\\/LESS', 'Anime Sucks Ass 2')"
256023,1257.68,1.0084,technical,"('hitbox samurai', 'Bursts Of A Teitoku Kai')"
264815,1336.79,1.0084,technical,"('DIAVOLT Tube', 'Fennec Fantasy')"
249310,1077.35,1.0083,technical,"(""Pocari Freakz (JAKAZiD's Jet Sweat Radio Remix)"", 'Acerola')"
250499,1108.51,1.008,technical,"('Solo (Nightcore)', 'Anime Sucks Ass  3')"
255749,1134.88,1.008,technical,"('DUMPLINGS', 'Celeb Dumplings (Delicious Edition)')"
285482,1281.37,1.008,technical,"('fuck ANIME', 'Minty Fresh Pack 2')"
282100,1240.94,1.0078,technical,"(""Don't Fence Me In"", 'Lofty Dump MiniPack')"
323301,1295.5,1.0078,technical,"('Shindeiru', 'Valedumps 2')"
307142,1262.81,1.0077,technical,"('New Dynamic', ""Skwid's Minipack 5 (Edition)"")"
271731,1384.57,1.0076,technical,"('MC MENTAL @ HIS BEST', 'hi19hi19 Pack 5 - Streams and Memes')"
282068,1247.53,1.0075,technical,"('Lesson', 'Lofty Minipack 3')"
282106,1249.29,1.0072,technical,"('Immortal Ribbon', 'Lofty Dump MiniPack')"
315233,1483.49,1.007,technical,"('Tengaku', 'TESTOPACK')"
283191,1256.21,1.0069,technical,"('crystallized', ""Lemon's Fruit Snacks"")"
285434,1170.67,1.0069,technical,"(""Renee's Iphone OP"", 'Minty Fresh Pack 2')"
323343,1130.16,1.0069,technical,"('Eyes', 'Valedumps')"
285978,1437.88,1.0068,technical,"('Dog Cooking Eggs', 'midare megapack 5')"
302006,952.6,1.0067,technical,"('Passage D', 'recasted_rewritten')"
316986,1155.53,1.0067,technical,"('At the backyard, HOMOJA with Ismo Laitela', 'Suomi 101')"
285239,1242.3,1.0066,technical,"('Mahi Mahi', 'Minty zFarts Pack 2')"
315241,1248.6,1.0066,technical,"('Forgive me father', 'TESTOPACK')"
282149,1258.52,1.0065,technical,"('[5-4] I Hate Everything About You', 'Lofty Dump Minipack 3 (Xclusive Edition)')"
327826,1252.85,1.0065,technical,"('Lisztomania', ""Vela's Velato v3 - Take Back the Falls"")"
328081,1258.62,1.0065,technical,"('Seisou Bakuretsu Boy', 'Z.Speed Training For SM Vol.1')"
283187,1186.94,1.0063,technical,"('Wrap Stars (Original Mix)', ""Lemon's Fruit Snacks"")"
285208,1155.22,1.0061,technical,"('z20TH CENTURION.', 'Minty zFarts Pack 2')"
261449,1234.96,1.0059,technical,"('WE LOVE HARDCORE', 'Denpack Append')"
285362,1118.0,1.0059,technical,"('Fireworks', 'Minty Fresh Pack 4')"
285693,1118.84,1.0059,technical,"('P.I.M.P.', 'Mina Minimegapack 6 (daunrealonez)')"
261815,1133.52,1.0058,technical,"('WAVE', 'Dump Parade')"
283174,1365.05,1.0057,technical,"('Margaritifer', ""Lemon's Fruit Snacks"")"
354582,1189.7,1.0055,technical,"('Antichlorobenzene', 'Valedumps 4')"
321785,1141.43,1.0054,technical,"('Nemurihime', 'Timdam Snackpack 2')"
268274,1466.1,1.0053,technical,"('Lunatic Rough Party!!', 'Fullerene Shift')"
282004,1169.17,1.0053,technical,"('I Love You So', 'Lofty Minipack 4 (Paradise Loft)')"
285226,1435.25,1.0053,technical,"('Toothpaste', 'Minty zFarts Pack 2')"
304274,956.87,1.0053,technical,"('Cobwebs and Strange', ""Scintill's Minipack 3"")"
285383,1290.53,1.005,technical,"('SPEEDBOAT', 'Minty Fresh Pack 3')"
285690,1478.13,1.0049,technical,"('zzzBermuda Triangle', 'Mina Minimegapack 6 (daunrealonez)')"
285467,1298.23,1.0048,technical,"('Pyramid Cave', 'Minty Fresh Pack 2')"
302699,1278.6,1.0047,technical,"('Loner', 'Russian Underground')"
261899,1285.5,1.0046,technical,"('Demons', ""DumpAss Dude's Dream 2"")"
321856,1020.89,1.0046,technical,"('The Devil Plays Dance Games', 'timdam snackpack')"
253943,1169.8,1.0044,technical,"('Facebreaker', 'Breakcore Princess')"
285320,1127.42,1.0044,technical,"('Demon Kitty Rag', 'Minty Fresh Pack 4')"
255614,1121.61,1.0043,technical,"('Utsuriyuku Kisetsu', 'cesspool of ribal 3')"
323342,1148.06,1.0043,technical,"(""Hips Don't Lie"", 'Valedumps')"
285341,1152.58,1.0042,technical,"(""Rasputin's OP"", 'Minty Fresh Pack 4')"
285357,1228.62,1.0041,technical,"('Discord', 'Minty Fresh Pack 4')"
305152,1283.1,1.0041,technical,"('All I Want for Christmas is You', 'Secret Santa 2020')"
266780,979.12,1.0039,technical,"('The Cataclysm', 'FFR Community Pack 4')"
281996,1153.63,1.0038,technical,"('Flowers', 'Lofty Minipack 4 (Paradise Loft)')"
260914,1518.18,1.0037,technical,"('my time', 'Crazy Culinary Revolutions')"
271840,1150.34,1.0036,technical,"('Destiny GAMMA', 'hi19hi19 Pack 2 - Dumps and Hard Stuff')"
282024,1227.67,1.0035,technical,"('Subspecies', 'Lofty Minipack 4 (Paradise Loft)')"
256058,1212.33,1.0033,technical,"('Mario Trap', 'Bursts Of A Teitoku')"
264576,1052.15,1.0032,technical,"('愛と誠', 'Etterna Explosion Excitepack')"
343777,1232.68,1.0031,technical,"('あぁあぁあぁああぁあぁああぁ', 'Celeb Dumplings 2 (I Love My Friends Edition)')"
262426,1442.06,1.003,technical,"('Chinese Slavery', ""DourGent's Minipack 4"")"
255984,1104.58,1.0029,technical,"('Q.E.', ""Pizza69's Slices of Heaven Megapack"")"
281993,1218.63,1.0029,technical,"('Let iz Beca', 'Lofty Minipack 4 (Paradise Loft)')"
323346,1299.08,1.0029,technical,"('FUCKANIME', 'Valedumps')"
285335,1118.3,1.0028,technical,"('Yi Jian Mei', 'Minty Fresh Pack 4')"
251906,1378.62,1.0027,technical,"('Bemera Gamma', 'ATTangs Dumpmix')"
285319,1096.85,1.0027,technical,"('Relax Your Mind', 'Minty Fresh Pack 4')"
323280,1297.89,1.0026,technical,"('BLACK METAL TERRORIST', 'Valedumps 2')"
253608,1227.09,1.0023,technical,"('Responsibility Response', 'Bad.End')"
315210,1110.44,1.0023,technical,"('Miracle Love', 'TESTOPACK')"
323198,1317.79,1.0023,technical,"('20,november ~FINAL EDIT~', 'Valedumps 3 (Route A)')"
271668,1427.39,1.0021,technical,"('M.A.G.I.C Speed Ball', 'hi19hi19 Pack 6 - Long Have We Waited')"
285442,1170.87,1.0021,technical,"('Eurydice', 'Minty Fresh Pack 2')"
317123,1216.57,1.0021,technical,"('Suvivirsi (Summer Hymn)', 'Suomi 100.5')"
271755,959.71,1.002,technical,"('Wood Man (Megaman 2)', 'hi19hi19 Pack 4 - Modern Keyboardsmash')"
273391,1359.7,1.002,technical,"('BECAUSE OF YOU (SPED UP VER.)', 'Initial J First Stage')"
285801,1498.83,1.002,technical,"('Unwritten', 'Mina Minimegapack')"
261451,1255.79,1.0019,technical,"('Ryuusei Bebop', 'Denpack Append')"
268276,1360.75,1.0019,technical,"('Hold Angel', 'Fullerene Shift')"
271767,905.67,1.0018,technical,"('My Love Is A Bulldozer', 'hi19hi19 Pack 4 - Modern Keyboardsmash')"
315212,1191.74,1.0018,technical,"('Aishite Aishite Aishite', 'TESTOPACK')"
307164,1260.09,1.0017,technical,"('Clover Kakumation', ""Skwid's Minipack 4 U (Big Guy Edition)"")"
282108,1190.6,1.0016,technical,"(""Sally's Dance"", 'Lofty Dump MiniPack')"
329049,1079.63,1.0016,technical,"('isogu 200 BPM', 'xXxRUSSIAxXx 2')"
285236,1156.44,1.0015,technical,"(""Foxfire's Pizza Rap"", 'Minty zFarts Pack 2')"
330000,1396.58,1.0015,technical,"(""Oktoberfest's OP"", 'Xayy Lmao Mixtape (Feat. Chill Pill)')"
285742,1365.29,1.0012,technical,"('Sky Clad no Observer', 'Mina Minimegapack 4')"
302013,1229.58,1.0012,technical,"('Psicicite', 'recasted_rewritten')"
314818,1315.01,1.0012,technical,"('Surf', 'The End')"
328969,1272.78,1.0012,technical,"('Клич молодости', 'xXxRUSSIAxXx 3')"
331940,1682.29,1.0012,technical,"('maro lugi Gantz graF TERMINAL 64 EDITION', 'the Leftovers 3')"
339342,1303.17,1.0011,technical,"('BOOGIE', 'Grape Cola 3')"
255633,1366.23,1.001,technical,"('i think about sad things and want to die.', 'cesspool of ribal 3')"
261423,1228.18,1.0005,technical,"('Origamic Sweet Love', 'D E N P A C K  D E F E N S E  F O R C E  2')"
342841,1495.03,1.0005,technical,"('Meet Her At The Love Parade', 'interesting files i found in my discord dms')"
290602,1059.92,1.0004,technical,"('12 little fragments of silence', 'Nuclear Blast JS Awesome Bomb Filez 5')"
271719,1017.88,1.0003,technical,"('Trickstarz', 'Super Revival Pack 2015!!')"
283775,1144.26,1.0003,technical,"('BroGamer', 'Magicschool Arpia')"
282079,1224.92,1.0002,technical,"('Pesenka', 'Lofty Dump MiniPack 2')"
285380,1077.54,1.0002,technical,"('SHYNESS BOY', 'Minty Fresh Pack 3')"
286253,1011.35,1.0002,technical,"('ricky bobby', 'Memories of Flower')"
272251,1433.27,1.0001,technical,"('guitars still suck', 'Hard Songs Megapack Volume 12')"
333307,1319.29,1.0001,technical,"('び', '#774 Etterna Explosion Excitepack')"
261969,1093.72,1.0,technical,"('KOMBATSUO', ""DumpAss Dude's Dream"")"
285815,1296.45,1.0,technical,"('Dreams', 'Mina Minimegapack')"
283207,1166.28,0.9999,technical,"('Black + White', ""Lemon's Fruit Snacks"")"
255615,1136.69,0.9998,technical,"(""Boss Pippu's Boss OP"", 'cesspool of ribal 3')"
264481,1590.64,0.9998,technical,"('DORNWALD ～Junge～', 'Etterna Explosion Excitepack')"
269276,1440.08,0.9998,technical,"('Gaussian Mist', 'Hard Songs Megapack Volume 1')"
259741,1103.18,0.9995,technical,"('Two Dads In a Bathtub', 'Definitive Keyboard Megapack')"
286258,1200.09,0.9993,technical,"('Boulafacet', 'Memories of Flower')"
342766,1510.43,0.9993,technical,"('Pangaea Girls (Magic Feeling)', 'interesting files i found in my discord dms')"
317044,1076.62,0.9992,technical,"('Blank', 'Suomi 100')"
283141,1435.49,0.9991,technical,"('Tachyon Beam Cannon', ""Lemon's Fruit Snacks 2"")"
285672,1356.91,0.9991,technical,"(""Dead People's Ed"", 'Mina Minimegapack 6 (daunrealonez)')"
321829,1096.93,0.999,technical,"(""I'm Your Daddy"", 'timdam snackpack')"
282010,1176.48,0.9989,technical,"('N.Sanity Island', 'Lofty Minipack 4 (Paradise Loft)')"
328560,1220.63,0.9989,technical,"('Scary Halloween Show', 'Yolomania Vol. 3')"
283107,1278.93,0.9988,technical,"('Kyouran Hey Kids!!', ""Lemon's Panty Shots"")"
315206,1735.06,0.9987,technical,"('AVALONnayo,AVALONna!!mp4', 'TESTOPACK')"
282041,1194.35,0.9985,technical,"('Feel You', 'Lofty Minipack 3')"
261419,1347.69,0.9983,technical,"('Chou Chou Kou Soku De Mae Sai Soku!!! Speed Star Kanade', 'D E N P A C K  D E F E N S E  F O R C E  2')"
283117,1400.91,0.9983,technical,"('Pictured as Perfect', ""Lemon's Fruit Snacks 2"")"
285691,1076.4,0.9983,technical,"('Littlest Things', 'Mina Minimegapack 6 (daunrealonez)')"
282018,1161.47,0.9981,technical,"('Mean Low Water', 'Lofty Minipack 4 (Paradise Loft)')"
285458,1255.61,0.9978,technical,"('Pump up the Jams', 'Minty Fresh Pack 2')"
283197,1188.02,0.9976,technical,"('HEREINMYBATHROOM', ""Lemon's Fruit Snacks"")"
280768,1077.56,0.9975,technical,"('Calamity Fortune', 'Untitled_unrevised')"
290987,1056.01,0.9974,technical,"('Brainfog', 'Nightflower Complex')"
260741,1394.63,0.9972,technical,"('Terrible Ride', ""'d"")"
273832,1335.47,0.9971,technical,"('Yellow Line', 'Icy X')"
329986,1255.7,0.997,technical,"('I get High', 'Xayy Lmao Mixtape (Feat. Chill Pill)')"
249351,1138.4,0.9969,technical,"('Cheval', 'Acerola')"
250588,1329.62,0.9969,technical,"('Aoi Haru', 'Anime Sucks Ass 1')"
283072,1361.6,0.9969,technical,"('Aozora no Rhapsody', ""Lemon's Panty Shots 3 - Camellia Edition"")"
260744,1108.7,0.9967,technical,"('Rock It For Me', ""'d"")"
307374,1316.27,0.9967,technical,"('Onii-Chan', ""Ska-Cola Machin'"")"
354716,1141.19,0.9967,technical,"('Floccinaucinihilipilification', 'Valedumps 4')"
281984,1209.15,0.9965,technical,"('Banka', 'Lofty Minipack 4 (Paradise Loft)')"
285715,1437.1,0.9964,technical,"(""Big Mac's Theme"", 'Mina Minimegapack 4')"
322078,1274.63,0.9963,technical,"('PAM!!!', 'The Void - Then, Now, and the Future')"
285449,1093.05,0.9962,technical,"('orleavemealone_', 'Minty Fresh Pack 2')"
329154,1356.53,0.996,technical,"('Dagestanskie Moskvichi', 'xXxRUSSIAxXx')"
250542,1182.38,0.9958,technical,"('Crazy Noisy Bizarre Town', 'Anime Sucks Ass 2')"
261409,1258.47,0.9958,technical,"('大江戸コントローラー [くいしんぼあかちゃんver.]', 'D E N P A C K  D E F E N S E  F O R C E  2')"
259850,1172.51,0.9957,technical,"('You Make My Life 1UP', 'Definitely Not Denpack')"
307118,1244.8,0.9957,technical,"('Shadows ~Kageiro Yousei Ehon~', ""Skwid's Minipack 7 (Assault Edition)"")"
316968,1183.23,0.9956,technical,"('Pilalla', 'Suomi 101')"
246644,1358.39,0.9955,technical,"('Lost my pieces', '10Dollar Dump Dump Revolutions 3')"
327793,1256.76,0.9955,technical,"('Cuba', ""Vela's Velato v3 - Take Back the Falls"")"
265769,1169.35,0.9954,technical,"('Makyuu Ichaival', 'EtternaOnline Community Pack 1')"
282127,1426.37,0.9953,technical,"('[7-4] No Scrubs', 'Lofty Dump Minipack 3 (Xclusive Edition)')"
256037,1294.84,0.9951,technical,"(""The Little Devil's Heart Pounding Amusement Park"", 'Bursts Of A Teitoku Kai')"
285488,1292.48,0.9951,technical,"(""Let's Get Loud, LETS GET LOUD"", 'Minty Fresh Pack 2')"
261846,1262.22,0.995,technical,"('Shell Shocked', 'Dump Parade')"
323279,1165.2,0.9948,technical,"('Studio gangster', 'Valedumps 2')"
323347,1132.15,0.9946,technical,"('Out of my Head', 'Valedumps')"
250560,839.59,0.9945,technical,"('My Soul, Your Beats!', 'Anime Sucks Ass 1')"
329051,1485.19,0.9945,technical,"('Kis-meow', 'xXxRUSSIAxXx 2')"
272211,1383.48,0.9944,technical,"('Amber Starlight', 'Hard Songs Megapack Volume 12')"
285497,1320.12,0.9944,technical,"('Elastic Heart', 'Minty Fresh Pack 1')"
283116,1213.42,0.9943,technical,"('Endless Night', ""Lemon's Fruit Snacks 2"")"
282073,1104.28,0.9942,technical,"('Dixie Biscuits', 'Lofty Dump MiniPack 2')"
307090,1322.19,0.9939,technical,"('MY BISH', ""Skwid's Minipack 8 (Ok Here It Is Edition)"")"
323283,1179.81,0.9938,technical,"('Diddy Bop', 'Valedumps 2')"
250488,1851.96,0.9935,technical,"('Tape Worm', 'Anime Sucks Ass  3')"
261828,1026.13,0.9935,technical,"('Pineapple Spaceship', 'Dump Parade')"
285468,1151.48,0.9935,technical,"(""Sally's Dance"", 'Minty Fresh Pack 2')"
264826,1410.73,0.9933,technical,"('CRYSTAL WEED (ORIGINAL MIX)', 'Fennec Fantasy')"
302202,1399.11,0.9933,technical,"('[4-BOSS] Electric Romeo', 'Rebound Dump Collection Megapack II')"
261809,1160.19,0.9931,technical,"('PAPARAZZI', 'Dump Parade')"
285374,1137.07,0.9931,technical,"('Gasolina', 'Minty Fresh Pack 3')"
307077,1230.37,0.993,technical,"('桜', ""Skwid's Minipack 9 (Anchor Edition)"")"
307089,1144.73,0.993,technical,"('Overworld Theme 2', ""Skwid's Minipack 8 (Ok Here It Is Edition)"")"
261837,1281.16,0.9929,technical,"('LUVORATORRRRRY!', 'Dump Parade')"
273839,1285.03,0.9929,technical,"('Shpongolese Spoken Here', 'Icy X')"
281981,1167.25,0.9929,technical,"('Immaterial', 'Lofty Minipack 4 (Paradise Loft)')"
290575,1148.62,0.9928,technical,"('Eth', 'Nuclear Blast JS Awesome Bomb Filez 5')"
285257,1236.4,0.9926,technical,"('Cha-La Head-Cha-La', 'Minty zFarts Pack 2')"
285460,1284.94,0.9925,technical,"('Mahmure', 'Minty Fresh Pack 2')"
250564,1115.09,0.9924,technical,"('Aqua Terrarium', 'Anime Sucks Ass 1')"
280632,1655.45,0.9922,technical,"('Minami Ikebukuro Hardcore Custom dumbstream', ""Kaiten's dumbstream pack 2"")"
302254,1312.97,0.9922,technical,"(""[4-4] Football's OP"", 'Rebound Dump Collection Megapack')"
249319,1012.15,0.992,technical,"('Gee', 'Acerola')"
285957,1310.67,0.992,technical,"(""Munsie~'s OP"", 'midare megapack 5')"
252232,1267.91,0.9917,technical,"('Der Wald (Kiraz K remix)', 'ART ATTACK')"
273816,1257.36,0.9916,technical,"('Warpledge', 'Icy X')"
323175,1093.39,0.9916,technical,"('Mannequins Are My Best of Friends', 'Valedumps 3 (Route B)')"
323310,1379.31,0.9916,technical,"('Cherry-coloured Funk', 'Valedumps 2')"
249354,1388.73,0.9915,technical,"('44 Edit', 'Acerola')"
285515,1373.06,0.9915,technical,"('One Good Reason', 'Minty Fresh Pack 1')"
282047,1349.49,0.9914,technical,"('I Dont want to be a Yes-Man', 'Lofty Minipack 3')"
283156,1210.14,0.9914,technical,"('A Lasting Promise', ""Lemon's Fruit Snacks"")"
283160,1245.73,0.9914,technical,"('corneal', ""Lemon's Fruit Snacks"")"
285405,1322.68,0.9914,technical,"('Crush', 'Minty Fresh Pack 3')"
285524,1397.57,0.9914,technical,"('Forever Reign', 'Minty Fresh Pack 1')"
290569,1136.71,0.9914,technical,"('Destroy The Dragon', 'Nuclear Blast JS Awesome Bomb Filez 5')"
290733,1227.94,0.9914,technical,"('The Legend of the Rent is Way Hardcore', 'Nuclear Blast JS Awesome Bomb Filez 3')"
324118,1314.18,0.9914,technical,"('asphyxia (TV edit)', 'VSRG Charting Minipack 1')"
271692,885.72,0.9913,technical,"(""Putin's Boner"", 'hi19hi19 Pack 5 - Streams and Memes')"
285365,1261.81,0.9913,technical,"('1：12', 'Minty Fresh Pack 4')"
285535,1219.33,0.9913,technical,"('Grosse Barbe', 'Minty Fresh Pack 1')"
314824,1168.11,0.9912,technical,"('Suki ? Suki !', 'The End')"
269499,1214.35,0.9911,technical,"('Neutron Factory', 'Hardpain of Hell')"
282111,1337.62,0.9911,technical,"('Maneater', 'Lofty Dump MiniPack')"
285270,1378.53,0.9911,technical,"('Princess bride', 'Minty zFarts Pack 1')"
315198,1264.14,0.991,technical,"('Tabi no Hidarite Saihate no Migite', 'TESTOPACK')"
255610,1148.69,0.9909,technical,"('Mikado', 'cesspool of ribal 3')"
280439,1161.95,0.9909,technical,"('Aubudon', ""Kazye's Speedy Speed Files"")"
290594,1051.84,0.9907,technical,"('[1-SPD] Shitsubou Choco', 'Nuclear Blast JS Awesome Bomb Filez 5')"
270373,1286.29,0.9906,technical,"('Caravan', 'Grape Cola')"
328470,1285.64,0.9901,technical,"('A Dichroic Glass Snafu', 'Yolomania Vol. 4')"
281988,1183.58,0.9898,technical,"('Bumblebee', 'Lofty Minipack 4 (Paradise Loft)')"
286257,956.17,0.9898,technical,"('CHAOS Terror-Tech Mix', 'Memories of Flower')"
307242,1526.31,0.9895,technical,"('Ame ga Furu kara Niji ga Deru', ""Skwaius's Smartstream"")"
282082,1439.0,0.9893,technical,"('Okkusenman', 'Lofty Dump MiniPack 2')"
285652,1097.75,0.9893,technical,"('Je Vais Vite', 'Mina Mini Megapack 2(da real onez)')"
285740,1439.64,0.9893,technical,"('World Go Boom', 'Mina Minimegapack 4')"
261847,1393.24,0.9891,technical,"('shadows of cats', 'Dump Parade')"
270396,1244.53,0.9891,technical,"(""This Future (we didn't expect)"", 'Grape Cola')"
285284,1337.5,0.9891,technical,"('Meitsin Unipaivakirja', 'Minty zFarts Pack 1')"
301770,1662.81,0.9891,technical,"('PAiNT iT BLACK (feat. Un3h) [dj-Jo Remix]', ""Restia's Restroom OX"")"
273837,1176.65,0.989,technical,"('Cyberteam in Akihabara 2011', 'Icy X')"
290961,1249.05,0.989,technical,"('perditus paradisus', 'Nixo pack 0')"
285470,898.04,0.9888,technical,"(""Gone Fishin'"", 'Minty Fresh Pack 2')"
260726,1270.66,0.9887,technical,"('The Real Slim Shady', ""'d"")"
321784,1368.76,0.9887,technical,"('Hatsune Miku no Shoushitsu -Gekijouban-', 'Timdam Snackpack 2')"
282122,1159.52,0.9882,technical,"('Grosse Barbe', 'Lofty Dump MiniPack')"
323312,1146.87,0.988,technical,"('Comment Te Dire Adieu', 'Valedumps 2')"
256737,1165.42,0.9878,technical,"('Luv * Lab * Poison 22ate!', ""Bunch of Files You Probably Don't Have 3"")"
283204,1179.35,0.9878,technical,"('HEREINMYGARAGE', ""Lemon's Fruit Snacks"")"
271715,1299.21,0.9877,technical,"('Call me it. (500 Tortures)', 'hi19hi19 Pack 5 - Streams and Memes')"
290676,1102.72,0.9877,technical,"('Friday ~Splittercore Remix~', 'Nuclear Blast JS Awesome Bomb Filez 4')"
307180,1125.01,0.9877,technical,"('Yoru Wa Nemureru Kai?', ""Skwid's Minipack 3 (Metamemes And More Anime Edition)"")"
283201,1117.32,0.9876,technical,"('Chik Habit', ""Lemon's Fruit Snacks"")"
323182,1123.11,0.9876,technical,"('BBW.', 'Valedumps 3 (Route B)')"
285201,860.56,0.9875,technical,"('monstrous turtles!', 'Minty zFarts Pack 2')"
343784,1144.66,0.9874,technical,"('KICK BACK', 'Celeb Dumplings 2 (I Love My Friends Edition)')"
304299,1058.66,0.9873,technical,"('Fatal Attraction', ""Scintill's Minipack"")"
285309,1112.95,0.9871,technical,"(""Britney Spears' OP"", 'Minty Fresh Pack 4')"
323127,1305.68,0.9871,technical,"(""stepmania boomer opinion's theme song"", 'Valedumps 3 (Route B)')"
342765,1177.08,0.9871,technical,"('Again', 'interesting files i found in my discord dms')"
283165,1331.75,0.9868,technical,"('Hacker', ""Lemon's Fruit Snacks"")"
303441,1085.6,0.9868,technical,"('Blue Sky', ""Sam and GG's megapack"")"
282062,1426.05,0.9865,technical,"('DO THE SALAMANDER', 'Lofty Minipack 3')"
285810,1359.83,0.9863,technical,"('All Good Things', 'Mina Minimegapack')"
322976,958.94,0.9863,technical,"('Ani Mevushal', 'Untitled Etterna Pack')"
342602,1400.51,0.9862,technical,"('[5-4] Native Faith', 'Etterna Echelon Pack')"
258165,1195.82,0.9861,technical,"('Pleasant Farmer', 'CN.ZK')"
272361,1479.66,0.986,technical,"('Color of giggles', 'Hard Songs Megapack Volume 11')"
274890,1249.83,0.986,technical,"('DANBO', 'James May Collection of Mildly Decent Files That Includes Weird As Fuck Songs Like Pepper Steak V3')"
283171,1412.25,0.986,technical,"('Dai Ni Maku Makuai', ""Lemon's Fruit Snacks"")"
286259,1390.48,0.986,technical,"('Xeroa', 'Memories of Flower')"
264588,1519.82,0.9859,technical,"('Tornado', 'Etterna Explosion Excitepack')"
255737,1018.91,0.9858,technical,"('Mousou Express', 'Celeb Dumplings (Delicious Edition)')"
285263,814.52,0.9858,technical,"('zzzAAA', 'Minty zFarts Pack 1')"
302249,1174.44,0.9858,technical,"('[3-Boss] Bagpipe', 'Rebound Dump Collection Megapack')"
304269,859.12,0.9858,technical,"('Fireflies', ""Scintill's Minipack 3"")"
283159,1327.87,0.9857,technical,"('Sent from my ipod recorder', ""Lemon's Fruit Snacks"")"
256029,1316.59,0.9856,technical,"('Nest', 'Bursts Of A Teitoku Kai')"
342576,1398.43,0.9855,technical,"('[5-6] Ding Dong Song', 'Etterna Echelon Pack')"
328789,1533.28,0.9854,technical,"(""Wafles' OP"", 'Yolo Dumps 1')"
272511,1345.24,0.9853,technical,"('WhiteBlue', 'Hard Songs Megapack Volume 9')"
281987,1232.1,0.9853,technical,"('Miserable Bastard', 'Lofty Minipack 4 (Paradise Loft)')"
285531,1096.76,0.9853,technical,"('Bu ls Tamadlr', 'Minty Fresh Pack 1')"
285804,1552.16,0.9851,technical,"('Nemo', 'Mina Minimegapack')"
318374,1232.77,0.985,technical,"('Wake Up', 'The Leftovers')"
267666,1183.42,0.9849,technical,"('Big Boss', 'German Dump Mini Pack 4')"
259853,1155.44,0.9848,technical,"('Amor de Verao', 'Definitely Not Denpack')"
285296,1057.47,0.9847,technical,"('Selvasti Paihtynyt', 'Minty zFarts Pack 1')"
290583,1076.73,0.9846,technical,"('Rise Up,', 'Nuclear Blast JS Awesome Bomb Filez 5')"
333376,847.86,0.9846,technical,"('水彩キャンディー', '#774 Etterna Explosion Excitepack')"
282117,1225.1,0.9844,technical,"('Mirai Nikki OP', 'Lofty Dump MiniPack')"
315219,1276.81,0.9844,technical,"('Viva la Unravel ~on the verge of Death~', 'TESTOPACK')"
283125,1211.55,0.9843,technical,"(""Please Don't Remember"", ""Lemon's Fruit Snacks 2"")"
261439,1103.49,0.9841,technical,"('Sekai Seifuku! Choukoushutsuryokudenpasoushinkichikyoku', 'D E N P A C K  D E F E N S E  F O R C E')"
264734,1174.61,0.9841,technical,"('CAUSE DISARRAY', 'Etterna Explosion Excitepack')"
327874,1830.73,0.9841,technical,"('Nostos 2022', ""Vela's Velato v2 - Escape From Reality"")"
268267,1520.06,0.984,technical,"('The Scales of Struggle', 'Fullerene Shift')"
285676,1023.09,0.984,technical,"('Desert Rose', 'Mina Minimegapack 6 (daunrealonez)')"
285340,837.83,0.9839,technical,"('Say So', 'Minty Fresh Pack 4')"
307154,1150.55,0.9839,technical,"('In Friends We Trust', ""Skwid's Minipack 5 (Edition)"")"
268278,1102.73,0.9837,technical,"('Akasha', 'Fullerene Shift')"
327824,1277.49,0.9836,technical,"('I Am A Gummy Bear', ""Vela's Velato v3 - Take Back the Falls"")"
268257,1182.73,0.9835,technical,"('Xepher Light and Darkness Dragon REMIX', 'Fullerene Shift')"
328479,1106.23,0.9835,technical,"('Catch your Eyes', 'Yolomania Vol. 4')"
323309,1209.49,0.9833,technical,"('Nornir', 'Valedumps 2')"
307243,1355.94,0.9832,technical,"('Colorful', ""Skwaius's Smartstream"")"
273833,1306.4,0.983,technical,"('The Time Vampire', 'Icy X')"
307147,1240.13,0.983,technical,"('Neito Pohjolan', ""Skwid's Minipack 5 (Edition)"")"
258956,1281.29,0.9829,technical,"('the a la menthe', 'Community Keyboard Megapack - Volume 3 (The Lost Steps)')"
285683,1253.27,0.9829,technical,"('Vizivay Militziyu', 'Mina Minimegapack 6 (daunrealonez)')"
322946,1281.45,0.9828,technical,"('Frictional Nevada', 'Untitled Etterna Pack')"
333383,1194.63,0.9826,technical,"('Dyscontrolled Galaxy', '#774 Etterna Explosion Excitepack')"
323336,875.5,0.9825,technical,"('i dont wanna waste my time', 'Valedumps')"
262140,1290.45,0.9824,technical,"('snow05', 'DukAmok Originals')"
315289,1739.81,0.9824,technical,"('Dekoboko speedster', 'TESTOPACK')"
282113,1251.42,0.9823,technical,"('Living the Fantasy', 'Lofty Dump MiniPack')"
261819,1206.73,0.9822,technical,"('Top Of The World', 'Dump Parade')"
318441,1451.86,0.9822,technical,"('Snow Delaytion', 'The leftovers 2')"
327831,1244.13,0.982,technical,"('Hong Kong', ""Vela's Velato v3 - Take Back the Falls"")"
339313,1427.58,0.982,technical,"('Bumble Bee', 'Grape Cola 3')"
285273,1288.04,0.9819,technical,"('Make The Fire Burn', 'Minty zFarts Pack 1')"
285961,1196.65,0.9817,technical,"('Kanikuly', 'midare megapack 5')"
304268,1032.86,0.9817,technical,"('Roundabout', ""Scintill's Minipack 3"")"
307071,1349.42,0.9817,technical,"('Cell Out', ""Skwid's Minipack 9 (Anchor Edition)"")"
285415,1145.84,0.9815,technical,"('When I Was Your Man', 'Minty Fresh Pack 3')"
285448,1268.98,0.9813,technical,"('Swamp', 'Minty Fresh Pack 2')"
261836,1101.8,0.9812,technical,"('Kimi ja Nakya Dame Mitai', 'Dump Parade')"
263396,1051.87,0.9812,technical,"('First Flight', 'Etterna')"
285997,1392.98,0.9812,technical,"('The Glass Ceiling Cabarey', 'midare megapack 4')"
315232,1312.91,0.9811,technical,"('Watashi ga Motenai no wa Dou Kangaetemo Omaera ga Warui!', 'TESTOPACK')"
254283,1906.02,0.9809,technical,"('DATA DRAIN', 'Blurk')"
285502,954.58,0.9809,technical,"(""I'm Ready Depression"", 'Minty Fresh Pack 1')"
285342,1045.71,0.9803,technical,"('Cowboys & Gangsters', 'Minty Fresh Pack 4')"
285431,1130.85,0.9802,technical,"(""That's how Etienne beat Lofty at Basketball"", 'Minty Fresh Pack 3')"
271885,1106.33,0.98,technical,"('Moskau', 'hi19hi19 Pack 1 - Delicious Tournament Files')"
285437,1064.76,0.98,technical,"('Medlenno', 'Minty Fresh Pack 2')"
290741,1437.48,0.98,technical,"('11eleven', 'Nuclear Blast JS Awesome Bomb Filez 3')"
280981,1629.79,0.9798,technical,"('[F-BOSS] Purgatorium', ""Knit's Boss Rush"")"
354586,1045.13,0.9797,technical,"('A sardine grows from the soil', 'Valedumps 4')"
252526,1413.85,0.9796,technical,"('Vertex DELTA', 'Areicia Training Pack')"
285701,1226.38,0.9794,technical,"('Nightwish', 'Mina Minimegapack 6 (daunrealonez)')"
269247,1102.03,0.9793,technical,"('Azul', 'Hard Songs Megapack Volume 2')"
271785,1105.94,0.9792,technical,"('WE EAT AT FIVE FIVE FIVE (guys)', 'hi19hi19 Pack 3 - Popcorn Blast JS Buttery Snack Filez')"
323205,1513.74,0.9791,technical,"('[FINAL] So Icey (Prod. by A-Bluntz)', 'Valedumps 3 (Route A)')"
251954,1860.33,0.979,technical,"('FREEDOM DIVE - GAMMA DIMENSION-', ""ATTang's Bad Files"")"
285354,1121.47,0.979,technical,"('Ludilo', 'Minty Fresh Pack 4')"
342879,1598.97,0.9789,technical,"('rawr >\\/\\//<', 'interesting files i found in my discord dms')"
282012,1067.91,0.9787,technical,"('Only Wanna Give It To You', 'Lofty Minipack 4 (Paradise Loft)')"
290730,1299.14,0.9787,technical,"('Abyssal', 'Nuclear Blast JS Awesome Bomb Filez 3')"
253600,963.77,0.9786,technical,"('AiDee', 'Bad.End')"
282115,1230.68,0.9786,technical,"('Changes', 'Lofty Dump MiniPack')"
252479,1186.72,0.9785,technical,"('Bud Ran Back Out', 'Areicia Training Pack')"
339861,1548.46,0.9784,technical,"('Fisarmonica Indiavolata', 'Cucktech')"
285646,1512.22,0.9783,technical,"(""Can't Fight The Moonlight"", 'Mina Mini Megapack 2(da real onez)')"
282019,1079.32,0.9782,technical,"('Uma Thurman', 'Lofty Minipack 4 (Paradise Loft)')"
282026,1221.3,0.9782,technical,"('Ever Again', 'Lofty Minipack 4 (Paradise Loft)')"
299322,753.34,0.9782,technical,"('the mooned incects', 'Puritanical Penis Pack')"
324072,1579.62,0.9782,technical,"('Fushoku Resentment, Fushi Yoku no Sarugakuza.', 'We.Are.The.End')"
283169,1303.66,0.978,technical,"('AMAZING BREAK', ""Lemon's Fruit Snacks"")"
300239,893.52,0.9777,technical,"('Minute Waltz', 'Piano Minipack of Elegance')"
331984,1353.18,0.9777,technical,"('Myanmar Government Imposes Curfews', 'the Leftovers 3')"
271691,955.01,0.9776,technical,"(""Trucker's Hitch"", 'hi19hi19 Pack 5 - Streams and Memes')"
271804,1112.48,0.9776,technical,"('Redefine', 'hi19hi19 Pack 3 - Popcorn Blast JS Buttery Snack Filez')"
283150,1212.66,0.9776,technical,"('9mm', ""Lemon's Fruit Snacks 2"")"
271672,1154.92,0.9774,technical,"('La Copa De La Vida', 'hi19hi19 Pack 6 - Long Have We Waited')"
272450,1556.15,0.9774,technical,"('Adcar', 'Hard Songs Megapack Volume 9')"
272705,1219.38,0.9774,technical,"('Reluctantly Accepting Temporary Exhaustion', 'Hard Songs Megapack Volume 6')"
280596,1585.85,0.9772,technical,"('Quasar gamma gamma', ""Kaiten's dumbstream pack 4"")"
282043,1233.19,0.9771,technical,"('This is Your Night', 'Lofty Minipack 3')"
261889,1063.74,0.9765,technical,"('戀', ""DumpAss Dude's Dream 2"")"
318599,1149.1,0.9764,technical,"('Jingo Jungle', 'Treatpack 1')"
290586,1041.18,0.9762,technical,"('Paraclete', 'Nuclear Blast JS Awesome Bomb Filez 5')"
285976,1321.96,0.976,technical,"(""nicole's OP"", 'midare megapack 5')"
285412,1060.77,0.9754,technical,"('thank u, next', 'Minty Fresh Pack 3')"
327791,1298.5,0.9754,technical,"('Croque Monsieur A Disneyland', ""Vela's Velato v3 - Take Back the Falls"")"
271685,1156.34,0.9752,technical,"('Oh Yeah', 'hi19hi19 Pack 5 - Streams and Memes')"
288991,1147.22,0.9751,technical,"('Dishevel', 'ODIPack3')"
285814,1428.04,0.975,technical,"('Left Outside Alone', 'Mina Minimegapack')"
285549,1005.89,0.9749,technical,"('Opinionated Raccoon', 'Minty Fresh Pack 1')"
264612,1195.2,0.9748,technical,"('ハローディストピア', 'Etterna Explosion Excitepack')"
323358,1031.49,0.9748,technical,"('Wake Up, Get Up, Get Out There', 'Valedumps')"
251921,1787.0,0.9746,technical,"('Palette GAMMA', 'ATTangs Dumpmix')"
253940,1086.04,0.9746,technical,"('Writing On The Walls (Final Sketch Remix)', 'Breakcore Princess')"
272650,1384.5,0.9744,technical,"('untitled', 'Hard Songs Megapack Volume 7')"
307133,1150.93,0.9744,technical,"('Take Off', ""Skwid's Minipack 6 (Cute Anime Edition)"")"
324045,1118.39,0.9744,technical,"('A Quick Death', 'We Are The Sound')"
333339,1034.59,0.9744,technical,"('hectopascal', '#774 Etterna Explosion Excitepack')"
354600,1400.43,0.9743,technical,"('Rabbit Hole', 'Valedumps 4')"
273831,1252.45,0.9742,technical,"('Sapphire', 'Icy X')"
342591,1535.47,0.9742,technical,"('[F-2] Circus Galop', 'Etterna Echelon Pack')"
283119,1239.89,0.974,technical,"('Miserable Bastard', ""Lemon's Fruit Snacks 2"")"
299303,959.99,0.974,technical,"('Papa Gonzales', 'Puritanical Penis Pack II')"
316965,1031.75,0.974,technical,"('LINTUMIES', 'Suomi 101')"
271824,931.07,0.9739,technical,"('Pure Ruby', 'hi19hi19 Pack 3 - Popcorn Blast JS Buttery Snack Filez')"
250576,1239.01,0.9736,technical,"(""Guardian Angel (Xavier's Edit)"", 'Anime Sucks Ass 1')"
307081,1140.66,0.9736,technical,"('Hello World', ""Skwid's Minipack 9 (Anchor Edition)"")"
285977,1268.36,0.9735,technical,"('4ever', 'midare megapack 5')"
259844,1266.17,0.9732,technical,"('First Town Of This Journey', 'Definitely Not Denpack')"
280642,1388.88,0.9732,technical,"('Chu Chu Lovely Muni Muni Mura', ""Kaiten's dumbstream pack"")"
285424,1142.68,0.9731,technical,"('Miracle', 'Minty Fresh Pack 3')"
290650,1000.3,0.9729,technical,"('Lily Clock', 'Nuclear Blast JS Awesome Bomb Filez 5')"
252596,1452.34,0.9728,technical,"('Vertex GAMMA', 'Areicia Training Pack')"
285347,828.24,0.9728,technical,"('Life for Rent', 'Minty Fresh Pack 4')"
257222,926.13,0.9727,technical,"('[Extra] ANiMA', 'Chordial Blitz')"
285697,1183.84,0.9727,technical,"('Paint It Black', 'Mina Minimegapack 6 (daunrealonez)')"
264645,1092.5,0.9726,technical,"('Vitalization', 'Etterna Explosion Excitepack')"
261430,1162.37,0.9725,technical,"('Konran Shoujo Sofuran-chan!!', 'D E N P A C K  D E F E N S E  F O R C E')"
290673,941.94,0.9725,technical,"('Etude 10-4', 'Nuclear Blast JS Awesome Bomb Filez 4')"
282133,1429.85,0.9724,technical,"('[Extra-1] Scarlatti 2.0 2.0', 'Lofty Dump Minipack 3 (Xclusive Edition)')"
290689,1216.14,0.9724,technical,"('The Hypocrisy', 'Nuclear Blast JS Awesome Bomb Filez 4')"
300996,1179.55,0.9722,technical,"('Antilopa', 'Pachka Dampov (Suka Blyat Ed)')"
253599,1264.16,0.972,technical,"('Meikaruza', 'Bad.End')"
317412,1226.53,0.9719,technical,"('Nhelv', 'STEP_PROJECT')"
285266,1710.99,0.9715,technical,"('Heart of Light', 'Minty zFarts Pack 1')"
259836,1174.7,0.9714,technical,"('Niji wo Ametara', 'Definitely Not Denpack')"
282042,1301.7,0.9714,technical,"('Mastication Numerique', 'Lofty Minipack 3')"
302179,1417.3,0.9714,technical,"('[3-X] THE GOD DAMN POWER RANGERS', 'Rebound Dump Collection Megapack II')"
261435,1009.5,0.9713,technical,"('ゆっくり揉んでね☆ぱいタッチ！', 'D E N P A C K  D E F E N S E  F O R C E')"
271648,1241.68,0.9713,technical,"('OWA Raged in Vegas (Fuck Bees)', 'hi19hi19 Pack 6 - Long Have We Waited')"
288894,913.02,0.9713,technical,"('Tank!', 'ODIPack 2')"
289057,1047.43,0.9711,technical,"('Cynthia', 'ODIpack')"
285696,1220.83,0.971,technical,"('More than a Feeling', 'Mina Minimegapack 6 (daunrealonez)')"
270333,1951.65,0.9709,technical,"('Cyber Induction', 'Grape Cola 2')"
290537,1465.31,0.9709,technical,"('Bailandorape', 'Nuclear Kimchi Chordjack Pack')"
259039,1357.52,0.9707,technical,"('Gigadelic', 'Community Keyboard Megapack - Volume 3 (The Lost Steps)')"
285413,1075.96,0.9707,technical,"('#0000FF', 'Minty Fresh Pack 3')"
285533,1697.15,0.9707,technical,"(""Chokoreito On'nanoko"", 'Minty Fresh Pack 1')"
273801,1131.38,0.9705,technical,"('SUIKINKUTSU', 'Icy X')"
288973,1063.78,0.9705,technical,"('Blue Rose', 'ODIPack3')"
288975,1075.98,0.9704,technical,"('Sin', 'ODIPack3')"
257762,1062.47,0.9701,technical,"('Kill Yourself (Part III)', 'Cesspool of Ribal')"
271762,1295.22,0.9701,technical,"('Heterochromia Iridis', 'hi19hi19 Pack 4 - Modern Keyboardsmash')"
323260,1226.83,0.97,technical,"('Butter Dog', 'Valedumps 3 (Route A)')"
261839,1307.36,0.9699,technical,"(""Neon's OP"", 'Dump Parade')"
264833,1205.18,0.9699,technical,"('Friday Fahrenheit', 'Fennec Fantasy')"
260719,1127.0,0.9697,technical,"('Dyscontrolled Galaxy', ""'d"")"
285329,1064.58,0.9697,technical,"('Ne Uhodi', 'Minty Fresh Pack 4')"
288911,910.53,0.9697,technical,"('Laveran no Shokutaku', 'ODIPack3')"
288943,1161.7,0.9697,technical,"('Lawn Wake II', 'ODIPack3')"
271768,893.86,0.9696,technical,"('Rickshaw Chase', 'hi19hi19 Pack 4 - Modern Keyboardsmash')"
285222,1249.48,0.9695,technical,"('kefi and the nepali mountain mafia = thug life 24h ~indian style~', 'Minty zFarts Pack 2')"
285269,1144.74,0.9695,technical,"('Lucky', 'Minty zFarts Pack 1')"
271693,977.92,0.9694,technical,"('Blastix Riotz', 'hi19hi19 Pack 5 - Streams and Memes')"
282038,1257.57,0.9694,technical,"('Texas Is Forever', 'Lofty Minipack 3')"
304684,1439.6,0.9694,technical,"('Caramelldansen', 'Shadormix')"
310363,1259.62,0.9694,technical,"('Words', 'Speed Training For SM Vol.2')"
288895,1127.63,0.9692,technical,"('Lawn Wake IV', 'ODIPack 2')"
328546,1280.75,0.9692,technical,"('Factory (Vivid Transparency)', 'Yolomania Vol. 3')"
271735,889.8,0.9691,technical,"('少女綺走曲 ~ Speed Battle', 'hi19hi19 Pack 5 - Streams and Memes')"
328994,1267.76,0.9691,technical,"('Pistolet A La Menthe', 'xXxRUSSIAxXx 3')"
271687,811.44,0.969,technical,"('Lifeforce Mysteria (765 BPM Live Mix)', 'hi19hi19 Pack 5 - Streams and Memes')"
324064,1204.28,0.969,technical,"('abnormalize', 'We Are The Sound')"
273799,1260.17,0.9689,technical,"('Cyber Dance', 'Icy X')"
282048,1473.5,0.9689,technical,"('Scarlatti 2.0', 'Lofty Minipack 3')"
290624,953.04,0.9688,technical,"('HAELEQUIN', 'Nuclear Blast JS Awesome Bomb Filez 5')"
271704,821.33,0.9687,technical,"('Battle! (Wild Pokémon)', 'hi19hi19 Pack 5 - Streams and Memes')"
323135,1186.17,0.9687,technical,"('KILL YOURSELF (PART IV)', 'Valedumps 3 (Route B)')"
307143,1247.95,0.9685,technical,"('Machine', ""Skwid's Minipack 5 (Edition)"")"
329179,1059.78,0.9685,technical,"('KUBIK L`DA', 'xXxRUSSIAxXx')"
328527,1215.73,0.9684,technical,"('Frozen World', 'Yolomania Vol. 4')"
264800,1459.84,0.9683,technical,"('Galaxy Friends', 'Fennec Fantasy')"
285368,917.91,0.9682,technical,"('Bracing the Chill', 'Minty Fresh Pack 3')"
274927,1176.61,0.9681,technical,"('Daydream cafe', ""Jackin' It To Anime OPs Pack 1"")"
250587,1172.8,0.9679,technical,"('REASON', 'Anime Sucks Ass 1')"
285883,1066.29,0.9677,technical,"('ringtone', ""midgy's cartography collection III"")"
264832,1107.4,0.9676,technical,"('Bloodstained Ground', 'Fennec Fantasy')"
286047,1192.46,0.9675,technical,"(""ieatyourlevellol's OP"", 'midare megapack 3')"
332719,1404.82,0.9674,technical,"('Japanese Stutter', '(^^) ChordJack Collection')"
329978,1266.17,0.9672,technical,"('Bow Down, You Ignorant Fools!', 'Xayy Lmao Mixtape (Feat. Chill Pill)')"
282159,1259.46,0.9667,technical,"('[5-5] Etude (Record Player)', 'Lofty Dump Minipack 3 (Xclusive Edition)')"
285709,1177.12,0.9667,technical,"('Separate Ways', 'Mina Minimegapack 6 (daunrealonez)')"
307177,1232.41,0.9664,technical,"('Apple Bottom Jeans', ""Skwid's Minipack 3 (Metamemes And More Anime Edition)"")"
285272,1247.39,0.9663,technical,"('X Gon Give it To Ya', 'Minty zFarts Pack 1')"
321846,1180.55,0.9663,technical,"('when I think about you I cut myself', 'timdam snackpack')"
282070,1211.88,0.9662,technical,"('Desire of Ages', 'Lofty Minipack 3')"
271656,1213.88,0.9659,technical,"('Doppelganger', 'hi19hi19 Pack 6 - Long Have We Waited')"
331523,1371.57,0.9658,technical,"('ALTERNATOR', 'Caustic_Conversion')"
250575,996.09,0.9656,technical,"('Walk Like an Egyptian', 'Anime Sucks Ass 1')"
261811,1378.66,0.9656,technical,"('Messiah', 'Dump Parade')"
259174,813.63,0.9655,technical,"('Daisuke', 'Community Keyboard Megapack - Volume 2')"
273845,1341.17,0.9655,technical,"('Becoming Insane', 'Icy X')"
286020,1223.18,0.9654,technical,"('Harder to Breathe', 'midare megapack 4')"
258142,1301.36,0.9653,technical,"('DISREGARD', 'CN.ZK')"
285713,1143.9,0.9649,technical,"(""Call Me When You're Sober"", 'Mina Minimegapack 4')"
271748,1115.51,0.9645,technical,"('High-Priestess', 'hi19hi19 Pack 4 - Modern Keyboardsmash')"
285478,1240.57,0.9645,technical,"('Ignite', 'Minty Fresh Pack 2')"
271711,1173.99,0.9644,technical,"('All your base are belong to ME', 'hi19hi19 Pack 5 - Streams and Memes')"
285477,1266.87,0.9644,technical,"(""It's Gonna Be Me"", 'Minty Fresh Pack 2')"
285766,1342.75,0.9644,technical,"('Rolling in the Deep', 'Stepmania Is A Experience!')"
285350,970.48,0.9643,technical,"('Pretty Young Thing', 'Minty Fresh Pack 4')"
339343,1741.59,0.9642,technical,"('[[Big Mac]] Big Mac Rush', 'Grape Cola 3')"
273375,1172.08,0.9641,technical,"('Pretty Girls with Mental Disorders', 'Initial J First Stage')"
290753,1241.78,0.9641,technical,"('Laser Canon Deth Sentence', 'Nuclear Blast JS Awesome Bomb Filez 2')"
283153,1126.75,0.964,technical,"('Scatman', ""Lemon's Fruit Snacks"")"
330010,1015.68,0.964,technical,"('Hana', 'Xayy Lmao Mixtape (Feat. Chill Pill)')"
282116,1010.24,0.9636,technical,"('Dramophone', 'Lofty Dump MiniPack')"
285781,1342.73,0.9635,technical,"('Paradise', 'Mina Minimegapack 3')"
285753,1326.47,0.9632,technical,"('Nightmare Night', 'Mina Minimegapack 3')"
282861,858.35,0.963,technical,"('loner', 'Light Chancellors Pack 2')"
285767,1404.49,0.963,technical,"('On The Floor', 'Mina Minimegapack 3')"
302245,1393.37,0.963,technical,"('[F-3] 2 Hookers and an Eightball', 'Rebound Dump Collection Megapack')"
250531,1443.63,0.9628,technical,"('Wiseman no Theme', 'Anime Sucks Ass 2')"
322893,991.34,0.9628,technical,"('Run Run Run', 'Untitled Stepmania Pack')"
285685,1053.18,0.9626,technical,"('Crafted In Ice', 'Mina Minimegapack 6 (daunrealonez)')"
285260,1248.13,0.9625,technical,"('Bucurie de floare', 'Minty zFarts Pack 1')"
285221,1386.02,0.9624,technical,"('Big Daddy Of The Rhythm', 'Minty zFarts Pack 2')"
282025,1127.71,0.962,technical,"(""I'm Japanese"", 'Lofty Minipack 4 (Paradise Loft)')"
283693,1188.44,0.962,technical,"('Last Resort', 'Magicschool Arpia')"
282101,1098.15,0.9619,technical,"('Duck Tales', 'Lofty Dump MiniPack')"
283181,1270.59,0.9616,technical,"('Feelsleft0ut', ""Lemon's Fruit Snacks"")"
310369,1369.39,0.9616,technical,"('Snake Eyes', 'Speed Training For SM Vol.2')"
285995,1247.92,0.9614,technical,"('Gimme Dat', 'midare megapack 4')"
323177,1391.1,0.9614,technical,"(""Iylwrychi's OP"", 'Valedumps 3 (Route B)')"
257787,1309.22,0.9613,technical,"(""isokasapupjpujasdfaksjisokapupuja's OP"", 'cesspool of ribal 4')"
273367,1464.44,0.9613,technical,"('NO TURNING BACK', 'Initial J First Stage')"
282104,1274.99,0.9612,technical,"('The Promise', 'Lofty Dump MiniPack')"
268255,1308.23,0.9611,technical,"('High-Priestess', 'hi19hi19 Pack 4 - Modern Keyboardsmash')"
328568,1324.13,0.961,technical,"('The Alchemist', 'Yolomania Vol. 3')"
289050,1339.12,0.9607,technical,"(""Waltz No. 17 in G minor, ''Waltz of the big dogs''"", 'ODIPack3')"
259842,1172.34,0.9605,technical,"('Lowstyle Bomb', 'Definitely Not Denpack')"
268246,1226.78,0.9603,technical,"('煉獄-Purgatorium-', 'Fullerene Shift')"
288955,1088.13,0.96,technical,"('Speed Dial', 'ODIPack3')"
269223,1514.69,0.9599,technical,"('Chik Habit', 'Hard Songs Megapack Volume 2')"
285548,1239.86,0.9599,technical,"('Forever', 'Minty Fresh Pack 1')"
252339,1650.28,0.9595,technical,"('Death Moon', 'Areicia Training Pack')"
282102,1151.5,0.9595,technical,"('Aha!', 'Lofty Dump MiniPack')"
322880,1267.52,0.9595,technical,"('Happy Meal', 'Untitled Stepmania Pack')"
264810,1188.73,0.9593,technical,"('Tout Petit Moineau', 'Fennec Fantasy')"
331560,1214.88,0.9592,technical,"('HAWATARI NIOKU CENTI', 'Caustic_Conversion')"
290566,1003.64,0.9591,technical,"('Future Invasion', 'Nuclear Blast JS Awesome Bomb Filez 5')"
283143,1123.15,0.959,technical,"('Preset Junkies VIP', ""Lemon's Fruit Snacks 2"")"
290551,1169.43,0.9588,technical,"('Dough-Nuts Town Map', 'Nuclear Kimchi Chordjack Pack')"
307190,1152.87,0.9588,technical,"('Kodama Kotodama', ""Skwid's Minipack 2 (Zenith Eoe Edition)"")"
321860,1293.93,0.9587,technical,"('Synthesized Fortress', 'timdam snackpack')"
339385,1424.51,0.9586,technical,"('女の子になりたい', 'Grape Cola 3')"
307144,1430.0,0.9583,technical,"('Abiogenesis', ""Skwid's Minipack 5 (Edition)"")"
328794,1309.6,0.9583,technical,"('Univer Page', 'Yolo Dumps 1')"
270321,1512.06,0.9577,technical,"('BEDLAM', 'Grape Cola 2')"
270319,1418.03,0.9576,technical,"('Classical Insanity', 'Grape Cola 2')"
328691,1088.35,0.9576,technical,"('Moonlight Densetsu', 'Yolomania Vol. 2')"
271746,980.49,0.9572,technical,"(""Piano Concerto No.1 ''Scorpion Fire''"", 'hi19hi19 Pack 4 - Modern Keyboardsmash')"
261398,1422.04,0.9571,technical,"('MUDPIE', 'D E N P A C K  D E F E N S E  F O R C E  2')"
255742,1072.09,0.957,technical,"('Dear Future', 'Celeb Dumplings (Delicious Edition)')"
271645,1097.52,0.9569,technical,"('Diamanté Spectrasplosion', 'hi19hi19 Pack 6 - Long Have We Waited')"
285259,1854.17,0.9568,technical,"('The Marriage of Figaro', 'Minty zFarts Pack 1')"
264079,1340.71,0.9567,technical,"('Caprice No.1', 'Emphasizers pack of extremly hard but perfectly clearable files')"
285536,1136.64,0.9567,technical,"('Everything At Once', 'Minty Fresh Pack 1')"
288982,975.54,0.9563,technical,"('Chronos', 'ODIPack3')"
271794,1282.96,0.9558,technical,"('EternuS', 'hi19hi19 Pack 3 - Popcorn Blast JS Buttery Snack Filez')"
260716,1191.61,0.9557,technical,"('Never Say Dump', ""'d"")"
261830,1500.57,0.9556,technical,"('Senkou Frustration', 'Dump Parade')"
271736,1311.33,0.9555,technical,"('Without You', 'hi19hi19 Pack 5 - Streams and Memes')"
262681,843.21,0.9553,technical,"('Kurokami Midareshi Shura to Narite (Don)', 'Don')"
321771,1453.28,0.9553,technical,"('3.14 (TT mix)', 'Timdam Snackpack 2')"
262454,1305.87,0.9552,technical,"('Dogs', ""DourGent's Minipack 3"")"
250523,1380.56,0.9551,technical,"('Galvanize', 'Anime Sucks Ass  3')"
249335,1192.63,0.9549,technical,"('Kamui', 'Acerola')"
328532,1403.59,0.9549,technical,"('Rave 6', 'Yolomania Vol. 4')"
271683,1070.99,0.9546,technical,"('Chipwrecked', 'hi19hi19 Pack 5 - Streams and Memes')"
271834,1324.73,0.9546,technical,"('HEYYEYAAEYAAAEYAEYAA', 'hi19hi19 Pack 2 - Dumps and Hard Stuff')"
256560,857.26,0.9545,technical,"('Air', 'Community Keyboard Megapack - Volume 1')"
280961,1920.29,0.9545,technical,"('[FINAL] The Big Black', ""Knit's Boss Rush"")"
271689,1178.81,0.9544,technical,"('CirnoRHTL', 'hi19hi19 Pack 5 - Streams and Memes')"
285394,990.55,0.9543,technical,"('Ignition (Remix)', 'Minty Fresh Pack 3')"
283504,1117.81,0.9542,technical,"(""I've Got Rhythm"", 'MarioNintendo Complete Works')"
290596,1249.15,0.954,technical,"('Maniera', 'Nuclear Blast JS Awesome Bomb Filez 5')"
264903,1453.06,0.9539,technical,"('Wareta Ringo', 'Fennec Fallacy')"
307076,1142.36,0.9538,technical,"('I Love Fidget Spinners', ""Skwid's Minipack 9 (Anchor Edition)"")"
318600,982.09,0.9537,technical,"('Boku no Friend', 'Treatpack 1')"
290672,984.33,0.9528,technical,"('Shipwreck Candy', 'Nuclear Blast JS Awesome Bomb Filez 4')"
249345,1110.77,0.9527,technical,"('4airport220trax', 'Acerola')"
258868,1278.15,0.9525,technical,"('Inaiinai Izonshou', 'Compulsive Chordjack Collection')"
290763,1375.72,0.9522,technical,"(""Staiain's OP"", 'Nuclear Blast JS Awesome Bomb Filez')"
285206,1294.46,0.9521,technical,"('l  ιc¢к  ιт', 'Minty zFarts Pack 2')"
307086,944.99,0.9521,technical,"('More One Night', ""Skwid's Minipack 9 (Anchor Edition)"")"
256040,1374.47,0.952,technical,"('Boulafacet', 'Bursts Of A Teitoku Kai')"
271779,1234.26,0.9517,technical,"('/a/', 'hi19hi19 Pack 4 - Modern Keyboardsmash')"
274925,1332.88,0.9515,technical,"('Maware! Setsugekka', ""Jackin' It To Anime OPs Pack 1"")"
328577,1169.7,0.9514,technical,"(""Bangin' Burst"", 'Yolomania Vol. 3')"
246023,1254.71,0.9513,technical,"('sensitive', '34GTR')"
285450,1374.84,0.9512,technical,"('Future Swag', 'Minty Fresh Pack 2')"
290611,1203.06,0.9512,technical,"('Hero From The Past', 'Nuclear Blast JS Awesome Bomb Filez 5')"
251804,1327.41,0.9511,technical,"('Restriction Nightmare', 'Autotelic Jacks')"
282067,1155.66,0.9509,technical,"('Move Your Feet', 'Lofty Minipack 3')"
314823,1533.29,0.9509,technical,"('I Can Fly In The Universe', 'The End')"
290573,1181.34,0.9507,technical,"('Alchemist', 'Nuclear Blast JS Awesome Bomb Filez 5')"
271740,1378.24,0.9505,technical,"('Tunak Tunak Tun', 'hi19hi19 Pack 4 - Modern Keyboardsmash')"
261829,1172.41,0.9503,technical,"('BAD AS FUCK', 'Dump Parade')"
307099,1066.81,0.9502,technical,"('D2R', ""Skwid's Minipack 8 (Ok Here It Is Edition)"")"
290605,1131.18,0.9501,technical,"('SuperSmash Sonic Kombat', 'Nuclear Blast JS Awesome Bomb Filez 5')"
310337,1193.15,0.95,technical,"('STYX HELIX', 'Speed Training For SM Vol.3')"
328483,1216.81,0.95,technical,"('burn this moment into the retina of my eye', 'Yolomania Vol. 4')"
318426,1209.2,0.9499,technical,"('Chen Goes Fishing', 'The leftovers 2')"
269287,1637.74,0.9498,technical,"('Amber Shores Ver.2', 'Hard Songs Megapack Volume 1')"
290631,1056.35,0.9498,technical,"('Astrofalcon', 'Nuclear Blast JS Awesome Bomb Filez 5')"
255644,1063.44,0.9495,technical,"(""I Was The One (80's EUROBEAT STYLE)"", 'cesspool of ribal 2')"
285769,1531.47,0.9495,technical,"('The Next Episode', 'Mina Minimegapack 3')"
328613,1109.44,0.9493,technical,"('Black Cloak Skeleton', 'Yolomania Vol. 3')"
285981,1258.02,0.9489,technical,"('Float On', 'midare megapack 5')"
271775,1159.42,0.9487,technical,"('Fanteucpx[zv', 'hi19hi19 Pack 4 - Modern Keyboardsmash')"
288998,1229.82,0.9486,technical,"('Bit Howl', 'ODIPack3')"
290756,1129.4,0.948,technical,"('Ripcord', 'Nuclear Blast JS Awesome Bomb Filez 2')"
283121,1287.87,0.9478,technical,"('Heterochromia Iridis', ""Lemon's Fruit Snacks 2"")"
285400,1178.27,0.9478,technical,"('Clocks', 'Minty Fresh Pack 3')"
248459,1338.33,0.9474,technical,"('Red Sign', 'Areicia Training Pack')"
285441,1247.54,0.9474,technical,"('Money, Money, Money', 'Minty Fresh Pack 2')"
307212,1152.08,0.9474,technical,"('spring pony', ""Skwid's Minipack"")"
321841,1337.61,0.9474,technical,"('GOD of MADNESS', 'timdam snackpack')"
261821,1319.66,0.9473,technical,"('Another Day', 'Dump Parade')"
317103,802.75,0.9471,technical,"('ADHD', 'Suomi 100.5')"
272467,1507.23,0.9467,technical,"('Frictional Nevada', 'Patashu MegaPack')"
308722,1286.3,0.9467,technical,"(""Can't take my eyes off you"", 'SMOC 8th Package')"
307117,1227.0,0.9465,technical,"('Nyan-Pasu Dance Style', ""Skwid's Minipack 7 (Assault Edition)"")"
264796,1270.19,0.9461,technical,"('Hiroari Shoots a Strange Bird ~ Till When', 'Fennec Fantasy')"
285233,1002.43,0.9461,technical,"('Daredevil', 'Minty zFarts Pack 2')"
288780,979.26,0.9461,technical,"('Over the Fullereneshift', 'SHARPNELSTREAMZ v2')"
271706,1004.19,0.946,technical,"('Midnight Dragon', 'hi19hi19 Pack 5 - Streams and Memes')"
283167,1220.67,0.9458,technical,"('Murderous True Millennium Queen', ""Lemon's Fruit Snacks"")"
290533,1045.3,0.9458,technical,"('Flamingo (WTN3 Remix)', 'Nuclear Kimchi Chordjack Pack')"
261814,1235.47,0.9451,technical,"('GIRIGIRI', 'Dump Parade')"
272642,1090.04,0.9451,technical,"('Loves me not', 'Hard Songs Megapack Volume 7')"
330708,1105.24,0.9451,technical,"('Central DELAY', 'mizuki')"
285216,1341.08,0.945,technical,"('Tipsy', 'Minty zFarts Pack 2')"
329093,1326.98,0.944,technical,"('Lyoshka', 'xXxRUSSIAxXx 2')"
251932,1673.45,0.9437,technical,"('Jinshin Jikode (Sai)teishi', ""ATTang's Bad Files"")"
266788,966.36,0.9437,technical,"('Thrillseeker', 'FFR Community Pack 4')"
257963,1278.22,0.9436,technical,"('0x1311', 'CN.ZK')"
283070,1635.24,0.9436,technical,"('Speedrun', ""Lemon's Panty Shots 3 - Camellia Edition"")"
285474,1069.74,0.9436,technical,"('Blow Me (One Last Kiss)', 'Minty Fresh Pack 2')"
286054,1227.49,0.9436,technical,"('Reflections', 'midare megapack 3')"
290619,1021.57,0.9435,technical,"('Squartatrice', 'Nuclear Blast JS Awesome Bomb Filez 5')"
316985,920.87,0.9433,technical,"('Oisinpa nekru (Mietteitä)', 'Suomi 101')"
328694,829.75,0.9433,technical,"('Tenkuu no Yoake', 'Yolomania Vol. 2')"
271783,768.42,0.9432,technical,"('Reminders', 'hi19hi19 Pack 3 - Popcorn Blast JS Buttery Snack Filez')"
285334,1201.26,0.9432,technical,"('7. The princesses of the 23rd chamber have been dead for some time but the narcotics they had ingested have just now taken on a weird, revitalizing effect on our hot babes. Oh my god, they are here on the Earth again, reborn, hotter than ever guuufhghghfhrr', 'Minty Fresh Pack 4')"
282016,1193.08,0.943,technical,"('The Tide is High', 'Lofty Minipack 4 (Paradise Loft)')"
328703,1044.47,0.9422,technical,"('Christraping Black Breakcore', 'Yolomania Vol. 2')"
258156,1151.0,0.9418,technical,"('Question', 'CN.ZK')"
328077,1035.29,0.9417,technical,"(""The Battle of Lil' Slugger (Ch 1 Boss Extended Cut)"", 'Z.Speed Training For SM Vol.1')"
271686,1844.35,0.9415,technical,"('Shotgun Senorita (Zardonic Remix)', 'hi19hi19 Pack 5 - Streams and Memes')"
285965,1146.25,0.9413,technical,"('A MILLI A MILLI A MILLI', 'midare megapack 5')"
260378,1059.97,0.9411,technical,"('Driving Blare', 'Dark Chanchellors Pack')"
285653,1195.86,0.9411,technical,"('Gravy Beatz', 'Mina Mini Megapack 2(da real onez)')"
307169,1055.52,0.941,technical,"('Kumamiko Dancing', ""Skwid's Minipack 4 U (Big Guy Edition)"")"
272721,1398.42,0.9408,technical,"('Brand X', 'Hard Songs Megapack Volume 6')"
261816,1254.85,0.9399,technical,"('Kimi no Matsu Sekai', 'Dump Parade')"
261832,1240.48,0.9398,technical,"('Welcome to the Uk', 'Dump Parade')"
290593,1011.87,0.9395,technical,"('Rampage', 'Nuclear Blast JS Awesome Bomb Filez 5')"
285351,1197.86,0.9392,technical,"('Deep in My Heart (Cybersix Opening Theme)', 'Minty Fresh Pack 4')"
321795,1303.26,0.9392,technical,"('Chambarising', 'Timdam Snackpack 2')"
269541,1203.25,0.9391,technical,"('Varana', 'Hardpain of Hell')"
264825,1281.55,0.9389,technical,"('Killer Hill', 'Fennec Fantasy')"
285668,1338.16,0.9388,technical,"(""Don't Stop Believing"", 'Mina Mini Megapack 2(da real onez)')"
288985,1090.41,0.9388,technical,"('Jack-the-Ripper', 'ODIPack3')"
271764,957.17,0.9385,technical,"('U.N. Owen Was Her?', 'hi19hi19 Pack 4 - Modern Keyboardsmash')"
285971,1225.05,0.9385,technical,"('Mortal Kombat v2', 'midare megapack 5')"
313850,1094.9,0.9385,technical,"('300', 'Stepocalypse Set 1 - Tiers')"
271763,1071.58,0.9384,technical,"('-+', 'hi19hi19 Pack 4 - Modern Keyboardsmash')"
285665,1258.1,0.9384,technical,"('Misery Business', 'Mina Mini Megapack 2(da real onez)')"
307129,1386.99,0.9384,technical,"('Daisuki Dayo Daisuki Dayo Umaretekite Arigatou', ""Skwid's Minipack 6 (Cute Anime Edition)"")"
280644,1546.97,0.9383,technical,"('Death Piano V. dumbstreamz', ""Kaiten's dumbstream pack"")"
304692,1724.77,0.9382,technical,"(""Cloud Nimbus' Op"", 'Shadormix')"
315260,1146.67,0.9379,technical,"('you so precious when you smile', 'TESTOPACK')"
313848,1463.09,0.9378,technical,"('SAWYK FTWRK', 'Stepocalypse Set 1 - Tiers')"
331581,1263.13,0.9378,technical,"('Aegleseeker', 'Caustic_Conversion')"
285650,1215.52,0.9376,technical,"('Dango Mah Nigga', 'Mina Mini Megapack 2(da real onez)')"
333295,1170.19,0.9373,technical,"('CROSSING DELTA', '#774 Etterna Explosion Excitepack')"
261827,1602.87,0.9372,technical,"('Cory in the House', 'Dump Parade')"
261822,1057.8,0.9371,technical,"('桜', 'Dump Parade')"
285803,1667.68,0.9371,technical,"(""DadBear's OP"", 'Mina Minimegapack')"
251946,1455.64,0.937,technical,"('?????', ""ATTang's Bad Files"")"
285129,1233.57,0.937,technical,"('Lights of Muse', 'Miracle Streamz^2')"
264812,1285.14,0.9369,technical,"('want speed', 'Fennec Fantasy')"
307104,1182.59,0.9367,technical,"('Fruitcake and Cookies', ""Skwid's Minipack 8 (Ok Here It Is Edition)"")"
285199,1365.65,0.9366,technical,"('The lost', 'Minty zFarts Pack 2')"
285722,1174.59,0.9366,technical,"('Fading Like a Flower', 'Mina Minimegapack 4')"
307095,927.79,0.9365,technical,"('DO YOU REMEMBER ME', ""Skwid's Minipack 8 (Ok Here It Is Edition)"")"
285264,852.49,0.9362,technical,"('Slayer rap', 'Minty zFarts Pack 1')"
258152,993.59,0.9361,technical,"('Vertex BETA', 'CN.ZK')"
285372,1018.17,0.936,technical,"('KISS OF DEATH', 'Minty Fresh Pack 3')"
258032,1572.73,0.9359,technical,"('Death Piano', 'CN.ZK')"
290574,976.32,0.9359,technical,"('Black Sheep', 'Nuclear Blast JS Awesome Bomb Filez 5')"
267566,974.37,0.9357,technical,"('Plain Asia', 'Glove Originals')"
328721,1042.43,0.9356,technical,"('Monkey Business', 'Yolomania Vol. 2')"
271681,866.11,0.9355,technical,"('Hatsune Miku no Gekishou', 'hi19hi19 Pack 5 - Streams and Memes')"
272673,1230.62,0.9354,technical,"('A Ballad For Cetaka', 'Hard Songs Megapack Volume 7')"
271680,878.61,0.9352,technical,"('Night Walker', 'hi19hi19 Pack 5 - Streams and Memes')"
272622,1227.3,0.9352,technical,"(""-paexaea's OP"", 'Hard Songs Megapack Volume 7')"
271756,945.96,0.935,technical,"('Exclusive Utopia', 'hi19hi19 Pack 4 - Modern Keyboardsmash')"
328512,1336.39,0.935,technical,"('Bassdrop Freaks', 'Yolomania Vol. 4')"
285457,1491.34,0.9349,technical,"('River of Tuoni', 'Minty Fresh Pack 2')"
323210,792.27,0.9349,technical,"('bury a friend', 'Valedumps 3 (Route A)')"
248804,1403.38,0.9347,technical,"('Try Again', 'ale')"
266647,992.8,0.9345,technical,"('Bird Sprite -Awakening of Light-', 'FFR Community Pack 4')"
354115,1247.67,0.9341,technical,"('CHUPKI V KRUSTA', 'Russian Underground 2')"
274930,1203.95,0.934,technical,"('Nippon Egao Hyakkei', ""Jackin' It To Anime OPs Pack 1"")"
285461,1219.37,0.9337,technical,"('Golden Sky', 'Minty Fresh Pack 2')"
249344,1199.76,0.9334,technical,"('Kibori', 'Acerola')"
252679,998.9,0.933,technical,"('Necrofantasia', 'Areicia')"
328829,1284.96,0.933,technical,"('talk dirty to me', 'Yolo Dumps 1')"
271742,1108.65,0.9328,technical,"(""Le carnaval des animaux, Movement no. 14 ''Finale''"", 'hi19hi19 Pack 4 - Modern Keyboardsmash')"
283124,1440.81,0.9328,technical,"('Sinthasomphone', ""Lemon's Fruit Snacks 2"")"
285688,980.88,0.9327,technical,"(""I'm in Love with Myself"", 'Mina Minimegapack 6 (daunrealonez)')"
328513,1205.39,0.9325,technical,"('Everlasting Message', 'Yolomania Vol. 4')"
328788,1199.69,0.9324,technical,"('Navy', 'Yolo Dumps 1')"
272706,1313.16,0.9321,technical,"('Rockhill', 'Hard Songs Megapack Volume 6')"
250517,1529.97,0.932,technical,"('SON OF SUN', 'Anime Sucks Ass  3')"
256056,1148.85,0.9319,technical,"('Mix a Little Foolishness', 'Bursts Of A Teitoku')"
271788,878.2,0.9316,technical,"('Brain Fluid Explosion Girl', 'hi19hi19 Pack 3 - Popcorn Blast JS Buttery Snack Filez')"
272504,1222.72,0.9316,technical,"('La Campanella(who_cares973)', 'Hard Songs Megapack Volume 9')"
285312,818.6,0.9315,technical,"('Cha Cha', 'Minty Fresh Pack 4')"
260727,1160.49,0.9313,technical,"('Power', ""'d"")"
285513,1718.88,0.9312,technical,"('Juju on that Beat', 'Minty Fresh Pack 1')"
285541,1235.48,0.9311,technical,"('Scapegoat Boy', 'Minty Fresh Pack 1')"
263406,1369.31,0.9308,technical,"('Nostos 2015', 'Etterna')"
269233,1532.42,0.9308,technical,"('Passage D', 'Hard Songs Megapack Volume 2')"
315271,1318.38,0.9308,technical,"('Xxxanax', 'TESTOPACK')"
273369,1164.68,0.9306,technical,"('Bassline Junkie (Explicit)', 'Initial J First Stage')"
279352,695.35,0.9306,technical,"('Fly Swatting', 'Kil')"
323350,1182.16,0.9306,technical,"('KILL YOURSELF (PART III)', 'Valedumps')"
315246,1807.16,0.9304,technical,"('Gamble', 'TESTOPACK')"
259479,926.03,0.9303,technical,"('ADAM', 'Compulsive Chordjack Collection 2')"
271793,1057.03,0.9301,technical,"(""Schur's Theorem"", 'hi19hi19 Pack 3 - Popcorn Blast JS Buttery Snack Filez')"
285485,1001.57,0.9299,technical,"('City of Revelry', 'Minty Fresh Pack 2')"
290565,1015.12,0.9299,technical,"('Cinema', 'Nuclear Kimchi Chordjack Pack')"
261823,1349.47,0.9297,technical,"('She Moves', 'Dump Parade')"
332043,1570.59,0.9297,technical,"('Get Lucky', 'the Leftovers 3')"
264723,1379.84,0.9293,technical,"('Bad Elixir', 'Etterna Explosion Excitepack')"
264828,1207.72,0.9293,technical,"('Infinite Galaxy', 'Fennec Fantasy')"
317011,1042.52,0.9289,technical,"('Ismo danced like Homoja', 'Suomi 100')"
253598,1263.9,0.9288,technical,"('Drop That (Ghettoblaster) v1.1', 'Bad.End')"
328902,1190.23,0.9287,technical,"('Dr. Soulja', 'xXxRUSSIAxXx 3')"
272829,1118.1,0.9286,technical,"('Psicicite', 'Hard Songs Megapack Volume 4')"
269261,1213.87,0.9284,technical,"('Frenzy', 'Hard Songs Megapack Volume 2')"
283180,1010.24,0.9281,technical,"('Air Man ga Taosenai', ""Lemon's Fruit Snacks"")"
323344,1024.09,0.9281,technical,"('Heartfelt Fancy ~ Prie a Dieu', 'Valedumps')"
285706,1380.85,0.9279,technical,"('zDotA', 'Mina Minimegapack 6 (daunrealonez)')"
264827,1107.89,0.9278,technical,"('VaizravaNa', 'Fennec Fantasy')"
271716,1181.05,0.9276,technical,"('Level 1', 'hi19hi19 Pack 5 - Streams and Memes')"
282076,1173.43,0.9276,technical,"(""The Sorcerer's Apprentice"", 'Lofty Dump MiniPack 2')"
288958,1024.64,0.9272,technical,"('Far East Nightbird', 'ODIPack3')"
261820,1194.72,0.9269,technical,"('Do what you wanna do', 'Dump Parade')"
257230,903.55,0.9268,technical,"('[Extra] Hentai', 'Chordial Blitz')"
285463,1117.67,0.9266,technical,"('Down', 'Minty Fresh Pack 2')"
282039,1178.84,0.9265,technical,"('Can You Interpret', 'Lofty Minipack 3')"
318584,823.5,0.9264,technical,"('Sorairo Days(English Cover)', 'Treatpack 1')"
323138,1367.18,0.9264,technical,"('Tim & Zeta in VC', 'Valedumps 3 (Route B)')"
271795,1096.71,0.9258,technical,"(""Shantae- Risky's Revenge Boss Battle"", 'hi19hi19 Pack 3 - Popcorn Blast JS Buttery Snack Filez')"
271669,1468.85,0.9256,technical,"('Kollegah the Boss Engine', 'hi19hi19 Pack 6 - Long Have We Waited')"
289034,1260.77,0.9254,technical,"('Battle! Team Plasma', 'ODIPack3')"
264816,1085.77,0.9253,technical,"('The Oracle', 'Fennec Fantasy')"
283109,1027.4,0.9253,technical,"('Chrono Diver -PENDULUMs-', ""Lemon's Fruit Snacks 2"")"
272691,1382.19,0.9252,technical,"(""gnr61's OP"", 'Hard Songs Megapack Volume 6')"
257226,1021.01,0.925,technical,"('Bullet Waiting For Me', 'Chordial Blitz')"
323183,1586.08,0.9245,technical,"('Gecky Lut', 'Valedumps 3 (Route B)')"
252707,880.23,0.9243,technical,"('Piano x Forte x Scandal', 'Areicia')"
307196,1699.0,0.9242,technical,"('My Heart Will Go On', ""Skwid's Minipack 2 (Zenith Eoe Edition)"")"
271752,1004.16,0.9241,technical,"('Lexus Cyanixs', 'hi19hi19 Pack 4 - Modern Keyboardsmash')"
291287,1295.41,0.924,technical,"('666', ""naetsuka's Megapack"")"
290698,1083.47,0.9238,technical,"('Go!! Super Happy Magic Special', 'Nuclear Blast JS Awesome Bomb Filez 4')"
289009,1162.18,0.9235,technical,"('CirnoRHTL', 'ODIPack3')"
285209,1239.4,0.9229,technical,"('Buckingirl', 'Minty zFarts Pack 2')"
290653,1056.19,0.9228,technical,"('Todestrieb', 'Nuclear Blast JS Awesome Bomb Filez 5')"
327837,1386.87,0.9228,technical,"(""LOWTIERGOD's advice to Etterna players"", ""Vela's Velato v2 - Escape From Reality"")"
271827,1167.86,0.9226,technical,"('The Heavens Have Fallen', 'hi19hi19 Pack 3 - Popcorn Blast JS Buttery Snack Filez')"
308530,1162.47,0.9219,technical,"('Drop It! Yoko!', 'SMOC 8th Package')"
250487,1536.51,0.9218,technical,"(""I'm so lucky lucky"", 'Anime Sucks Ass  3')"
302230,1284.2,0.9218,technical,"(""[3-2] The Bird's Snapshot Lifespan"", 'Rebound Dump Collection Megapack')"
330154,1351.45,0.9217,technical,"('Absolute Domination', 'WoAiNi')"
328649,1469.11,0.9215,technical,"(""Don't Drop that Thun thun"", 'Yolomania Vol. 3')"
286032,1325.31,0.921,technical,"('Spacelove', 'midare megapack 3')"
272660,1262.0,0.9208,technical,"('St. Castawayhand', 'Hard Songs Megapack Volume 7')"
307215,1260.18,0.9208,technical,"('C158H251N39O46S', ""Skwid's Minipack"")"
258192,1477.94,0.9207,technical,"(""Midare's OP v2"", 'CN.ZK')"
263179,1179.94,0.9205,technical,"('Double Helix', 'DZ files 1 - FFR Converts')"
285261,1807.26,0.9205,technical,"('Doge Adventure', 'Minty zFarts Pack 1')"
318506,1386.8,0.9201,technical,"('Coomer.mp4', 'The leftovers 2')"
262639,1313.65,0.92,technical,"('Inferno (Notification Size)', 'dopamine micropack')"
283126,1343.2,0.9197,technical,"('LOSHAXI', ""Lemon's Fruit Snacks 2"")"
261833,1254.81,0.9196,technical,"(""Mac n' Cheese"", 'Dump Parade')"
283114,1100.65,0.9193,technical,"('Lilieze to Enryuu Laevateinn', ""Lemon's Fruit Snacks 2"")"
260234,1467.55,0.9191,technical,"('只因你太美', ""DD & JJ 'S BB"")"
282071,1354.71,0.9189,technical,"('Fortune Teller', 'Lofty Dump MiniPack 2')"
256028,1110.33,0.9187,technical,"('Fives', 'Bursts Of A Teitoku Kai')"
307204,1606.47,0.9181,technical,"('Odore Furufaia', ""Skwid's Minipack"")"
318410,1556.42,0.9178,technical,"('The Leftovers OP', 'The leftovers 2')"
289015,1021.95,0.9177,technical,"(""Captain Murasa's Ass Anchor"", 'ODIPack3')"
256033,1151.28,0.9176,technical,"('Re End of a Dream', 'Bursts Of A Teitoku Kai')"
304291,1145.1,0.9176,technical,"('Aladdin Sane Piano Solo', ""Scintill's Minipack 2"")"
272684,1374.56,0.917,technical,"('Take It To The Floor', 'Hard Songs Megapack Volume 7')"
285786,1184.44,0.9169,technical,"('Oven Manual Song', 'Mina Minimegapack 3')"
256016,1226.03,0.9165,technical,"('Angelic Jelly', 'Bursts Of A Teitoku Kai')"
271825,871.93,0.9165,technical,"('rough', 'hi19hi19 Pack 3 - Popcorn Blast JS Buttery Snack Filez')"
261824,1281.11,0.9164,technical,"('Flex 36', 'Dump Parade')"
257766,1160.88,0.9163,technical,"('Sea Shanty 2', 'cesspool of ribal 4')"
285669,1477.9,0.9159,technical,"('Hot N Cold', 'Mina Mini Megapack 2(da real onez)')"
288851,1042.56,0.9157,technical,"('Cold Heart', 'ODIPack 2')"
286070,1078.76,0.9153,technical,"('Powershifter', ""MetzgerSM's S.E.X. Guitar Pack"")"
288878,905.33,0.9153,technical,"('F', 'ODI2 Solo Conversions')"
256012,1442.56,0.9151,technical,"('Station Cat Waltz', 'Bursts Of A Teitoku Kai')"
323196,1476.61,0.9151,technical,"('B L A C K - R A Y', 'Valedumps 3 (Route A)')"
324068,855.51,0.9151,technical,"('me & u', 'We Are The Sound')"
328671,896.37,0.9145,technical,"('Xepher', 'Yolomania Vol. 2')"
322090,1197.14,0.9144,technical,"('Hawawa MiniLive - Track 1', 'The Void - Then, Now, and the Future')"
307854,680.01,0.9137,technical,"('Hello, Planet3', 'SMOC 4th')"
288992,1327.78,0.9134,technical,"('The Bridgeport Run', 'ODIPack3')"
329803,1240.85,0.9134,technical,"('Counting Gabriel', ""XingRen's Megapack vol.3 (MegaMegaRevolution)"")"
339909,1333.79,0.9132,technical,"('Fisarmonica Impazzita', 'Cucktech')"
289063,924.07,0.912,technical,"('Casket of Star', 'ODIpack')"
272789,1518.43,0.9118,technical,"('Make Me Your Own', 'Hard Songs Megapack Volume 4')"
316942,1326.84,0.9115,technical,"('Mee Vittu Töihin', 'Suomi 101')"
328534,1397.66,0.9114,technical,"('Ice Angel', 'Yolomania Vol. 4')"
317026,953.64,0.9113,technical,"('Ievan Polkka', 'Suomi 100')"
262434,1393.28,0.9109,technical,"('Promise', 'The Leftovers')"
289035,1059.22,0.9108,technical,"('Child Protective Services Theme Song', 'ODIPack3')"
281982,1131.21,0.9107,technical,"('Bloodlust', 'Lofty Minipack 4 (Paradise Loft)')"
288921,1090.1,0.9106,technical,"('I Like Trains', 'ODIPack3')"
307193,1099.77,0.9106,technical,"('Ai no Scenario', ""Skwid's Minipack 2 (Zenith Eoe Edition)"")"
246060,1157.51,0.9102,technical,"('Go For It!!', 'SMOC 8th Package')"
272330,1228.12,0.9102,technical,"('Animalove', 'Hard Songs Megapack Volume 11')"
286058,1267.64,0.9102,technical,"('The Legend of the Rent is Way Hardcore', ""MetzgerSM's S.E.X. Guitar Pack"")"
307078,1557.9,0.9102,technical,"('Blade of the Ruined King', ""Skwid's Minipack 9 (Anchor Edition)"")"
304290,659.26,0.9101,technical,"('Blue Smoke', ""Scintill's Minipack 2"")"
269514,1658.23,0.9098,technical,"('Disconnected', 'Hardpain of Hell')"
282037,1123.86,0.9096,technical,"('Feel Good Funk', 'Lofty Minipack 3')"
331381,1446.4,0.9094,technical,"('紅染十三番街道', 'mizuki')"
246107,1331.46,0.9093,technical,"('Hidamari', '00.interesting files collection 2')"
271700,1109.82,0.9093,technical,"('Overture', 'hi19hi19 Pack 5 - Streams and Memes')"
246033,1164.67,0.9092,technical,"('Trapce', 'SMOC 8th Package')"
283641,1323.32,0.9088,technical,"('Asian guy plays drum on a keyboard', 'Magicschool Arpia')"
288983,988.12,0.9087,technical,"('fffff', 'ODIPack3')"
307098,1056.31,0.9087,technical,"('Antichlorobenzene', ""Skwid's Minipack 8 (Ok Here It Is Edition)"")"
271739,1100.86,0.9085,technical,"('Arianrhod', 'hi19hi19 Pack 4 - Modern Keyboardsmash')"
290675,1296.4,0.9084,technical,"('Beyond Bludgeoned', 'Nuclear Blast JS Awesome Bomb Filez 4')"
256017,1120.49,0.9082,technical,"('Pantscada', 'Bursts Of A Teitoku Kai')"
285782,1293.5,0.9073,technical,"('The Stars Will Aid In Her Escape', 'Mina Minimegapack 3')"
328489,1330.44,0.9072,technical,"('w1sh', 'Yolomania Vol. 4')"
328781,1466.48,0.9061,technical,"('3y3s', 'Yolo Dumps 1')"
300046,1238.17,0.9059,technical,"('True Love', 'POI')"
290717,1073.55,0.905,technical,"('Afraid Of Darkness', 'Nuclear Blast JS Awesome Bomb Filez 3')"
272688,1388.51,0.9046,technical,"(""Midare's OP"", 'Hard Songs Megapack Volume 6')"
302242,1330.76,0.9046,technical,"('[5-4] Duncan Hills Coffee', 'Rebound Dump Collection Megapack')"
272846,1047.31,0.9045,technical,"(""Crow's Ghost"", 'Hard Songs Megapack Volume 3')"
333294,1160.96,0.9045,technical,"('TURN OFF THE LIGHTS (djX NXC RAVE TRIP)', '#774 Etterna Explosion Excitepack')"
285258,1578.81,0.904,technical,"('The Fairly OddParents', 'Minty zFarts Pack 2')"
323300,978.45,0.9039,technical,"('Suis-moi (Reprise)', 'Valedumps 2')"
258848,1148.54,0.9035,technical,"('QZKago Requiem', 'Compulsive Chordjack Collection')"
324138,1330.9,0.9034,technical,"('KAMISORI', 'VSRG Charting Minipack 1')"
260709,1521.57,0.9032,technical,"(""Darkrai's OP"", ""'d"")"
282119,1277.03,0.903,technical,"('Brush Your Teeth', 'Lofty Dump MiniPack')"
246114,1144.38,0.9028,technical,"('HERO', ""Skwid's Minipack 2 (Zenith Eoe Edition)"")"
271868,1413.99,0.9027,technical,"('DEATH PIANO DAMN IT', 'hi19hi19 Pack 2 - Dumps and Hard Stuff')"
280620,1243.27,0.9027,technical,"('Almost There short version', ""Kaiten's dumbstream pack 2"")"
260326,1003.77,0.9014,technical,"('Cosmic Orchestra', 'Dark Chanchellors Pack')"
288934,1280.13,0.9012,technical,"('Autoprocess', 'ODIPack3')"
258798,1235.18,0.901,technical,"('Roly Poly', 'Compulsive Chordjack Collection')"
367748,1178.56,0.9008,technical,"('Sputnik - 3', ""Vela's Velato"")"
264803,1036.64,0.9001,technical,"('ASGORE', 'Fennec Fantasy')"
266639,1283.6,0.9001,technical,"('Dolize', 'FFR Community Pack 4')"
260827,1535.08,0.8998,technical,"('Soulless 4 (Abridged)', ""'cunt"")"
264086,1368.58,0.8986,technical,"('Eruption', 'Emphasizers pack of extremly hard but perfectly clearable files')"
267718,1270.37,0.8986,technical,"('Amerika', 'German Dump Mini Pack 3')"
273828,1194.51,0.8986,technical,"('You Can Play', 'Icy X')"
285202,1362.02,0.8983,technical,"(""James May's Theme song"", 'Minty zFarts Pack 2')"
285964,1429.56,0.8981,technical,"('Poker Face', 'midare megapack 5')"
282052,1202.81,0.8979,technical,"('Bring Me to Life', 'Lofty Minipack 3')"
248849,1236.23,0.8974,technical,"('Arbol de Mango (todos somos necesarios)', 'Agressive Dump Pack')"
307105,1072.58,0.897,technical,"('Utae! Ai no Kouyaku', ""Skwid's Minipack 8 (Ok Here It Is Edition)"")"
289062,915.24,0.8967,technical,"('Sonata Claro de Luna', 'ODIpack')"
248828,1518.36,0.8961,technical,"('GEE', 'Aids Infested Herpies Pack')"
286051,1190.54,0.896,technical,"('Throw Some Ds', 'midare megapack 3')"
286038,1274.74,0.8958,technical,"('Never Had A Friend Like Me', 'midare megapack 3')"
274932,1024.03,0.8955,technical,"('Happy! Lucky! Dochy!', ""Jackin' It To Anime OPs Pack 1"")"
257810,1081.78,0.8953,technical,"('Kasta sten p? Zaghurim', 'Over a Frail Dream')"
259575,1296.17,0.8946,technical,"('DX Choseinou Full Metal Shojo', 'Compulsive Chordjack Collection 2')"
271871,1165.4,0.8945,technical,"('250bpm Mega Project', 'hi19hi19 Pack 2 - Dumps and Hard Stuff')"
271856,1678.9,0.8936,technical,"('Final of Puyo Puyo (8 bit)', 'hi19hi19 Pack 2 - Dumps and Hard Stuff')"
272654,1764.85,0.8929,technical,"('Mortal Kombat', 'Hard Songs Megapack Volume 7')"
288927,974.67,0.8928,technical,"('Eater Merry', 'ODIPack3')"
285315,1221.8,0.8927,technical,"('Rondo Alla Furga', 'Minty Fresh Pack 4')"
271276,1392.03,0.8926,technical,"('DIVA(x1.2ver)', 'Golgo13(Sensationer)')"
271835,1331.25,0.8926,technical,"('M.A.M.A. Gamma', 'hi19hi19 Pack 2 - Dumps and Hard Stuff')"
286052,1158.55,0.8914,technical,"('Syriana', 'midare megapack 3')"
307228,1232.86,0.8912,technical,"('Kimi Wo Nosete', 'Skwid Game')"
259786,1083.52,0.8911,technical,"('Pure Ruby', 'Definitive Keyboard Megapack')"
272821,1424.84,0.891,technical,"('Cold Pizza', 'Hard Songs Megapack Volume 4')"
285800,1677.53,0.8907,technical,"('She Is My Sin', 'Mina Minimegapack')"
285304,1024.01,0.8901,technical,"('a Cappella - Star Wars Theme', 'Minty Fresh Pack 4')"
261402,1199.87,0.8897,technical,"('Future Candy', 'D E N P A C K  D E F E N S E  F O R C E  2')"
285295,1264.19,0.8893,technical,"('Without Cosby', 'Minty zFarts Pack 1')"
271712,937.21,0.8883,technical,"('The Quest', 'hi19hi19 Pack 5 - Streams and Memes')"
245993,1574.75,0.8881,technical,"('Electro Fantasy', 'Yolo Dumps 1')"
286007,1271.22,0.8871,technical,"('Always', 'midare megapack 4')"
271766,1172.0,0.8868,technical,"(""Day 'N' Nite (Andrew Luce Remix)"", 'hi19hi19 Pack 4 - Modern Keyboardsmash')"
282044,1245.32,0.8868,technical,"('Call Me Maybe', 'Lofty Minipack 3')"
302190,1284.87,0.8857,technical,"(""[4-3] OneHandNow's OP"", 'Rebound Dump Collection Megapack II')"
269226,1605.72,0.8852,technical,"(""Nauticus' Tragic Past Revealed"", 'Hard Songs Megapack Volume 2')"
328803,1107.74,0.8848,technical,"('Get Wild', 'Yolo Dumps 1')"
272454,1535.29,0.8828,technical,"('Pokemon Glitch Battle', 'midare megapack 4')"
267754,1251.34,0.8826,technical,"('Reality', 'German Dump mini pack')"
288863,821.29,0.8816,technical,"('Crystal Ann', 'ODI2 Solo Conversions')"
359112,1038.48,0.8815,technical,"('打打打打打打打打打打', '00.interesting files collection 2')"
322913,930.23,0.8814,technical,"('Polyriddim', 'Untitled Etterna Pack')"
342592,1260.53,0.8813,technical,"('[5-2] weeble wobble vip (anti. flip)', 'Etterna Echelon Pack')"
251782,1259.82,0.881,technical,"('Kobura', 'Autotelic Jacks')"
328458,1210.92,0.8807,technical,"('Preserved Valkyria', 'Yolomania Vol. 4')"
289067,880.06,0.8802,technical,"('Healing-D-Vision', 'ODIpack')"
297577,989.03,0.8795,technical,"('The Deep Striker (DJ Myosuke Remix)', 'Oxiclean Stain Remover')"
289012,1218.23,0.8794,technical,"('BSpower explosion', 'ODIPack3')"
271784,1022.12,0.8788,technical,"('Thunder Light', 'hi19hi19 Pack 3 - Popcorn Blast JS Buttery Snack Filez')"
264865,1444.41,0.8787,technical,"('Hamsin', 'Fennec Fallacy')"
282126,1647.99,0.8786,technical,"('[Extra-7] Scat Are!', 'Lofty Dump Minipack 3 (Xclusive Edition)')"
254174,1169.87,0.8785,technical,"('Run Run Bodywash', 'boi')"
328604,1117.09,0.8781,technical,"('BLACK or WHITE ?', 'Yolomania Vol. 3')"
269279,1691.06,0.8779,technical,"('#est', 'Hard Songs Megapack Volume 1')"
288849,1021.1,0.8776,technical,"('fuurin', 'ODIPack 2')"
290757,1227.71,0.8773,technical,"('Maybe All This Time I Was Wrong', 'Nuclear Blast JS Awesome Bomb Filez')"
297583,1024.47,0.8766,technical,"('Lonely', 'Oxiclean Stain Remover')"
328735,1095.54,0.8764,technical,"('Tongues', 'Yolomania Vol. 1')"
264823,1007.21,0.8758,technical,"('Danger', 'Fennec Fantasy')"
260329,1157.45,0.8757,technical,"('Plastic Method', 'Dark Chanchellors Pack')"
307096,1120.8,0.8755,technical,"('worldenddominator', ""Skwid's Minipack 8 (Ok Here It Is Edition)"")"
290657,1071.8,0.8752,technical,"('TRANOID', 'Nuclear Blast JS Awesome Bomb Filez 4')"
264735,850.35,0.8745,technical,"('ConnectHeart', 'Etterna Explosion Excitepack')"
283686,1206.94,0.8736,technical,"(""Running in the 90's"", 'Magicschool Arpia')"
268275,1137.95,0.873,technical,"('~April.#02~', 'Fullerene Shift')"
283583,938.13,0.8723,technical,"('Gerudo Valley', 'MarioNintendo Complete Works')"
329108,1255.19,0.8723,technical,"('Chikatto Chika Chika', 'xXxRUSSIAxXx 2')"
274926,1142.2,0.8712,technical,"('COOLISH WALK', ""Jackin' It To Anime OPs Pack 1"")"
316972,955.18,0.8712,technical,"('Fleur de Lapin', 'Suomi 101')"
264153,1041.13,0.8691,technical,"('Time to wake up', 'Elexon')"
251865,1302.41,0.8682,technical,"('[6] Call Me Maybe', ""ATTang's SunSunMix"")"
339899,1659.78,0.8669,technical,"('[BONUS] Jachnical Madness', 'Cucktech')"
321839,1151.26,0.8665,technical,"('Eurocore MVP (Short Cut)', 'timdam snackpack')"
328459,1250.81,0.8662,technical,"('Blastix Riotz', 'Yolomania Vol. 4')"
318402,1551.17,0.8659,technical,"('worldfunny', 'The leftovers 2')"
261841,1180.31,0.8656,technical,"('Happiness', 'Dump Parade')"
289072,888.82,0.8656,technical,"('Admiral of the Seas', 'ODIpack')"
297581,1062.35,0.8656,technical,"('Dadadadadadadadadada', 'Oxiclean Stain Remover')"
342621,1203.69,0.8647,technical,"('[2-X] \x7f                   Wee Light Departed\n\x7f 6     6    FUN      6  6                                               6 | $0NG BY', 'Etterna Echelon Pack')"
282060,987.78,0.8634,technical,"('Boom Clap', 'Lofty Minipack 3')"
289024,1743.88,0.8622,technical,"('ge4ce vFUR v2', 'ODIPack3')"
321773,1118.73,0.8613,technical,"('Adagaeshi Syndrome', 'Timdam Snackpack 2')"
307805,1143.23,0.8607,technical,"('Pure Ruby', 'SMOC 4th')"
272551,1462.91,0.8602,technical,"('Determinator', 'Hard Songs Megapack Volume 8')"
286034,1323.0,0.8585,technical,"(""Bill Nye's OP"", 'midare megapack 3')"
297554,623.45,0.8577,technical,"('Hello!', 'Oxiclean Stain Remover')"
248827,1209.45,0.8575,technical,"('GEE', 'Aids Infested Herpies Pack')"
328805,1083.17,0.8564,technical,"('Rainbow Road', 'Yolo Dumps 1')"
261812,1129.64,0.8555,technical,"('Baywatch Theme', 'Dump Parade')"
260743,1074.37,0.8544,technical,"(""Civ's OP"", ""'d"")"
307108,1334.99,0.8543,technical,"('The Vital Vitriol', ""Skwid's Minipack 7 (Assault Edition)"")"
322750,1039.43,0.8534,technical,"('Be_Natural', 'V.Hayu')"
267751,1242.08,0.8531,technical,"('Narwhals', 'German Dump mini pack')"
271837,1270.73,0.8529,technical,"('Electric Ladder', 'hi19hi19 Pack 2 - Dumps and Hard Stuff')"
252494,1386.47,0.8515,technical,"('Do you love kepogata?', 'Areicia Training Pack')"
318492,1324.82,0.8514,technical,"('Im. Scatman', 'The leftovers 2')"
272715,1240.43,0.8513,technical,"(""1. Hark! An Angel Cries Out In The Night, Announcing The Birth Of A Set Of Very, Very Attractive Twins. Redheaded And Bold, These Girls Grow Into The Most Fabulous Warrioresses In The Universe. But, Will Their Journey End In Sadness? Find Out, On Ceteka Presents Ceteka's Masterpiece Stepmania Theatre Volume 2"", 'KBO Solo Files (Part VI)')"
269300,1399.7,0.8507,technical,"('340 BPM GABBER', 'Hard Songs Megapack Volume 1')"
280241,952.47,0.8501,technical,"('op.31 ~lyricism~', 'KBO Solo Files Part VII')"
289008,1097.28,0.8499,technical,"('Wooly Mammoth Stomp', 'ODIPack3')"
285547,1324.45,0.8494,technical,"('PPAP', 'Minty Fresh Pack 1')"
328684,1389.74,0.8482,technical,"('華陽炎 -Hana Kagerou-', 'Yolomania Vol. 2')"
269286,1526.42,0.8477,technical,"('PORCO DIO', 'Hard Songs Megapack Volume 1')"
272714,1387.02,0.8465,technical,"('Live forever', 'Hard Songs Megapack Volume 6')"
328449,1073.76,0.8465,technical,"('Mousou Express (Remix)', 'Yolomania Vol. 4')"
251910,1539.75,0.8439,technical,"('Miracle 5ympho X', 'ATTangs Dumpmix')"
290552,980.89,0.8436,technical,"('Launch Base Zone Act 1', 'Nuclear Kimchi Chordjack Pack')"
289053,900.69,0.8429,technical,"('Princess Bride', 'Kilga Originals [186 MB version]')"
258832,1059.45,0.8428,technical,"('Kyouran Hey Kids!!', 'Compulsive Chordjack Collection')"
297557,748.37,0.8423,technical,"('Chen no Gensokyo Ondo', 'Oxiclean Stain Remover')"
272256,1508.92,0.8419,technical,"('Famicom Selecta', 'Hard Songs Megapack Volume 12')"
317120,1746.74,0.8396,technical,"(""Hippie's Satanum"", 'Suomi 100.5')"
315272,1317.14,0.8395,technical,"('Ainahan se on mielessa', 'TESTOPACK')"
307234,1385.9,0.839,technical,"('Why not', 'Skwid Game')"
307232,1374.25,0.8385,technical,"('Elegy', 'Skwid Game')"
261936,832.05,0.8379,technical,"('Polyriddim', ""DumpAss Dude's Dream"")"
255747,1306.36,0.8374,technical,"('[EXTRA] サイバーサンダーサイダー', 'Celeb Dumplings (Delicious Edition)')"
288971,1101.88,0.836,technical,"(""Don't Say Anything"", 'ODIPack3')"
285747,764.09,0.8357,technical,"('Flower Dance', 'Mina Minimegapack 4')"
299338,1129.38,0.8354,technical,"('Maid of Fire', 'Puritanical Penis Pack')"
282123,1373.82,0.8336,technical,"('[3-4] Take Me Away', 'Lofty Dump Minipack 3 (Xclusive Edition)')"
274914,1331.69,0.8325,technical,"('Slam & Max', 'James May Collection of Mildly Decent Files That Includes Weird As Fuck Songs Like Pepper Steak V1')"
251785,1332.48,0.832,technical,"('Battle Song', 'Autotelic Jacks')"
272862,1888.8,0.832,technical,"('Ghost House', 'Hard Songs Megapack Volume 3')"
252483,1469.22,0.8318,technical,"('S.Y.S.T.E.M', 'CN.ZK')"
285678,1473.79,0.8315,technical,"('Lockene 2', 'Mina Minimegapack 6 (daunrealonez)')"
261695,1180.44,0.8314,technical,"('0Ready To Party', 'Dingles Finale')"
290523,871.57,0.8313,technical,"('You are mine, I am yours', 'Nuclear Kimchi Chordjack Pack')"
262457,1174.56,0.8309,technical,"('Pump This', ""DourGent's Minipack 3"")"
328745,992.65,0.8309,technical,"('Applejack Bucks 400 Apple Trees', 'Yolomania Vol. 1')"
290535,1049.77,0.8284,technical,"('Scape Theme', ""Sam's delusional Minipack 2"")"
307203,1458.78,0.8268,technical,"('Run That Train', ""Skwid's Minipack"")"
246669,1580.8,0.8265,technical,"('Ren-chon no Drum and Bass', '10Dollar Dump Dump Revolutions 2')"
257224,985.55,0.8253,technical,"('$100 Bills', 'Chordial Blitz')"
271772,757.33,0.825,technical,"('Cheat Codes', 'hi19hi19 Pack 4 - Modern Keyboardsmash')"
267698,1152.88,0.8246,technical,"('Kpt. Balu', 'German Dump Mini Pack 3')"
250581,981.75,0.8245,technical,"('Sweets parade', 'Anime Sucks Ass 1')"
333502,1753.95,0.823,technical,"('Mysta Megamix', '#774 Etterna Explosion Excitepack')"
271826,959.19,0.8229,technical,"('dr1', 'hi19hi19 Pack 3 - Popcorn Blast JS Buttery Snack Filez')"
271710,718.38,0.8219,technical,"('Huge Threat -Scene 4-', 'hi19hi19 Pack 5 - Streams and Memes')"
288879,1116.14,0.8219,technical,"('Chaoz Japan', 'ODIPack 2')"
260739,881.97,0.8217,technical,"('Oo Makiba wa Midori', ""'d"")"
302241,1324.67,0.8216,technical,"(""[3-X] Omgdidinsane's OP"", 'Stepmania Is A Experience!')"
322795,1385.63,0.8209,technical,"('Illyasviel ZONE', 'V.Hayu')"
331598,1420.99,0.8202,technical,"(""It's about drive it's about power"", 'Caustic_Conversion')"
283209,1186.86,0.8192,technical,"('DRAGONLADY', 'LEINISM')"
297556,892.13,0.8159,technical,"(""The Ultimate Grilling Restaurant! Orin's Hell Mansion!"", 'Oxiclean Stain Remover')"
315220,2120.28,0.8157,technical,"('TRICKL4SH 220', 'TESTOPACK')"
256009,1390.58,0.8147,technical,"('ikazuchi_B', 'Bursts Of A Teitoku Kai')"
256414,1301.12,0.8135,technical,"('#er', ""Bunch of Files You Probably Don't Have 5 -OLD SCHOOL EDITION-"")"
328059,1055.77,0.8134,technical,"('Alleycat Blues', 'zag2')"
282049,1200.09,0.8132,technical,"('zA Amnime Hamtaro', 'Lofty Minipack 3')"
269242,1393.26,0.8118,technical,"('37Dicks', 'Hard Songs Megapack Volume 2')"
272613,1510.33,0.81,technical,"('Does Your Chains Hang Low', 'Hard Songs Megapack Volume 7')"
293584,1065.69,0.8095,technical,"('modern strange cowboy', ""Otaku's Dream Mix 1 kb"")"
260358,1247.16,0.8091,technical,"(""I'm so drunk"", 'Dark Chanchellors Pack')"
260711,1148.09,0.8088,technical,"(""You Wouldn't Know Me"", ""'d"")"
328570,941.16,0.8085,technical,"('Plasma Gun', 'Yolomania Vol. 3')"
280631,1685.52,0.806,technical,"('Orange a rainbow', ""Kaiten's dumbstream pack 2"")"
301998,1052.08,0.8048,technical,"('Kamaitachi', 'Red Fraction Pack')"
267608,1220.21,0.8043,technical,"('A Gunshot to the Head of Trepidation', 'GLoVE NEW-BLOOD ALLSTAR')"
282107,1058.54,0.8039,technical,"('Aerosol Can', 'Lofty Dump MiniPack')"
327493,1163.7,0.8036,technical,"('Art Through Adversity', 'VGMP 4')"
261703,1381.41,0.8003,technical,"('Kanikuly', 'Dingles Finale')"
272876,964.17,0.7981,technical,"('Marisa wa taihen na mono o nusunde ikimashita', 'Puritanical Penis Pack')"
254226,1530.47,0.7975,technical,"('reality.wav', 'Blurk')"
329050,1215.99,0.7947,technical,"('isogu 200 BPM', 'xXxRUSSIAxXx 2')"
285773,1448.29,0.7933,technical,"('Solar flares and better', 'Mina Minimegapack 3')"
359079,1677.68,0.7925,technical,"('antilife', '00.interesting files collection 2')"
290558,1265.65,0.7922,technical,"('Title screen', 'Nuclear Kimchi Chordjack Pack')"
285293,1649.26,0.7921,technical,"('Cascadanite', 'Minty zFarts Pack 1')"
285734,1004.7,0.7894,technical,"(""Snoop's Dreamland"", 'Mina Minimegapack 4')"
289031,1387.57,0.7887,technical,"('Lockene', 'ODIPack3')"
271781,1063.43,0.7876,technical,"(""Snoopin The 3rd '78"", 'hi19hi19 Pack 4 - Modern Keyboardsmash')"
332069,1445.05,0.7851,technical,"('CHINESE TOY PHONE ALL SOUNDS LINE RECORD', 'the Leftovers 3')"
248816,1661.74,0.7827,technical,"(""How Y'all mfs Look With 2 Gigs of Ram"", 'ale')"
332396,940.82,0.7818,technical,"('Aiming High', 'Keyboard 4Butts EP.3')"
272481,1229.58,0.7814,technical,"('Opening Demo', 'Hard Songs Megapack Volume 9')"
267746,1586.04,0.7809,technical,"(""BigBadRossi's OP"", 'German Dump mini pack')"
285728,1380.98,0.7807,technical,"('Rockefeller Street', 'Mina Minimegapack 4')"
300237,1074.13,0.7802,technical,"('Op. 71 No.3', 'Piano Minipack of Elegance')"
254256,1677.36,0.7777,technical,"('RABASLABADABABINGBONG', 'Blurk')"
282131,1154.27,0.7771,technical,"('[2-4] Maid of Fire v2', 'Lofty Dump Minipack 3 (Xclusive Edition)')"
307231,1465.95,0.7763,technical,"(""Let's Get High"", 'Skwid Game')"
342581,1446.47,0.7753,technical,"('[5-X] -160', 'Etterna Echelon Pack')"
285288,1452.58,0.7736,technical,"('Zoidberg the Cowboy', 'Minty zFarts Pack 1')"
262498,1405.9,0.7707,technical,"('Bu Xing', 'hi19hi19 Pack 2 - Dumps and Hard Stuff')"
254149,589.99,0.7687,technical,"('Neptune*Sagashite', 'boiled egg')"
289051,985.79,0.7686,technical,"('OrBiTal', 'ODIPack3')"
279614,843.57,0.7677,technical,"('Petrification', 'Keyboard Mega Pack 1.5')"
260237,1221.27,0.7664,technical,"('Permanent', ""DD & JJ 'S BB"")"
285707,1286.99,0.7652,technical,"('Lofty Plays Accordion', 'Mina Minimegapack 6 (daunrealonez)')"
307226,1456.3,0.7636,technical,"('Angel with a Shotgun LOL', 'Skwid Game')"
285200,1715.02,0.7616,technical,"('Into the sunset', 'Minty zFarts Pack 2')"
271727,985.74,0.7575,technical,"('Major League Can Can', 'hi19hi19 Pack 5 - Streams and Memes')"
299337,1053.79,0.7535,technical,"('Maid of Fire', 'Puritanical Penis Pack')"
302720,1562.74,0.7532,technical,"('Combat Planning', 'Russian Underground')"
264562,1493.3,0.7519,technical,"('WARNING×WARNING×WARNING', 'Etterna Explosion Excitepack')"
271695,1196.62,0.7443,technical,"('Saw-Saw.', 'hi19hi19 Pack 5 - Streams and Memes')"
252727,1303.73,0.7437,technical,"('Ageha', 'Areicia')"
269262,1319.22,0.7423,technical,"(""Bowser's Castle"", 'Hard Songs Megapack Volume 2')"
269282,1429.31,0.7418,technical,"('Sandstorm', 'Hard Songs Megapack Volume 1')"
285268,1600.13,0.7309,technical,"('Telephone Shopping', 'Minty zFarts Pack 1')"
302067,1156.15,0.7296,technical,"(""Cirno's Perfect Math Class"", 'Rebound Vibrajacking Pack II')"
246897,1769.52,0.7293,technical,"('INTERGALACTIC', 'midare megapack 5')"
312521,1019.96,0.7268,technical,"('鳥の歌 V2', 'Stepmania.fi community pack')"
312522,1128.38,0.724,technical,"('鳥の歌 V2', 'Stepmania.fi community pack')"
256857,1214.96,0.7229,technical,"('Busy? Or Dizzy?', ""Bunch of Files You Probably Don't Have 2"")"
269263,1232.66,0.7207,technical,"('K8107', 'Hard Songs Megapack Volume 1')"
315222,1912.23,0.7117,technical,"(""Now You're a Man"", 'TESTOPACK')"
256827,1377.65,0.7083,technical,"('20th Century Fox Flute Edition', ""Bunch of Files You Probably Don't Have 2"")"
315204,1176.4,0.7025,technical,"('popotnik ~ The Traveller of Ljubljana', 'TESTOPACK')"
317097,1038.06,0.7013,technical,"('Olut turvottaa', 'Suomi 100.5')"
354690,1317.89,0.7013,technical,"('Salami Lid', 'Valedumps 4')"
328606,1233.53,0.6991,technical,"('Infinitude Starshine', 'Yolomania Vol. 3')"
260721,1312.83,0.6989,technical,"('2014-05-20 - FDBT', ""'d"")"
283251,951.2,0.6987,technical,"('Betsuni BETSUNI betsuni', 'LEINISM')"
269440,1314.4,0.6982,technical,"('Fuzzys Stole My Shell', 'hard shit 2')"
269474,1349.04,0.6975,technical,"('zl', 'hard shit')"
317394,1121.99,0.6931,technical,"('Boot Sequence', 'STEP_PROJECT')"
283164,1078.24,0.6908,technical,"(""SillyFangirl's OP"", ""Lemon's Fruit Snacks"")"
270188,1351.81,0.6872,technical,"('Six v2', 'Guitar Hero Mega Pack')"
316952,720.29,0.6793,technical,"('rice cows danger situation', 'Suomi 101')"
307173,1433.45,0.6774,technical,"('Delta Decision', ""Skwid's Minipack 3 (Metamemes And More Anime Edition)"")"
307221,1315.58,0.6772,technical,"('Hollow Hunger', 'Skwid Game')"
262157,1417.93,0.6744,technical,"('K8107', 'DukAmok Originals')"
318432,1697.98,0.6582,technical,"('hhh', 'The leftovers 2')"
251803,1252.99,0.6517,technical,"('Brainstorm', 'Autotelic Jacks')"
271830,1695.04,0.6513,technical,"('Wrath Of The Wind God', 'hi19hi19 Pack 2 - Dumps and Hard Stuff')"
258452,900.46,0.649,technical,"('Burning Heat!', 'Cirque du Jackhummer')"
272666,1276.24,0.6489,technical,"('Fire', 'Hard Songs Megapack Volume 7')"
271696,1670.53,0.6296,technical,"('Saw-Saw.', 'hi19hi19 Pack 5 - Streams and Memes')"
256591,2002.33,0.6259,technical,"('attang', ""Bunch of Files You Probably Don't Have 4"")"
258441,1086.92,0.6225,technical,"('Rocket Punch!!', 'Cirque du Jackhummer')"
307217,1502.04,0.6224,technical,"('Melt', 'Skwid Game')"
252624,1511.7,0.6161,technical,"('Guillaume Tell', 'Areicia')"
291334,1412.4,0.615,technical,"('Cupcakes', 'My Little Pony Season 01 Pack')"
272457,1704.8,0.6104,technical,"('Pac Man', 'Hard Songs Megapack Volume 9')"
268061,736.56,0.6097,technical,"('Naraka', 'G0')"
258454,1361.14,0.6062,technical,"('Guillaume Tell', 'Cirque du Jackhummer')"
258462,1210.83,0.5978,technical,"('zl', 'Cirque du Jackhummer')"
258448,1092.72,0.5903,technical,"('Fuzzys Stole My Shell', 'Cirque du Jackhummer')"
258458,1283.26,0.5899,technical,"('CAPTAIN JACK', 'Cirque du Jackhummer')"
318462,1261.43,0.5759,technical,"('Make your own End time', 'The leftovers 2')"
302129,1740.14,0.5656,technical,"('Arch0wl', 'Rebound Vibrajacking Pack')"
258447,1263.5,0.5592,technical,"('Hyper Pressure', 'Cirque du Jackhummer')"
256429,1810.02,0.5495,technical,"('DASTER', ""Bunch of Files You Probably Don't Have 5 -OLD SCHOOL EDITION-"")"
256440,1453.93,0.5395,technical,"('zl', ""Bunch of Files You Probably Don't Have 5 -OLD SCHOOL EDITION-"")"
268062,646.07,0.533,technical,"('Naraka', 'G0')"
285731,1813.34,0.5252,technical,"('Distorted Reality', 'Mina Minimegapack 4')"
248848,794.44,0.4461,technical,"('Arbol de Mango (todos somos necesarios)', 'Agressive Dump Pack')"
355946,559.21,0.3608,technical,"('Polyloop GAMMMA GAMMA GAMMA', ""Goober 'n Friends"")"
331128,1762.3,1.1398,stream,"('REIMU2RAVE', 'mizuki')"
276937,1658.89,1.1311,stream,"('star sky', ""jj & dd 's bb"")"
343557,1565.73,1.1286,stream,"('Twilight of the Gods', 'Volvo Gaming Pack 3')"
342248,1280.44,1.1197,stream,"('The Lost Dedicated', ""Kauitsu's Soup Pack 3"")"
285875,1240.14,1.115,stream,"('Live Another Day', ""midgy's cartography collection III"")"
342288,1531.86,1.1109,stream,"('El Paso Del Gigante', ""Kauitsu's Soup Pack 5"")"
270343,1652.34,1.1081,stream,"('恋せよ乙女！', 'Grape Cola 2')"
280041,1239.88,1.1077,stream,"('Pacific Rim Imitation Network', 'KervilMosley minipack 2 (den perzev edition)')"
342289,1819.38,1.1058,stream,"('[BOSS] Let it Rock', ""Kauitsu's Soup Pack 5"")"
343546,1372.7,1.1052,stream,"('Noborenai Sakamichi', 'Volvo Gaming Pack 3')"
339951,1113.4,1.1046,stream,"('らぶびーむ！！', 'DenpaDumps')"
345092,1521.81,1.1035,stream,"(""dreamin' feat.Ryu☆"", 'Etterna Extra Package')"
270296,1230.62,1.1014,stream,"('Ｔｈｅ Ｌｅｇｅｎｄａｒｙ Ｔｈｅｍｅ', 'Grape Cola 2')"
261928,1267.54,1.0967,stream,"('環太平洋擬装網', ""DumpAss Dude's Dream"")"
270303,1370.44,1.0963,stream,"('Suddenly', 'Grape Cola 2')"
344244,1598.14,1.0953,stream,"('Starboy', 'Milla Minipack 4 - Friendship')"
340490,1141.75,1.0937,stream,"('FACE', 'Jerking pack')"
261926,1333.78,1.0921,stream,"('A Song of Storm and Fire', ""DumpAss Dude's Dream"")"
354678,1286.38,1.0916,stream,"('Place in this world', 'Valedumps 4')"
350364,1449.74,1.0901,stream,"('Tsingis Khan - Dschingis Khan', 'Akseli Pack')"
339295,1585.84,1.0898,stream,"('キメラ', 'Grape Cola 3')"
261922,1373.08,1.0897,stream,"('Dynatsy', ""DumpAss Dude's Dream 2"")"
324312,1065.0,1.0893,stream,"('New Rules', 'Volvo Gaming Pack 2')"
352621,1346.18,1.089,stream,"('Meat Grinder', 'Abrasive Dumps')"
352611,1335.12,1.0885,stream,"('Suit & Tie (cut)', 'Abrasive Dumps')"
338869,1395.14,1.0881,stream,"('Destroid 8 Annihilate (Cut Ver.)', 'Polarin Pack 3')"
339377,1457.72,1.088,stream,"('Lilium', 'Grape Cola 3')"
250501,1609.99,1.0878,stream,"('Fallen Leaves', 'Anime Sucks Ass  3')"
350636,1388.03,1.0871,stream,"('Omega Rhythm', 'Helvetica Standard')"
339351,1698.59,1.087,stream,"('Caramelldansen', 'Grape Cola 3')"
339366,1011.89,1.0865,stream,"('はじめて♡しましょ!', 'Grape Cola 3')"
351205,1500.4,1.0859,stream,"('Blue-White Crazystars', 'SD Pack')"
350801,1559.91,1.0857,stream,"('Gang-Plank Galleon (Final Boss Remix)', 'Brazil Schizo files')"
357969,947.43,1.0851,stream,"('Kiss Me Thru the Phone', 'Demure Dumps')"
252241,1610.38,1.0841,stream,"('Bleed DMG +6', 'ART ATTACK')"
253936,794.32,1.0827,stream,"('Huifu (Recovery)', 'Breakcore Princess')"
341714,1326.11,1.082,stream,"('Father Stretch My Hands Pt. 1', 'untitled minipack1')"
338692,1513.38,1.0817,stream,"('Ego Death', 'Polarin Pack 5')"
352582,1346.36,1.0817,stream,"('Melting', 'Purple Ensemble')"
350450,1087.99,1.0816,stream,"('Chrysalis', 'owo tappies 3')"
260900,1404.88,1.0809,stream,"('Mis Mu Denssit On?', 'Crazy Culinary Revolutions')"
338878,1629.45,1.0809,stream,"('M-A', 'Polarin Pack 3')"
270331,1448.97,1.0808,stream,"('I Miss You', 'Grape Cola 2')"
341066,1547.09,1.0802,stream,"('Monolith', 'StreamSnipes')"
350650,1225.22,1.0801,stream,"('Watercolour', 'Helvetica Standard')"
253591,1245.32,1.0797,stream,"('PDA', 'BangerZ')"
338877,1566.2,1.0796,stream,"('Buddy Holly', 'Polarin Pack 3')"
352600,1957.56,1.079,stream,"('_8-988-228-14-88', 'Purple Ensemble')"
339327,1190.87,1.0789,stream,"('タイニーリトル・アジアンタム', 'Grape Cola 3')"
350361,1542.74,1.0789,stream,"('Paradigm', 'Akseli Pack')"
343537,913.97,1.0787,stream,"('Immortals', 'Volvo Gaming Pack 3')"
339296,1753.17,1.0783,stream,"('Heavyweight', 'Grape Cola 3')"
354660,1287.74,1.0782,stream,"('Hoot', 'Valedumps 4')"
270399,1578.76,1.0776,stream,"('Devils Never Cry', 'Grape Cola')"
339338,1318.47,1.0768,stream,"('I Wish', 'Grape Cola 3')"
270338,1404.5,1.0762,stream,"('Dancer in the Smoke', 'Grape Cola 2')"
270324,1528.02,1.0759,stream,"('菜の花', 'Grape Cola 2')"
302652,1595.63,1.0759,stream,"('自強號', 'Russian Underground')"
270366,1564.31,1.0756,stream,"('Enter Sandman', 'Grape Cola 2')"
260887,1277.41,1.0755,stream,"(""【XERO'S PANDEMONIUM VOL。1】【www。valeriabounzen。com】"", 'Crazy Culinary Revolutions')"
343772,1350.3,1.0755,stream,"('LOVE BEAM!!', 'Celeb Dumplings 2 (I Love My Friends Edition)')"
338934,1332.35,1.0749,stream,"('TIEFSEE', 'Polarin Pack 4')"
323239,1129.04,1.0745,stream,"('シュガーソングとビターステップ', 'Valedumps 3 (Route A)')"
354633,1416.44,1.0742,stream,"('Supernova', 'Valedumps 4')"
323199,1263.42,1.0739,stream,"('Helena', 'Valedumps 3 (Route A)')"
328885,1429.96,1.0739,stream,"('Frozen Beach', 'xXxRUSSIAxXx 3')"
270369,1327.71,1.0734,stream,"('oddloop', 'Grape Cola 2')"
338883,1400.8,1.0731,stream,"('Blue Zenith', 'Polarin Pack 3')"
354576,1295.79,1.073,stream,"('Kiss The Girls', 'Valedumps 4')"
257771,1480.5,1.0725,stream,"('Absence', 'cesspool of ribal 4')"
343551,1454.41,1.0725,stream,"('Himegoto*Crisisters (TV Size)', 'Volvo Gaming Pack 3')"
350676,1592.54,1.0724,stream,"('Will Be Venus', 'Helvetica Standard')"
354714,1035.33,1.0723,stream,"('Jinsei Bimi Raisan', 'Valedumps 4')"
261953,1041.62,1.0716,stream,"('Hysteric Night Girl (android52 Edit)', ""DumpAss Dude's Dream"")"
350571,1291.58,1.0714,stream,"('BRAZILIAN DACNA PHONK', 'Psychotic Dumps')"
354649,1138.37,1.0707,stream,"('From The Start', 'Valedumps 4')"
301874,1579.22,1.0705,stream,"('Childhood Friend (cut ver.)', ""Restia's Restroom 21"")"
352626,1234.65,1.0699,stream,"('Die For You', 'Abrasive Dumps')"
342885,1337.38,1.0698,stream,"('Silent Shadows (Mind Vortex Remix)', 'interesting files i found in my discord dms')"
280059,1295.42,1.0697,stream,"('Зори', 'KervilMosley minipack 2 (den perzev edition)')"
343535,1273.94,1.0686,stream,"('Greedy', 'Volvo Gaming Pack 3')"
270322,1324.23,1.0685,stream,"('Remember Summer Days', 'Grape Cola 2')"
261978,1386.52,1.0678,stream,"(""Snow halation but shawty's like a melody in my head"", ""DumpAss Dude's Dream"")"
285158,1571.89,1.0678,stream,"('Lalala.Refrain', 'Miracle Streamz^2')"
338873,1245.3,1.0671,stream,"('Bad Romance (Cut Ver.)', 'Polarin Pack 3')"
257764,1572.86,1.067,stream,"('Time', 'cesspool of ribal 4')"
290859,1515.33,1.0668,stream,"('Necro Fantasia', 'Nostealpack')"
261967,1027.33,1.0664,stream,"('В Лунном Свете', ""DumpAss Dude's Dream"")"
270384,1595.83,1.0661,stream,"('Credens Justitiam', 'Grape Cola')"
339346,1387.26,1.0661,stream,"('Goodbye', 'Grape Cola 3')"
354618,1483.35,1.0659,stream,"('[BONUS 2] wwheresmyjuul?', 'Valedumps 4')"
354577,1368.94,1.0654,stream,"('My Last Stand', 'Valedumps 4')"
354720,1351.5,1.0654,stream,"('Joker (Vocaloid ver.)', 'Valedumps 4')"
350359,1249.94,1.0652,stream,"('Koigokoro', 'Akseli Pack')"
270344,1318.25,1.065,stream,"('Me Tengo Que Ir', 'Grape Cola 2')"
250509,1379.96,1.0649,stream,"('If Heaven Were to Fall (Nightcore Mix)', 'Anime Sucks Ass  3')"
339937,1087.48,1.0646,stream,"('熱愛105°C的你', 'DenpaDumps')"
331525,1475.34,1.0642,stream,"('Love Song [Black Dorna]', 'Caustic_Conversion')"
339356,1349.47,1.0639,stream,"('Glitter', 'Grape Cola 3')"
342585,1550.52,1.0639,stream,"('[F-1] Mikasa', 'Etterna Echelon Pack')"
250535,1175.91,1.0634,stream,"('Dream Island Obsessional Park', 'Anime Sucks Ass 2')"
315266,1499.61,1.0634,stream,"('サクライロフワリ', 'TESTOPACK')"
255620,1401.08,1.0633,stream,"('145 (Poodles)', 'cesspool of ribal 3')"
299048,1406.28,1.0633,stream,"('[DUMP]夕立のりぼん', 'Overloading Stamina Training Megapack SS')"
351971,1225.44,1.0631,stream,"('Fuckman', 'Butter Cookies')"
298975,1624.63,1.063,stream,"('Cold Breath', 'Overstream')"
350660,1474.76,1.063,stream,"('Pirupi', 'Helvetica Standard')"
261981,1362.56,1.0628,stream,"('Туман', ""DumpAss Dude's Dream"")"
339333,1350.37,1.0624,stream,"('蛹', 'Grape Cola 3')"
260932,1810.55,1.0623,stream,"('Heavyweight', 'Crazy Culinary Revolutions')"
338870,1642.44,1.062,stream,"('八大地獄邪魂転生狂葬散火歌', 'Polarin Pack 3')"
270367,1546.33,1.0616,stream,"('My Spirit Will Go On', 'Grape Cola 2')"
322649,1263.68,1.0615,stream,"('Asymmetry', 'Two-pack')"
270308,1667.84,1.0612,stream,"('絶対特権主張しますっ!', 'Grape Cola 2')"
345424,1235.08,1.0611,stream,"('Paa', 'ManiManiAC 2022')"
354667,1244.08,1.0598,stream,"('DAYTONA USA', 'Valedumps 4')"
299176,1812.21,1.0596,stream,"('toromi hearts 2', ""Rachel's Rabifiles"")"
285301,1190.53,1.0594,stream,"('The Message', 'Minty Fresh Pack 4')"
323232,1295.38,1.0593,stream,"('Eiyuu no Uta', 'Valedumps 3 (Route A)')"
342874,1491.28,1.0593,stream,"('Slider', 'interesting files i found in my discord dms')"
270301,1333.32,1.0592,stream,"('Beautiful World', 'Grape Cola 2')"
315196,1614.38,1.0591,stream,"('banana man', 'TESTOPACK')"
342521,1062.47,1.0591,stream,"('Moondive', 'Charting Secret Santa 2023')"
257775,1478.42,1.0588,stream,"('Drunxpla', 'cesspool of ribal 4')"
261973,1353.31,1.0587,stream,"('脱法ロック', ""DumpAss Dude's Dream"")"
261860,1409.77,1.0586,stream,"('xXXi_wud_nvrstøp_ÜXXx (Remix) [feat. Tommy Cash & Hannah Diamond]', ""DumpAss Dude's Dream 2"")"
299155,1509.18,1.0583,stream,"('kirihirake! Gracie Star', ""Rachel's Rabifiles"")"
304651,2039.88,1.0577,stream,"('Drop Down', 'Shadormix 2')"
285160,1522.51,1.0575,stream,"('シルエット', 'Miracle Streamz^2')"
263161,1192.07,1.0574,stream,"('High Hopes', ""DZ files 2 - Dumps n' Stuff"")"
299160,1559.53,1.0571,stream,"('Namidasou Outomata', ""Rachel's Rabifiles"")"
257772,1440.77,1.0568,stream,"('Sandmann', 'cesspool of ribal 4')"
343559,1392.42,1.0568,stream,"('Witches Brew', 'Volvo Gaming Pack 3')"
354627,1307.12,1.0568,stream,"(""I'm So Sick"", 'Valedumps 4')"
297597,1144.97,1.0565,stream,"('A Report To The Shareholders', 'owo tappies')"
343544,1633.52,1.0562,stream,"('Smile of the End', 'Volvo Gaming Pack 3')"
333261,1332.71,1.056,stream,"('Mimimi', 'Lorem Ipsum')"
354668,1358.01,1.056,stream,"('يمكن .. !!', 'Valedumps 4')"
339320,1245.77,1.0559,stream,"('Diamond in the Sky (Remix)', 'Grape Cola 3')"
276914,1627.69,1.0558,stream,"('Xecus', ""jj & dd 's bb"")"
343570,1293.11,1.0556,stream,"('Oddloop (Cut Ver.)', 'Volvo Gaming Pack 3')"
353053,1321.41,1.0555,stream,"('Dreamcore', 'Kazye Minipack 2')"
253408,1125.48,1.0551,stream,"('Mortal Kombat Theme', 'BangerZ 2')"
342878,1648.86,1.0551,stream,"('Sleepwalking', 'interesting files i found in my discord dms')"
354676,1192.7,1.055,stream,"('Radiant', 'Valedumps 4')"
338874,1295.89,1.0549,stream,"('Amor De Verão', 'Polarin Pack 3')"
339381,1201.4,1.0549,stream,"('Get Low (feat. Ying Yang Twins)', 'Grape Cola 3')"
270318,1784.09,1.0543,stream,"('I Will Survive', 'Grape Cola 2')"
338897,1461.06,1.0543,stream,"('Asymmetry', 'Polarin Pack 3')"
342240,1148.88,1.0543,stream,"('I Wanna Go', ""Kauitsu's Soup Pack 3"")"
345972,1148.97,1.0541,stream,"('[330 bpm] Kanpai', 'S.T.U.F.F (Stream till ur fucking fast)')"
253587,1272.7,1.0535,stream,"(""I'll Make a Man Out of You"", 'BangerZ')"
280050,1357.86,1.0529,stream,"('Marie', 'KervilMosley minipack 2 (den perzev edition)')"
270325,1377.07,1.0528,stream,"('Boy Division', 'Grape Cola 2')"
285487,1395.67,1.0527,stream,"('Virtue and Vice', 'Minty Fresh Pack 2')"
260921,1282.85,1.0526,stream,"('Caramelldansen', 'Crazy Culinary Revolutions')"
342564,1004.7,1.0526,stream,"('Il magnifico cornuto', 'Charting Secret Santa 2023')"
285196,1547.64,1.0521,stream,"('Xecus', 'Miracle Streamz')"
270350,1909.28,1.052,stream,"('Night Club Junkie', 'Grape Cola 2')"
341605,1156.14,1.052,stream,"('September', 'This Could Have Been Your Pack')"
302708,1481.0,1.0516,stream,"('JEWELS', 'Russian Underground')"
339365,1700.12,1.0513,stream,"('The Blue Sanctuary', 'Grape Cola 3')"
354744,1321.08,1.0513,stream,"('ACIDGLINT', 'Valedumps 4')"
338908,1544.08,1.0512,stream,"('Electrodynamix (Cut Ver.)', 'Polarin Pack 3')"
339369,1476.79,1.0512,stream,"('Lilith', 'Grape Cola 3')"
270356,1255.24,1.051,stream,"('言の葉クリニック', 'Grape Cola 2')"
298984,1460.8,1.0509,stream,"('STYX HELIX', 'Overstream')"
304407,1292.69,1.0509,stream,"('Candy a Mine', 'Sawasdee ET')"
345995,1185.77,1.0509,stream,"(""[324 bpm] The Lost One's Weeping"", 'S.T.U.F.F (Stream till ur fucking fast)')"
321777,1332.41,1.0508,stream,"(""It's All About You"", 'Timdam Snackpack 2')"
270312,1312.92,1.0507,stream,"('優しさの理由', 'Grape Cola 2')"
255658,1452.08,1.0506,stream,"('L4.8TS', 'cesspool of ribal 2')"
260915,1459.77,1.0504,stream,"('La Gallina Turuleca', 'Crazy Culinary Revolutions')"
260901,1388.46,1.0502,stream,"('History', 'Crazy Culinary Revolutions')"
342264,989.4,1.0501,stream,"('Poker Face', ""Kauitsu's Soup Pack 4"")"
342246,1200.24,1.05,stream,"('The Safety Dance (Derrival Cover)', ""Kauitsu's Soup Pack 3"")"
339344,1348.27,1.0496,stream,"('[Extra] Plastic Promises', 'Grape Cola 3')"
285128,1745.06,1.0493,stream,"('センダンライフ', 'Miracle Streamz^2')"
285262,1163.26,1.0488,stream,"('Fera Ventura', 'Minty zFarts Pack 1')"
307384,1312.19,1.0487,stream,"('Dimension', ""Ska-Cola Machin'"")"
339314,1218.33,1.0487,stream,"('戦下のバレリーナ', 'Grape Cola 3')"
270285,1227.48,1.0486,stream,"('Crazy For You', 'Grape Cola 2')"
350352,1386.41,1.0485,stream,"('679', 'Akseli Pack')"
323314,1360.27,1.0479,stream,"('22：41', 'Valedumps 2')"
352615,1189.0,1.0478,stream,"('Zombies on Your Lawn', 'Abrasive Dumps')"
250513,986.48,1.0477,stream,"('Nightcore - du hast dich entschieden', 'Anime Sucks Ass  3')"
307124,1441.95,1.0477,stream,"('Battle Of Arcane Might', ""Skwid's Minipack 6 (Cute Anime Edition)"")"
346816,1192.1,1.0474,stream,"('Aquaris (Sped Up Ver.)', ""rockin'"")"
285324,1348.42,1.0472,stream,"('LOVE IS ORANGE', 'Minty Fresh Pack 4')"
307380,1290.38,1.0471,stream,"('You and I', ""Ska-Cola Machin'"")"
323206,1104.15,1.0469,stream,"(""Around'n'Around"", 'Valedumps 3 (Route A)')"
285397,1265.77,1.0466,stream,"('Sk8ter Boi', 'Minty Fresh Pack 3')"
287701,1143.7,1.0464,stream,"('Reptilia', 'Monheim Feedbacker Pack')"
338716,1232.93,1.0464,stream,"('Desert Theater', 'Polarin Pack 5')"
338656,1001.47,1.0463,stream,"('LOVE DIVE', 'Hallyu Dump Pack')"
315251,1239.02,1.0461,stream,"('san nen me no uwaki', 'TESTOPACK')"
261904,1125.12,1.046,stream,"('熱愛105℃的你', ""DumpAss Dude's Dream 2"")"
353247,1185.84,1.046,stream,"('Cold Planet', ""Tera's Megapack Volume 3"")"
302644,1422.78,1.0459,stream,"('遮眼大師', 'Russian Underground')"
352994,1872.64,1.0458,stream,"('Finale', 'ForgoPresent')"
354581,988.66,1.0456,stream,"('Espresso', 'Valedumps 4')"
255629,1253.27,1.0455,stream,"('Antiadore', 'cesspool of ribal 3')"
307082,1322.81,1.0455,stream,"('Halloween of the Dead', ""Skwid's Minipack 9 (Anchor Edition)"")"
315199,1886.99,1.0455,stream,"(""The World's End"", 'TESTOPACK')"
300125,1405.42,1.0454,stream,"('Kis-Miau', 'pink void')"
339292,1197.31,1.0452,stream,"(""Wind's Nocturne (Luna's Boat Song)"", 'Grape Cola 3')"
283106,1341.92,1.0451,stream,"('Kisetsu wa Tsugitsugi Shindeiku', ""Lemon's Panty Shots"")"
338070,1175.13,1.045,stream,"('Animal I Have Become', ""EM2's Etterna Dumpster"")"
352634,1345.97,1.0449,stream,"('Magnetic', 'Abrasive Dumps')"
270357,1263.25,1.0447,stream,"('Perfume x Superstar', 'Grape Cola 2')"
261900,1268.83,1.0443,stream,"('BF2014', ""DumpAss Dude's Dream 2"")"
329001,1289.6,1.0441,stream,"('Вторая Мировая', 'xXxRUSSIAxXx 3')"
343748,1510.12,1.0439,stream,"('08 omegle (prod zoot + angelus) - saturn', '#RIPSKLITTER')"
323349,1183.75,1.0438,stream,"('Pretty Handsome Awkward', 'Valedumps')"
270383,1333.48,1.0437,stream,"('Tropical April', 'Grape Cola')"
290858,1512.02,1.0437,stream,"('Canada National Anthem', 'Nostealpack')"
261865,1269.98,1.0436,stream,"('キャットラビング', ""DumpAss Dude's Dream 2"")"
327938,1095.05,1.0436,stream,"('Yozakura', 'Zora Princess')"
250520,1661.48,1.0434,stream,"('Skrillex Cinema NIGHTCORE!!!', 'Anime Sucks Ass  3')"
255609,1356.77,1.0432,stream,"('Veneno', 'cesspool of ribal 3')"
343566,1046.74,1.0432,stream,"('Blueberry Stream', 'Volvo Gaming Pack 3')"
274837,1333.61,1.0431,stream,"('In the Pit', 'James May Minipack 6')"
285159,1567.38,1.0427,stream,"('Lalala.Refrain', 'Miracle Streamz^2')"
264791,1095.43,1.0426,stream,"('Takas Pelikentil', 'Fennec Fantasy')"
352592,1387.03,1.0426,stream,"('Gone Angels', 'Purple Ensemble')"
315261,1551.61,1.0425,stream,"('Necrofantasia', 'TESTOPACK')"
339887,1070.77,1.0425,stream,"('Get Hyper (Radio Edit)', 'Cucktech')"
261869,1249.59,1.0423,stream,"('Thuggin 4 My Baby', ""DumpAss Dude's Dream 2"")"
270287,1341.67,1.0422,stream,"('デザート・シアター', 'Grape Cola 2')"
282157,1412.34,1.0421,stream,"(""Smokin' Drinkin'"", 'Lofty Dump Minipack 3 (Xclusive Edition)')"
350651,1336.07,1.0421,stream,"(""You're So Last Summer"", 'Helvetica Standard')"
355994,1381.1,1.042,stream,"('[BONUS-2] ecstasy', ""Goober 'n Friends"")"
250489,1760.83,1.0419,stream,"('zFlower Dance', 'Anime Sucks Ass  3')"
357966,1124.69,1.0419,stream,"('Let Me Be With You', 'Demure Dumps')"
260937,1275.36,1.0417,stream,"('Rave-tech(^_^)New-world', 'Crazy Culinary Revolutions')"
290957,1321.15,1.0417,stream,"('promise', 'Nixo pack 0')"
261919,1084.53,1.0416,stream,"(""Da Art of Storytellin', Part 2"", ""DumpAss Dude's Dream 2"")"
330244,1943.31,1.0415,stream,"('Credens Justitiam', 'WoAiNi.too')"
285525,1182.86,1.041,stream,"('299 Addiction', 'Minty Fresh Pack 1')"
270405,1408.31,1.0408,stream,"('Last Surprise', 'Grape Cola')"
323218,1236.99,1.0407,stream,"('Ultima', 'Valedumps 3 (Route A)')"
328916,1679.6,1.0407,stream,"('Pristine', 'xXxRUSSIAxXx 3')"
315215,1290.25,1.0405,stream,"('Rocket Shoot II', 'TESTOPACK')"
282006,1616.2,1.0404,stream,"('Dreamscape', 'Lofty Minipack 4 (Paradise Loft)')"
307114,1435.67,1.0404,stream,"('My Pace de Ikimashou', ""Skwid's Minipack 7 (Assault Edition)"")"
323323,1095.61,1.0402,stream,"('Sailor Team', 'Valedumps 2')"
282064,1630.84,1.04,stream,"('Midnight City', 'Lofty Minipack 3')"
268254,1648.04,1.0399,stream,"('無敵のSoldier', 'Fullerene Shift')"
354684,1182.9,1.0397,stream,"('A Modern Way of Letting Go', 'Valedumps 4')"
299172,1513.01,1.0396,stream,"('Trust in you', ""Rachel's Rabifiles"")"
285311,1147.03,1.0394,stream,"('Like Before You Were Born', 'Minty Fresh Pack 4')"
307087,1335.11,1.0394,stream,"('ZERO!!', ""Skwid's Minipack 8 (Ok Here It Is Edition)"")"
315229,1344.07,1.0391,stream,"('Rasen Hikou', 'TESTOPACK')"
261980,1334.44,1.0389,stream,"('ステップ!', ""DumpAss Dude's Dream"")"
270304,1294.18,1.0386,stream,"('Hampden Parks', 'Grape Cola 2')"
270385,1429.14,1.0386,stream,"('Louder than steel', 'Grape Cola')"
300107,1384.24,1.0386,stream,"('Almost Again', 'pink void')"
343529,1171.34,1.0384,stream,"('Fatima', 'Volvo Gaming Pack 3')"
352570,1450.39,1.0381,stream,"('lost', 'Purple Ensemble')"
275316,1103.06,1.038,stream,"('Pika Girl', 'itg! Rhythm is just a step away!')"
261946,1398.82,1.0379,stream,"('木蘭行', ""DumpAss Dude's Dream"")"
250538,1180.82,1.0378,stream,"('Uza Uza☆Wows!', 'Anime Sucks Ass 2')"
321804,1339.47,1.0378,stream,"('Particle Observer', 'Timdam Snackpack 2')"
323168,1254.6,1.0377,stream,"('ばかみたい', 'Valedumps 3 (Route B)')"
341075,1421.86,1.0376,stream,"('Triple Baka', 'StreamSnipes')"
307136,1468.54,1.0375,stream,"('Aozora Jumping Heart', ""Skwid's Minipack 6 (Cute Anime Edition)"")"
338645,1109.73,1.0375,stream,"('Cupid', 'Hallyu Dump Pack')"
261979,1125.21,1.0373,stream,"('メイドノココロハ アヤツリドール', ""DumpAss Dude's Dream"")"
321760,1232.8,1.0372,stream,"('Bulletproof Love', 'Timdam Snackpack 2')"
262241,1051.21,1.0371,stream,"('Empty Phases', 'Dream Sequence')"
357953,1000.42,1.0371,stream,"('Gin & Juice', 'Demure Dumps')"
342383,1479.17,1.037,stream,"('Crescent Moon Island Boss Theme', 'April Singles')"
342593,1157.19,1.037,stream,"('[4-5] The Diary of Jane', 'Etterna Echelon Pack')"
357956,1023.79,1.037,stream,"('Lean Wit Me', 'Demure Dumps')"
270346,1374.6,1.0369,stream,"('Key of The New World', 'Grape Cola 2')"
327825,1228.6,1.0369,stream,"('Virgen', ""Vela's Velato v3 - Take Back the Falls"")"
342239,1394.18,1.0368,stream,"('Interviewer', ""Kauitsu's Soup Pack 3"")"
285401,1129.53,1.0367,stream,"('Umbrella', 'Minty Fresh Pack 3')"
250504,1529.02,1.0366,stream,"('Solo Tu (Only You)', 'Anime Sucks Ass  3')"
350634,1370.95,1.0366,stream,"('Mr. Saxobeat', 'Helvetica Standard')"
263154,1144.56,1.0365,stream,"('Mirror', ""DZ files 2 - Dumps n' Stuff"")"
353056,1260.6,1.0365,stream,"('My Sweet Honey Biscuit!', 'Kazye Minipack 2')"
262633,1447.31,1.0364,stream,"('Al Capone', 'dopamine micropack')"
328922,1316.96,1.0362,stream,"('Плак-Плак', 'xXxRUSSIAxXx 3')"
285299,1432.19,1.0361,stream,"('Knuckle Up', 'Minty Fresh Pack 4')"
350355,1488.63,1.0361,stream,"('ぼっち ろっく', 'Akseli Pack')"
251968,2150.42,1.036,stream,"('sprinter 2x', 'ATTang')"
339349,1439.62,1.036,stream,"('ULTIMATE SACRIFICE', 'Grape Cola 3')"
354675,1306.01,1.0359,stream,"('Third Eye', 'Valedumps 4')"
261886,1095.71,1.0356,stream,"('The Red Sun in the Sky', ""DumpAss Dude's Dream 2"")"
270376,1095.0,1.0355,stream,"('Thank you, my twilight', 'Grape Cola')"
317083,1252.57,1.0354,stream,"('In the shadows', 'Suomi 100.5')"
353267,1338.1,1.0353,stream,"('Bitch Lasagna', ""Tera's Megapack Volume 3"")"
250547,1228.46,1.0352,stream,"('YouSeeBIGGIRL/T\\', 'Anime Sucks Ass 2')"
285867,1254.01,1.0352,stream,"('MURDER IN MY MIND', ""midgy's cartography collection III"")"
354686,1009.5,1.0347,stream,"('街のドルフィン', 'Valedumps 4')"
354732,1210.06,1.0347,stream,"('Nine Thou (Grant Mohrman Superstars Remix)', 'Valedumps 4')"
283092,1864.81,1.0345,stream,"('O Fortuna', ""Lemon's Panty Shots 2 - Pantiless"")"
299959,1352.29,1.0344,stream,"('PAPERMOON (TV Size)', 'Polarin Pack 2')"
270297,1785.26,1.0341,stream,"('残', 'Grape Cola 2')"
339008,1365.05,1.0341,stream,"('I Got No Time', 'Polarin Pack 4')"
323271,996.19,1.034,stream,"('Put Your Head On My Shoulder', 'Valedumps 3 (Route A)')"
354689,1090.99,1.034,stream,"('HOAM', 'Valedumps 4')"
343555,1618.08,1.0339,stream,"('Ano Band (yuuni Bootleg)', 'Volvo Gaming Pack 3')"
354691,1361.54,1.0338,stream,"('Reap What You Sow', 'Valedumps 4')"
354746,1290.97,1.0338,stream,"('Muteki no Soldier', 'Valedumps 4')"
341638,1191.32,1.0336,stream,"('Cupid', 'This Could Have Been Your Pack')"
352603,1185.2,1.0335,stream,"('act viii- i hate to be alone', 'Abrasive Dumps')"
261877,1277.8,1.0329,stream,"('Die, Die My Darling', ""DumpAss Dude's Dream 2"")"
307185,1336.62,1.0329,stream,"('Magia', ""Skwid's Minipack 2 (Zenith Eoe Edition)"")"
255721,1312.02,1.0328,stream,"('Is it bad at the Galapagos Syndrome?', 'Certified Hood Classics')"
263145,1004.9,1.0328,stream,"('Last Stardust', ""DZ files 2 - Dumps n' Stuff"")"
323248,1171.39,1.0321,stream,"('Touch Fluffy Tail', 'Valedumps 3 (Route A)')"
299163,1510.77,1.032,stream,"('The Clockwork Rose -Tokei Shikake no Bara Shoujo-', ""Rachel's Rabifiles"")"
307110,1256.83,1.0319,stream,"('Speedom', ""Skwid's Minipack 7 (Assault Edition)"")"
250552,1202.75,1.0316,stream,"('♥Lonely in Gorgeous♥', 'Anime Sucks Ass 2')"
300120,1194.79,1.0316,stream,"(""Australia (Don't Ever Let Her Go) V2"", 'pink void')"
341716,1173.43,1.0315,stream,"('On Sight', 'untitled minipack1')"
255733,1129.73,1.0314,stream,"('Subterranean Blastoff', 'Celeb Dumplings (Delicious Edition)')"
327816,1251.08,1.0314,stream,"('Mr. FEAR', ""Vela's Velato v3 - Take Back the Falls"")"
351801,1358.75,1.0313,stream,"('me and the guys in #general-vc at 3-33am', 'Polarin Pack 6')"
290970,1572.75,1.0311,stream,"('Synchrogazer', 'Nixo pack 0')"
350824,1212.46,1.0311,stream,"('Tek It', 'Brazil Schizo files')"
350838,1193.91,1.0311,stream,"('kto?', 'Brazil Schizo files')"
261454,1360.52,1.0308,stream,"('Niwaka Sannen Ota Hachinen, Internets wa Forever', 'Denpack Append')"
307100,1354.77,1.0304,stream,"('Light My Fire', ""Skwid's Minipack 8 (Ok Here It Is Edition)"")"
338974,1254.63,1.0301,stream,"('Penguin (Pinnacle Remix)', 'Polarin Pack 4')"
282140,1202.58,1.03,stream,"('[8-4] The Sound of Settling', 'Lofty Dump Minipack 3 (Xclusive Edition)')"
350630,1129.09,1.03,stream,"('Tek It', 'Helvetica Standard')"
285359,1173.4,1.0299,stream,"('The Girl in Byakkoya - White Tiger Field', 'Minty Fresh Pack 4')"
315259,1533.16,1.0298,stream,"('Ballistic', 'TESTOPACK')"
315281,1590.47,1.0296,stream,"('American Idiot', 'TESTOPACK')"
327872,1380.42,1.0295,stream,"('Lady (Hear Me Tonight)', ""Vela's Velato v2 - Escape From Reality"")"
263034,1091.6,1.0293,stream,"('iLLness LiLin', 'StreamVoltex ep.2')"
261943,1323.02,1.0291,stream,"('Vogel im Käfig', ""DumpAss Dude's Dream"")"
299167,1843.14,1.029,stream,"('Green-Eyed Jealousy', ""Rachel's Rabifiles"")"
328685,1236.57,1.029,stream,"('We Fucking Hate You', 'Yolomania Vol. 2')"
261927,1139.84,1.0289,stream,"('""Lie chi te la di hul"" ~しあわせの魔法~', ""DumpAss Dude's Dream"")"
342279,1944.93,1.0289,stream,"('Disconnected Trance', ""Kauitsu's Soup Pack 5"")"
354735,1365.92,1.0288,stream,"('A Sad Cartoon', 'Valedumps 4')"
253560,1058.4,1.0286,stream,"('Untouched', 'BangerZ')"
270351,1289.06,1.0285,stream,"('ベイビーヘイロー', 'Grape Cola 2')"
344356,1301.21,1.0284,stream,"('Fireball', ""Pizza69's Slices of Heaven Megapack"")"
280042,1402.37,1.0282,stream,"('Kaleidoscope', 'KervilMosley minipack 2 (den perzev edition)')"
322809,1413.69,1.0282,stream,"('unravel', 'Untitled_unrevised')"
315214,1199.6,1.0279,stream,"('3-6 Destruction', 'TESTOPACK')"
285149,1233.6,1.0278,stream,"('White Day', 'Miracle Streamz^2')"
289102,1489.9,1.0278,stream,"('Planktonweed', 'occaecat')"
307195,1501.76,1.0278,stream,"('Miiro', ""Skwid's Minipack 2 (Zenith Eoe Edition)"")"
354697,1352.21,1.0277,stream,"('flow', 'Valedumps 4')"
285176,1422.99,1.0276,stream,"('MooN', 'Miracle Streamz')"
333278,1359.01,1.0275,stream,"('オドループ', '#774 Etterna Explosion Excitepack')"
333392,1622.44,1.0274,stream,"('PARANOiA KCET ~clean mix~', '#774 Etterna Explosion Excitepack')"
343747,1347.26,1.0274,stream,"('02 mixd up - i9bonsai feat. Blackwinterwells & 8485', '#RIPSKLITTER')"
353241,1293.56,1.0273,stream,"('夕立のりぼん', ""Tera's Megapack Volume 3"")"
261857,1157.16,1.0272,stream,"('весна', ""DumpAss Dude's Dream 2"")"
270394,1208.02,1.0272,stream,"('Trickstarz', 'Grape Cola')"
285395,1172.26,1.0272,stream,"('To The Sea', 'Minty Fresh Pack 3')"
323228,1223.08,1.0272,stream,"('Raver', 'Valedumps 3 (Route A)')"
338861,1363.36,1.0272,stream,"('The Vital Vitriol', 'Polarin Pack 3')"
255666,1265.22,1.0271,stream,"('Floods', 'Certified Hood Classics')"
315228,1556.53,1.027,stream,"('Remilia ~Kyuuketsuki no Tameno Kyousoukyoku', 'TESTOPACK')"
352636,1133.33,1.0269,stream,"('first date', 'Abrasive Dumps')"
285325,1714.99,1.0268,stream,"(""The Mad Tyrant's Betrayal"", 'Minty Fresh Pack 4')"
350643,1090.8,1.0267,stream,"('From the Start', 'Helvetica Standard')"
317082,921.93,1.0266,stream,"('Soitellaan', 'Suomi 100.5')"
255604,1186.92,1.0265,stream,"('Square Hammer', 'cesspool of ribal 3')"
307070,1253.2,1.0263,stream,"('Here', ""Skwid's Minipack 9 (Anchor Edition)"")"
307092,1278.13,1.0263,stream,"('Wagamama MIRROR HEART', ""Skwid's Minipack 8 (Ok Here It Is Edition)"")"
257781,1574.61,1.0262,stream,"('What to Believe', 'cesspool of ribal 4')"
317046,1105.97,1.0262,stream,"('Lauren Caught My Eye', 'Suomi 100')"
307115,1259.88,1.0261,stream,"('Preserved Roses', ""Skwid's Minipack 7 (Assault Edition)"")"
307150,1590.35,1.0261,stream,"('Crawl Through Knives', ""Skwid's Minipack 5 (Edition)"")"
339364,1561.93,1.0261,stream,"('SunnyShinyRing', 'Grape Cola 3')"
257756,1202.09,1.0259,stream,"('Number One', 'Cesspool of Ribal')"
342390,1018.3,1.0259,stream,"('Adrift', 'April Singles')"
255623,1306.51,1.0258,stream,"('My Release In Pain', 'cesspool of ribal 3')"
270389,1281.26,1.0258,stream,"('Sunday Morning', 'Grape Cola')"
323354,1210.8,1.0257,stream,"('Pitch Fucker', 'Valedumps')"
342385,1101.27,1.0257,stream,"('abnormalize', 'April Singles')"
250527,1223.6,1.0256,stream,"('Hanetsuki Imouto', 'Anime Sucks Ass 2')"
285180,1125.04,1.0256,stream,"('Umbrella', 'Miracle Streamz')"
310340,1518.39,1.0256,stream,"('Heikousen', 'Speed Training For SM Vol.3')"
299136,1786.73,1.0248,stream,"('Qualia', ""Rachel's Rabifiles 2"")"
304557,1329.21,1.0247,stream,"('miss the rage (cas remix)', 'Shadow of Nikos')"
339353,1135.73,1.0247,stream,"('悲しみがとまらない', 'Grape Cola 3')"
323220,1124.37,1.0245,stream,"('ENDEAVOUR', 'Valedumps 3 (Route A)')"
270320,1294.85,1.0244,stream,"('[Extra] Leave It All to Me', 'Grape Cola 2')"
316992,1373.47,1.0243,stream,"('taotao', 'Suomi 101')"
323137,1479.38,1.0243,stream,"('Disappointed', 'Valedumps 3 (Route B)')"
315247,1640.11,1.0242,stream,"('Hatsune Miku no Gekishou', 'TESTOPACK')"
327801,1436.9,1.0242,stream,"('Popeye', ""Vela's Velato v3 - Take Back the Falls"")"
338914,1383.7,1.0242,stream,"('YOU AND I', 'Polarin Pack 4')"
255700,1097.46,1.024,stream,"('Reach', 'Certified Hood Classics')"
323140,1125.65,1.024,stream,"('不革命前夜', 'Valedumps 3 (Route B)')"
290836,1646.5,1.0238,stream,"('AMV', 'Nostealpack 2 (Worse Edition)')"
354710,855.48,1.0237,stream,"('Prism', 'Valedumps 4')"
338999,1155.96,1.0236,stream,"('Colorful (Cut Ver.)', 'Polarin Pack 4')"
323320,1139.0,1.0235,stream,"('Yasashisa ni Tsutsumareta nara', 'Valedumps 2')"
329877,1173.08,1.0235,stream,"('Run', ""XingRen's Megapack vol.2"")"
342882,1270.32,1.0231,stream,"('Jishou Mushoku', 'interesting files i found in my discord dms')"
282002,1472.7,1.023,stream,"('ImSippinTeaInYoHood', 'Lofty Minipack 4 (Paradise Loft)')"
321847,1438.4,1.0228,stream,"('Fastest Crash', 'timdam snackpack')"
285481,1325.88,1.0226,stream,"('Migrant At Daybreak', 'Minty Fresh Pack 2')"
323212,1168.33,1.0225,stream,"('Edison', 'Valedumps 3 (Route A)')"
285546,1385.21,1.0224,stream,"('And The Vulture Beholds', 'Minty Fresh Pack 1')"
299138,1500.5,1.0224,stream,"('Infiniti Mofulity', ""Rachel's Rabifiles 2"")"
250577,1383.31,1.0223,stream,"('Touch off', 'Anime Sucks Ass 1')"
260878,1134.51,1.0223,stream,"('Curry', 'Crazy Culinary Revolutions')"
315243,1693.82,1.0223,stream,"('Even if the whole world were to laugh at me', 'TESTOPACK')"
299153,1473.84,1.0222,stream,"('Palette', ""Rachel's Rabifiles"")"
285681,1229.62,1.0219,stream,"('My World (Demo Version)', 'Mina Minimegapack 6 (daunrealonez)')"
251941,1755.96,1.0218,stream,"('Super☆Affection v2', ""ATTang's Bad Files"")"
322812,1291.75,1.0217,stream,"('Inferno', 'Untitled_unrevised')"
270387,962.24,1.0215,stream,"('Me Voy', 'Grape Cola')"
257791,1231.38,1.0214,stream,"('Magnet', 'cesspool of ribal 4')"
339378,1426.45,1.0214,stream,"('Kkungcha GAME', 'Grape Cola 3')"
261971,1105.94,1.0212,stream,"('絶望の淵', ""DumpAss Dude's Dream"")"
342849,1570.36,1.0212,stream,"('BRAIN HACKER', 'interesting files i found in my discord dms')"
273017,1141.89,1.0211,stream,"('Anubis', 'In The Dump')"
328964,1422.1,1.0211,stream,"('Solace', 'xXxRUSSIAxXx 3')"
343790,1219.02,1.0211,stream,"('Element of SPADA', 'Celeb Dumplings 2 (I Love My Friends Edition)')"
285134,1062.72,1.0209,stream,"('close your eyes', 'Miracle Streamz^2')"
344044,1377.24,1.0207,stream,"('End Time', 'Al Toke Collaboration Pack 2')"
315245,1470.95,1.0205,stream,"('Face Down', 'TESTOPACK')"
251916,1654.75,1.0203,stream,"('Pine nut', 'ATTangs Dumpmix')"
317098,1438.15,1.0203,stream,"('Hunting High And Low', 'Suomi 100.5')"
339376,1220.91,1.0203,stream,"('Al Fine -Whispers of Destiny-', 'Grape Cola 3')"
250582,1432.08,1.0202,stream,"('Great Days -Units Ver.-', 'Anime Sucks Ass 1')"
261912,1192.83,1.0202,stream,"('PIZZZZZZZZ', ""DumpAss Dude's Dream 2"")"
321814,1261.6,1.0202,stream,"('Punishment', 'Timdam Snackpack 2')"
328991,1671.36,1.0201,stream,"('Два самолёта 31.07.2010', 'xXxRUSSIAxXx 3')"
354680,1079.68,1.0199,stream,"('MANIFOLD LOVE', 'Valedumps 4')"
342380,1357.82,1.0197,stream,"('5oul On D!splay (Short Ver.)', 'April Singles')"
270403,1481.16,1.0196,stream,"('Turn The Lights Off', 'Grape Cola')"
333461,1034.5,1.0196,stream,"('STONE OCEAN', '#774 Etterna Explosion Excitepack')"
350435,1246.24,1.0195,stream,"('A Match Into Water', 'owo tappies 3')"
261950,1250.15,1.0193,stream,"('Yellow Yellow Happy', ""DumpAss Dude's Dream"")"
261883,1195.6,1.0192,stream,"('WITNESS', ""DumpAss Dude's Dream 2"")"
315392,1417.1,1.0192,stream,"('Be Free', ""Tera's Megapack volume 1"")"
310331,1575.33,1.0188,stream,"('Moon Gate', 'Speed Training For SM Vol.3')"
261959,1142.61,1.0187,stream,"('A Lone Prayer', ""DumpAss Dude's Dream"")"
250555,1790.55,1.0186,stream,"('Awaken', 'Anime Sucks Ass 2')"
338493,1486.04,1.0184,stream,"('ひつぎとふたご', ""naetsuka's Megapack Volume 4"")"
250549,1226.08,1.0183,stream,"('Sticks and Stones', 'Anime Sucks Ass 2')"
273293,1229.11,1.0183,stream,"('Fly Me To The Moon', 'Miracle Streamz^2')"
273413,1254.95,1.0183,stream,"('Angels Crying', 'Initial J Extra Stage')"
306433,1556.5,1.0183,stream,"('The Secondary Warning', 'Shirosaki mieru')"
315231,1853.07,1.0181,stream,"(""Dark Souls III's OP"", 'TESTOPACK')"
283196,1553.17,1.0179,stream,"('Black Pentagram', ""Lemon's Fruit Snacks"")"
285381,1214.3,1.0179,stream,"('零 -ZERO-', 'Minty Fresh Pack 3')"
262640,1245.27,1.0176,stream,"('Shougeki (TV Size)', 'dopamine micropack')"
330233,1525.9,1.0176,stream,"('You Say Run', 'WoAiNi.too')"
354578,1109.16,1.0174,stream,"('Decode', 'Valedumps 4')"
285168,1332.94,1.0171,stream,"('message', 'Miracle Streamz')"
298986,1774.36,1.0166,stream,"('Sequentia', 'Overstream')"
323316,1307.7,1.0166,stream,"('Can You Feel the Sunshine', 'Valedumps 2')"
250558,1390.9,1.0165,stream,"('Kaisei Joshou Hallelujah', 'Anime Sucks Ass 2')"
301838,1230.75,1.0165,stream,"('KING', ""Restia's Restroom 21"")"
316956,1242.59,1.0164,stream,"('Hallitaan näitä katuja', 'Suomi 101')"
290767,1390.27,1.0163,stream,"('Oh Delia', 'Nuclear Blast 1.11')"
302012,1187.97,1.0163,stream,"('Pitch Fucker', 'recasted_rewritten')"
307127,1403.37,1.0163,stream,"('Wake We Up', ""Skwid's Minipack 6 (Cute Anime Edition)"")"
301837,1660.15,1.0161,stream,"('Shihen (cut ver.)', ""Restia's Restroom 21"")"
250574,1185.28,1.016,stream,"('COLORS', 'Anime Sucks Ass 1')"
250573,1215.85,1.0157,stream,"('Out of Control', 'Anime Sucks Ass 1')"
323325,1190.64,1.0155,stream,"('You Know How It Is', 'Valedumps 2')"
250505,1429.8,1.0154,stream,"('Psychosocial', 'Anime Sucks Ass  3')"
323275,1163.98,1.0153,stream,"('Dance, Dance', 'Valedumps 2')"
270371,1733.48,1.0152,stream,"('君よ', 'Grape Cola 2')"
323240,1082.4,1.0152,stream,"('1000手観音', 'Valedumps 3 (Route A)')"
354594,1371.79,1.0151,stream,"('Caprici Di Diablo', 'Valedumps 4')"
257790,1337.82,1.0147,stream,"('Hanabira (Irus Brutalcore Breaks Remix)', 'cesspool of ribal 4')"
307191,1321.45,1.0147,stream,"('Clattanoia', ""Skwid's Minipack 2 (Zenith Eoe Edition)"")"
250529,1378.9,1.0146,stream,"('Departure!', 'Anime Sucks Ass 2')"
261845,1134.44,1.0146,stream,"('Imperium', 'Dump Parade')"
285282,1357.74,1.0145,stream,"('Live and Learn', 'Minty zFarts Pack 1')"
250585,1216.57,1.0141,stream,"('GAMERS!', 'Anime Sucks Ass 1')"
328485,1230.21,1.0139,stream,"('Kinetic', 'Yolomania Vol. 4')"
255753,1246.47,1.0136,stream,"('F.C.P.R.E.M.I.X.', 'Celeb Dumplings (Delicious Edition)')"
343840,1185.75,1.0136,stream,"('カラフル', ""Restia's Backroom 22"")"
324302,1333.29,1.0134,stream,"('Daten', 'Volvo Gaming Pack 2')"
316991,1200.5,1.0132,stream,"('In the Arms of Rain', 'Suomi 101')"
357960,759.62,1.0132,stream,"('MILLION DOLLAR BABY', 'Demure Dumps')"
282028,1258.38,1.013,stream,"('Los Fruittis', 'Lofty Minipack 4 (Paradise Loft)')"
339386,1455.4,1.013,stream,"('Дыши', 'Grape Cola 3')"
255651,1077.4,1.0127,stream,"('Andromeda (feat. D.R.A.M)', 'cesspool of ribal 2')"
296533,1572.3,1.0126,stream,"('5150', 'Overcome CV Package2')"
261861,1133.94,1.0125,stream,"('rainbow -smile again- (cut ver.)', ""DumpAss Dude's Dream 2"")"
330022,1461.3,1.0125,stream,"('King For A Day (feat. Kellin Quinn)', 'Xayy Lmao Mixtape (Feat. Chill Pill)')"
261964,1426.11,1.0123,stream,"('Enchanted Love', ""DumpAss Dude's Dream"")"
285538,1220.83,1.0123,stream,"('Punishment', 'Minty Fresh Pack 1')"
350358,1397.67,1.0123,stream,"('Adam', 'Akseli Pack')"
285323,1202.47,1.012,stream,"('Somewhere In The Between', 'Minty Fresh Pack 4')"
338910,1166.83,1.012,stream,"('This December', 'Polarin Pack 4')"
350668,1258.81,1.012,stream,"(""Nebu's op v2"", 'Helvetica Standard')"
317128,1211.3,1.0119,stream,"('Linnansa Vanki', 'Suomi 100.5')"
338514,1425.03,1.0115,stream,"('Angel dust (2016 Radio Mix)', ""naetsuka's Megapack Volume 4"")"
339948,1165.06,1.0114,stream,"('h31lo my world!', 'DenpaDumps')"
350680,1363.11,1.0114,stream,"('Kecak', 'Helvetica Standard')"
282120,1298.06,1.0112,stream,"('Veda', 'Lofty Dump MiniPack')"
315250,1609.18,1.0111,stream,"('Misanthropolis', 'TESTOPACK')"
307134,1267.34,1.011,stream,"('Harebare Fanfare', ""Skwid's Minipack 6 (Cute Anime Edition)"")"
304549,1439.74,1.0105,stream,"('Hysteric Night Girl (feat. Such) (Cut ver.)', 'Shadow of Nikos')"
307121,1360.86,1.0103,stream,"('Looking For A New Adventure', ""Skwid's Minipack 7 (Assault Edition)"")"
250486,1610.35,1.0102,stream,"('Courtesy call', 'Anime Sucks Ass  3')"
323192,1312.97,1.0102,stream,"('Going Under', 'Valedumps 3 (Route A)')"
270298,1434.27,1.0101,stream,"('Oh delia', 'Grape Cola 2')"
282008,1171.61,1.01,stream,"('The Twist', 'Lofty Minipack 4 (Paradise Loft)')"
315256,1554.81,1.0099,stream,"('Nobody Cares', 'TESTOPACK')"
317065,1087.06,1.0098,stream,"('Vampyyri mä oon', 'Suomi 100.5')"
342575,1962.17,1.0096,stream,"('[FINAL] Distorted Prose', 'Etterna Echelon Pack')"
262247,995.65,1.0093,stream,"('After Dark', 'Dream Sequence')"
329625,1360.36,1.0092,stream,"('FLOWER (Ryu*Remix)', ""Xingyue's ETTERNA IV"")"
283093,1501.43,1.0091,stream,"('paroxysm', ""Lemon's Panty Shots 2 - Pantiless"")"
283173,1421.04,1.0089,stream,"('Hitogawari', ""Lemon's Fruit Snacks"")"
261944,1288.38,1.0088,stream,"('Resurrection by Erection', ""DumpAss Dude's Dream"")"
317080,1067.51,1.0088,stream,"('Oon Eazy E', 'Suomi 100.5')"
250562,1729.93,1.0086,stream,"('za WARUDO', 'Anime Sucks Ass 1')"
324067,1294.33,1.0086,stream,"('Hollywood Squares', 'We Are The Sound')"
307107,1308.25,1.0084,stream,"('STARTING NOW!', ""Skwid's Minipack 7 (Assault Edition)"")"
350684,1254.35,1.0079,stream,"('All The Things She Said (DnB Remix)', 'Helvetica Standard')"
261874,1468.03,1.0077,stream,"('Биография', ""DumpAss Dude's Dream 2"")"
255622,1327.37,1.0074,stream,"('Crazy Chicks', 'cesspool of ribal 3')"
323359,1006.12,1.0073,stream,"('Lithium', 'Valedumps')"
280595,1853.51,1.0072,stream,"('25 Disney Songs', 'Stepmania Is A Experience!')"
285799,1165.41,1.0069,stream,"('Fera Ventura', 'Mina Minimegapack')"
250516,1433.24,1.0068,stream,"('Waves', 'Anime Sucks Ass  3')"
307084,1383.19,1.0068,stream,"('The Return', ""Skwid's Minipack 9 (Anchor Edition)"")"
260918,1258.02,1.0066,stream,"('The Perfect Girl', 'Crazy Culinary Revolutions')"
342877,1249.68,1.0066,stream,"('Bustin', 'interesting files i found in my discord dms')"
282095,1032.91,1.0065,stream,"('Vostochni Express', 'Lofty Dump MiniPack')"
315224,1617.83,1.0064,stream,"('Overdrive', 'TESTOPACK')"
323326,1248.51,1.0064,stream,"('Hollywood Squares', 'Valedumps 2')"
339173,1195.14,1.0064,stream,"('Tower Of Heaven (You Are Slaves)', ""Xingyue's ETTERNA I"")"
280048,1298.63,1.0063,stream,"('ПОСОСИ', 'KervilMosley minipack 2 (den perzev edition)')"
264614,1117.48,1.0062,stream,"('SOMEONE ELSE', 'Etterna Explosion Excitepack')"
261445,1251.73,1.006,stream,"('Bari 3 Kyouwakoku', 'Denpack Append')"
302688,1400.55,1.006,stream,"('Bailando', 'Russian Underground')"
261403,1182.56,1.0059,stream,"('Back! to the Future', 'D E N P A C K  D E F E N S E  F O R C E  2')"
270315,1712.01,1.0059,stream,"('夜桜', 'Grape Cola 2')"
285464,1238.37,1.0059,stream,"('good day', 'Minty Fresh Pack 2')"
333254,1317.43,1.0057,stream,"('Windmill Isle', 'Lorem Ipsum')"
261925,1114.46,1.0055,stream,"('夜に駆ける', ""DumpAss Dude's Dream"")"
321812,1346.88,1.0053,stream,"('Pogo', 'Timdam Snackpack 2')"
262634,1586.79,1.005,stream,"('Malo Tebya', 'dopamine micropack')"
329594,1228.51,1.0047,stream,"('Polaris', ""Xingyue's ETTERNA V"")"
339368,1281.65,1.0047,stream,"('The Death of God\'s Will (incl. ""Horns of Insurrection"")', 'Grape Cola 3')"
324290,1058.6,1.0046,stream,"('Aquaris', 'Volvo Gaming Pack 2')"
268272,1952.79,1.0044,stream,"('Mario Paint (Time Regression Mix for BMS) [D-ANOTHER]', 'Fullerene Shift')"
299148,1608.7,1.0044,stream,"('(can you)understand me', ""Rachel's Rabifiles 2"")"
257792,1453.0,1.0041,stream,"('Beach Side Bunny', 'cesspool of ribal 4')"
250546,1193.4,1.004,stream,"('Realize', 'Anime Sucks Ass 2')"
251893,1542.14,1.004,stream,"('Lovely☆Angel!! streams', 'ATTangs Dumpmix')"
330001,1356.99,1.004,stream,"('Bulletproof Love', 'Xayy Lmao Mixtape (Feat. Chill Pill)')"
321778,1294.19,1.0038,stream,"(""It's All About You"", 'Timdam Snackpack 2')"
285393,1116.13,1.0037,stream,"('Emil', 'Minty Fresh Pack 3')"
342843,1294.87,1.0036,stream,"('love story.', 'interesting files i found in my discord dms')"
307197,1520.55,1.0033,stream,"('Doku Ryuu no Kobura', ""Skwid's Minipack 2 (Zenith Eoe Edition)"")"
261958,1391.9,1.003,stream,"('Der Wald(kors k Remix)', ""DumpAss Dude's Dream"")"
250526,1177.7,1.0029,stream,"('Rise', 'Anime Sucks Ass 2')"
255630,1492.76,1.0029,stream,"('Misery Business', 'cesspool of ribal 3')"
285864,1106.04,1.0027,stream,"('Crystal Dolphin', ""midgy's cartography collection III"")"
285130,1370.61,1.0026,stream,"('Rainbow Road', 'Miracle Streamz^2')"
315313,1664.27,1.0026,stream,"(""[CNOP 3]Teradora's op"", ""Tera's Megapack volume 1"")"
341652,1044.21,1.0025,stream,"('MISA MISA!', 'This Could Have Been Your Pack')"
261406,1194.5,1.0022,stream,"('intro-duck-tion!!', 'D E N P A C K  D E F E N S E  F O R C E  2')"
257755,1173.16,1.0021,stream,"('Gas Gas Gas', 'Cesspool of Ribal')"
307123,1216.41,1.0021,stream,"('Kibou ni Tsuite', ""Skwid's Minipack 7 (Assault Edition)"")"
270379,1672.28,1.002,stream,"('We Want To Run', 'Grape Cola')"
285300,1199.37,1.0019,stream,"('On Edge', 'Minty Fresh Pack 4')"
250566,1238.81,1.0017,stream,"('FUCK RAP', 'Anime Sucks Ass 1')"
271698,1632.32,1.0016,stream,"('Stereo Sayan 3D', 'hi19hi19 Pack 5 - Streams and Memes')"
355505,1326.27,1.0016,stream,"('cold planet', 'Al-cyaninE')"
250495,1338.84,1.0015,stream,"('Shut Me Up', 'Anime Sucks Ass  3')"
273037,1135.77,1.0014,stream,"('Bumble Bee', 'In The Dump')"
285220,1381.76,1.0014,stream,"('Game End Time Time', 'Minty zFarts Pack 2')"
275379,1197.24,1.0012,stream,"('Cycle Hit', 'itg! Rhythm is just a step away!')"
250545,1077.41,1.0006,stream,"('Uragiri No Yuuyake', 'Anime Sucks Ass 2')"
353051,1398.44,1.0006,stream,"('hikariare', 'Kazye Minipack 2')"
261397,1155.28,1.0004,stream,"('Kirameki Rainbow Snow', 'D E N P A C K  D E F E N S E  F O R C E  2')"
321821,1208.04,1.0003,stream,"('Mirai Prism', 'Timdam Snackpack 2')"
283195,1274.78,1.0,stream,"('Here', ""Lemon's Fruit Snacks"")"
251952,1859.85,0.9998,stream,"('Magia', ""ATTang's Bad Files"")"
264883,1078.96,0.9997,stream,"('DAN DAN Kokoro Hikareteku', 'Fennec Fallacy')"
315207,1136.42,0.9996,stream,"('Torture me', 'TESTOPACK')"
250568,1155.88,0.9994,stream,"('Nijiiro no Flugel', 'Anime Sucks Ass 1')"
323284,1069.84,0.9993,stream,"('Origin Summer', 'Valedumps 2')"
315286,1498.15,0.9992,stream,"('First First', 'TESTOPACK')"
250580,1203.97,0.999,stream,"('Resonance', 'Anime Sucks Ass 1')"
324066,1188.68,0.999,stream,"('Punishment', 'We Are The Sound')"
317408,1221.49,0.9989,stream,"('G e n g a o z o -Noize of Nocent- (remixed by INNOCENT NOIZE)', 'STEP_PROJECT')"
331537,1324.56,0.9989,stream,"('Dear Diary,', 'Caustic_Conversion')"
285440,1386.7,0.9985,stream,"('Eighto', 'Minty Fresh Pack 2')"
285446,1288.84,0.9982,stream,"('Love Boat Tracker', 'Minty Fresh Pack 2')"
323267,1348.48,0.9982,stream,"('King Sisyphus of the Atlantic', 'Valedumps 3 (Route A)')"
323332,966.87,0.9982,stream,"('Nemure', 'Valedumps')"
350670,1471.29,0.9982,stream,"('Dream Island Obsessional Park', 'Helvetica Standard')"
315248,1485.88,0.9981,stream,"('STRAIGHT BET', 'TESTOPACK')"
298965,1339.84,0.9978,stream,"('Fastest Crash (cut)', 'Over the Horizon')"
285520,1196.38,0.9977,stream,"('zClosing Applause', 'Minty Fresh Pack 1')"
307381,1203.67,0.9977,stream,"('Ivaltek', ""Ska-Cola Machin'"")"
321767,1241.42,0.9977,stream,"('Cynical', 'Timdam Snackpack 2')"
307162,1124.43,0.9976,stream,"('Uninstall', ""Skwid's Minipack 4 U (Big Guy Edition)"")"
329864,1184.7,0.9976,stream,"('circles!', ""XingRen's Megapack vol.2"")"
323165,1286.42,0.9975,stream,"(""einar'gay"", 'Valedumps 3 (Route B)')"
342895,1515.69,0.9975,stream,"('Infiltration', 'interesting files i found in my discord dms')"
307093,1251.74,0.9974,stream,"('Gabriel Drop Kick', ""Skwid's Minipack 8 (Ok Here It Is Edition)"")"
257749,1144.48,0.9973,stream,"('Gone With The Sin', 'Suomi 100.5')"
250498,1320.58,0.997,stream,"('Safe Ass Sound', 'Anime Sucks Ass  3')"
283166,1374.76,0.997,stream,"('Awake', ""Lemon's Fruit Snacks"")"
307213,1347.35,0.9968,stream,"('Absolute Soul', ""Skwid's Minipack"")"
250543,1398.6,0.9966,stream,"('Soul Phrase', 'Anime Sucks Ass 2')"
270393,1703.07,0.9966,stream,"('Ozigiri Proof', 'Grape Cola')"
315197,1393.78,0.9965,stream,"('SHI☆A☆WA☆SE', 'TESTOPACK')"
307106,1225.14,0.9964,stream,"('Serendipity', ""Skwid's Minipack 8 (Ok Here It Is Edition)"")"
255740,1376.24,0.9963,stream,"('Mukaikaze ni Utarenagara', 'Celeb Dumplings (Delicious Edition)')"
316980,1269.25,0.9963,stream,"(""Australia (Don't Ever Let Her Go)"", 'Suomi 101')"
328966,1179.81,0.9963,stream,"('Lazy Generation', 'xXxRUSSIAxXx 3')"
257759,1136.79,0.9962,stream,"('One room - Seaside step', 'Cesspool of Ribal')"
268266,1299.58,0.9962,stream,"('まきば', 'Fullerene Shift')"
283697,1532.01,0.9962,stream,"('Dreamscape', 'Magicschool Arpia')"
285124,1281.9,0.9962,stream,"('Ordinary World', 'Miracle Streamz^2')"
250554,1272.82,0.9961,stream,"('Connect', 'Anime Sucks Ass 2')"
343791,1158.86,0.9959,stream,"('Donuts', 'Celeb Dumplings 2 (I Love My Friends Edition)')"
315193,1533.22,0.9957,stream,"('Paradisus-Paradoxum', 'TESTOPACK')"
285398,1257.93,0.9956,stream,"('We Appreciate Power', 'Minty Fresh Pack 3')"
307158,1307.83,0.9956,stream,"('Believe in yourself', ""Skwid's Minipack 4 U (Big Guy Edition)"")"
323345,1066.09,0.9956,stream,"('Prom Night', 'Valedumps')"
307178,1346.29,0.9953,stream,"('Extra Magic Hour', ""Skwid's Minipack 3 (Metamemes And More Anime Edition)"")"
323290,1153.63,0.9953,stream,"('Infinite Mashups', 'Valedumps 2')"
329617,1138.09,0.9952,stream,"('Dope Monkeys (Hardstyle Remix)', ""Xingyue's ETTERNA IV"")"
250528,1300.32,0.9951,stream,"('JUSTadICE', 'Anime Sucks Ass 2')"
307112,1302.21,0.9951,stream,"('MP5', ""Skwid's Minipack 7 (Assault Edition)"")"
333534,957.99,0.9951,stream,"('PUNCH☆MIND☆HAPPINESS (Chiptune ver.)', '#774 Etterna Explosion Excitepack')"
264893,1378.1,0.995,stream,"('Kronos', 'Fennec Fallacy')"
310345,1705.4,0.995,stream,"('Genryuu Kaiko', 'Speed Training For SM Vol.3')"
352594,1752.17,0.995,stream,"('i hate when you breathe', 'Purple Ensemble')"
260898,1352.63,0.9949,stream,"('Fnaf Theme', 'Crazy Culinary Revolutions')"
260877,1463.85,0.9948,stream,"('Hejterdisskor Jebana Dziewico', 'Crazy Culinary Revolutions')"
273075,1118.4,0.9946,stream,"('Disconnected', 'In The Dump')"
273389,1500.0,0.9945,stream,"('KOOKY SPOOKY', 'Initial J First Stage')"
283088,1669.01,0.9945,stream,"('Glitch Nerds', 'Timdam Snackpack 2')"
283151,1376.39,0.9945,stream,"('Gang Shit', ""Lemon's Fruit Snacks 2"")"
302009,983.26,0.9945,stream,"('Scarlet Tempest', 'recasted_rewritten')"
307188,1135.88,0.9943,stream,"('Flyers', ""Skwid's Minipack 2 (Zenith Eoe Edition)"")"
298979,1436.46,0.994,stream,"('010', 'Overstream')"
317112,1102.38,0.9937,stream,"('Rusketusraidat', 'Suomi 100.5')"
307126,1169.53,0.9936,stream,"('Kaze no Uta', ""Skwid's Minipack 6 (Cute Anime Edition)"")"
261931,1236.89,0.9934,stream,"('A Little Piece of Heaven', ""DumpAss Dude's Dream"")"
270295,1175.15,0.9934,stream,"('Be Myself', 'Grape Cola 2')"
316981,1228.69,0.9934,stream,"('Mercury', 'Suomi 101')"
354656,1377.11,0.9932,stream,"('Fallen', 'Valedumps 4')"
257777,1494.19,0.9931,stream,"(""Ilias' Final Form"", 'cesspool of ribal 4')"
283099,1380.15,0.9931,stream,"('Goya no Machiawase', ""Lemon's Panty Shots"")"
255639,1134.93,0.9929,stream,"('Bad End (SAKURAGAOKA mix)', 'cesspool of ribal 2')"
289123,1271.7,0.9929,stream,"('Dsco', 'occaecat')"
269478,1298.36,0.9928,stream,"('Pumpkin Hill', 'Hardpain of Hell')"
283163,1219.78,0.9926,stream,"('Sora ni Utaeba', ""Lemon's Fruit Snacks"")"
285189,1391.12,0.9926,stream,"('Seraphim', 'Miracle Streamz')"
345940,1014.28,0.9924,stream,"('[294 bpm] Blue Planet', 'S.T.U.F.F (Stream till ur fucking fast)')"
323289,1099.81,0.9921,stream,"('Tranz', 'Valedumps 2')"
285445,1308.82,0.9919,stream,"('Best Friends and Bike Rides', 'Minty Fresh Pack 2')"
285479,1131.64,0.9919,stream,"('YOU ARE ALREADY DEAD (PROD. GHOSTIE)', 'Minty Fresh Pack 2')"
296139,1413.09,0.9919,stream,"('あの夢をなぞって', 'Overcome CV Package2')"
343528,1153.41,0.9917,stream,"('HOLY POSE LAND', 'Volvo Gaming Pack 3')"
367763,1005.53,0.9917,stream,"('Syrup', ""Vela's Velato"")"
255656,1001.59,0.9916,stream,"('Crazy', 'cesspool of ribal 2')"
350832,1464.07,0.9914,stream,"('Disconnect', 'Brazil Schizo files')"
307072,1100.46,0.9913,stream,"('Doki Doki Suru Kara', ""Skwid's Minipack 9 (Anchor Edition)"")"
259835,1215.14,0.991,stream,"('Calling', 'Definitely Not Denpack')"
273419,1328.45,0.991,stream,"('Hey Hey (Sped Up Ver.)', 'Initial J Extra Stage')"
285454,1218.57,0.9908,stream,"('Way Away', 'Minty Fresh Pack 2')"
270330,1317.71,0.9907,stream,"('GOTTASADAE', 'Grape Cola 2')"
271703,1373.66,0.9905,stream,"('Ikill', 'hi19hi19 Pack 5 - Streams and Memes')"
350939,1253.18,0.9905,stream,"('反重力の街', 'APEX Extreme')"
280610,1590.46,0.9904,stream,"('The Powerpuff Girls', ""Kaiten's dumbstream pack 3"")"
290861,1510.2,0.9904,stream,"('bussy gang', 'Nostealpack')"
285327,1214.05,0.9903,stream,"('Jai Ho', 'Minty Fresh Pack 4')"
299159,1491.03,0.9902,stream,"('Der Wald(kors k Remix)', ""Rachel's Rabifiles"")"
344387,1014.17,0.9902,stream,"('Dsco', 'Packful of Hollow')"
315203,1663.01,0.99,stream,"('Seven Doors', 'TESTOPACK')"
353220,1347.64,0.99,stream,"('EOS', 'Team xfpsb Megapack 2')"
250532,1169.38,0.9897,stream,"('TIT FOR TAT', 'Anime Sucks Ass 2')"
315255,1299.02,0.9897,stream,"('Rewrite', 'TESTOPACK')"
317029,1139.31,0.9896,stream,"('CAMPFIRE', 'Suomi 100')"
310343,1652.39,0.9893,stream,"('Hospital', 'Speed Training For SM Vol.3')"
323351,1054.12,0.9892,stream,"('GRRRLS', 'Valedumps')"
285700,1773.97,0.9891,stream,"('Stockholm Syndrome', 'Mina Minimegapack 6 (daunrealonez)')"
318604,1490.0,0.9889,stream,"('He He He', 'Treatpack 1')"
261844,1127.89,0.9887,stream,"('Breaking the Habit', 'Dump Parade')"
315227,1741.6,0.9886,stream,"('flower of wilderness', 'TESTOPACK')"
307131,1220.56,0.9884,stream,"('Shinde Shimaou to wa Nasakenai', ""Skwid's Minipack 6 (Cute Anime Edition)"")"
323328,1274.64,0.9884,stream,"('Hey Hey (Sped Up Ver.)', 'Valedumps 2')"
251949,1511.42,0.9883,stream,"('Marine Blue ni Sotte', ""ATTang's Bad Files"")"
315931,1209.4,0.9883,stream,"('Aerostorm', 'Tachyon Zeta')"
285516,1273.88,0.9881,stream,"('Left Outside Alone', 'Minty Fresh Pack 1')"
307120,1382.44,0.9881,stream,"('Silhouette', ""Skwid's Minipack 7 (Assault Edition)"")"
250556,1329.76,0.988,stream,"('Kokuhaku Bungee Jump', 'Anime Sucks Ass 2')"
257774,1767.49,0.9879,stream,"('Pine gate', 'cesspool of ribal 4')"
342889,1623.42,0.9879,stream,"('ウバワレ', 'interesting files i found in my discord dms')"
255649,1276.31,0.9878,stream,"(""Sister's Noise (Euro Beat Charger Mix)"", 'cesspool of ribal 2')"
251937,1681.76,0.9877,stream,"('Blue Noah 2006', ""ATTang's Bad Files"")"
342910,1626.95,0.9877,stream,"('[R E V I B E]', 'interesting files i found in my discord dms')"
261424,1162.46,0.9875,stream,"('Hello Happiness', 'D E N P A C K  D E F E N S E  F O R C E  2')"
280641,1310.16,0.9875,stream,"('Party Time', ""Kaiten's dumbstream pack"")"
343771,1135.4,0.9873,stream,"('Silly Love', 'Celeb Dumplings 2 (I Love My Friends Edition)')"
285505,1306.61,0.9872,stream,"('Por ella', 'Minty Fresh Pack 1')"
253538,1163.75,0.9869,stream,"('Disregard', 'BangerZ')"
299139,1836.11,0.9869,stream,"('Endless night', ""Rachel's Rabifiles 2"")"
251935,1388.05,0.9863,stream,"('Trust in you', ""ATTang's Bad Files"")"
257789,1178.94,0.9863,stream,"('How we kill stars', 'cesspool of ribal 4')"
324120,1205.45,0.9863,stream,"('N.Y. State of Mind', 'VSRG Charting Minipack 1')"
342858,1361.77,0.986,stream,"('I thought Nixo liked this shit and got told to kill myself', 'interesting files i found in my discord dms')"
264888,1273.14,0.9859,stream,"('COMMON CORE', 'Fennec Fallacy')"
285554,1596.23,0.9858,stream,"('Ascension to Heaven', 'MintApril Extents')"
251905,1476.66,0.9856,stream,"('reflec streamz', 'ATTangs Dumpmix')"
250339,1312.06,0.9854,stream,"('Exam Cram', ""Aoreo's Index Jawn 2"")"
283104,1453.42,0.9853,stream,"('THE HERO!!', ""Lemon's Panty Shots"")"
251963,1809.91,0.9852,stream,"('Tactical Railroad', 'ATTang')"
261924,1207.32,0.9852,stream,"('Requiem in D minor, K.626 - Dies Irae', ""DumpAss Dude's Dream"")"
267671,1254.21,0.9852,stream,"('Jack Sparrow', 'German Dump Mini Pack 4')"
250510,1377.24,0.985,stream,"('Nightcore - Hit or Miss', 'Anime Sucks Ass  3')"
260891,1093.5,0.9848,stream,"('Paper Bouquet (TV Size)', 'Crazy Culinary Revolutions')"
323296,1020.82,0.9847,stream,"('Summer Is Like A Dream', 'Valedumps 2')"
302011,1146.12,0.9845,stream,"('Texas Is Forever', 'recasted_rewritten')"
270401,1449.09,0.9844,stream,"('History Maker', 'Grape Cola')"
250572,1452.72,0.9843,stream,"('Gugutto Work', 'Anime Sucks Ass 1')"
262419,1248.3,0.9843,stream,"('Memory of Forgathering Dream', ""DourGent's Minipack 4"")"
321832,1246.09,0.9843,stream,"('Electricity', 'timdam snackpack')"
323186,1353.98,0.9843,stream,"('Gozetsu Dynamic', 'Valedumps 3 (Route B)')"
339352,1220.22,0.9843,stream,"('[Extra] [Extra] Ben 10 Anime Opening', 'Grape Cola 3')"
315242,1635.19,0.9841,stream,"('Egoistic Shooter', 'TESTOPACK')"
352565,1132.03,0.9841,stream,"('nimbasa CORE', 'Purple Ensemble')"
307199,1838.23,0.984,stream,"('Jashin no Konrei Gi wa Ai to Shiru', ""Skwid's Minipack 2 (Zenith Eoe Edition)"")"
261929,1113.45,0.9839,stream,"('Sans contrefaçon', ""DumpAss Dude's Dream"")"
323258,1644.24,0.9836,stream,"(""GENS D'ARMES"", 'Valedumps 3 (Route A)')"
255638,1199.33,0.9835,stream,"('Wings of Fire', 'cesspool of ribal 2')"
339383,1101.62,0.9835,stream,"('Bonkers', 'Grape Cola 3')"
250537,998.32,0.9833,stream,"('RAY OF LIGHT', 'Anime Sucks Ass 2')"
307091,1126.43,0.983,stream,"('Uncontrollable', ""Skwid's Minipack 8 (Ok Here It Is Edition)"")"
307119,1086.18,0.983,stream,"('Pipo Password', ""Skwid's Minipack 7 (Assault Edition)"")"
307192,1365.45,0.9829,stream,"('Liar Mask', ""Skwid's Minipack 2 (Zenith Eoe Edition)"")"
283131,1479.01,0.9828,stream,"('The Azure Arbitrator', ""Lemon's Fruit Snacks 2"")"
323321,1261.31,0.9828,stream,"('Hero', 'Valedumps 2')"
307194,1319.41,0.9827,stream,"('ISOtone', ""Skwid's Minipack 2 (Zenith Eoe Edition)"")"
307160,1264.85,0.9825,stream,"('Ikenai Borderline', ""Skwid's Minipack 4 U (Big Guy Edition)"")"
273397,1107.06,0.9824,stream,"('The Weekend', 'Initial J Extra Stage')"
315239,1538.59,0.9822,stream,"('Giniro no Sora', 'TESTOPACK')"
273396,1345.98,0.9821,stream,"('POWER (SPED UP VER.)', 'Initial J Extra Stage')"
323236,1102.55,0.9821,stream,"('Hello', 'Valedumps 3 (Route A)')"
339335,1337.83,0.9821,stream,"('UFO☆UFO -ボクのともだち-', 'Grape Cola 3')"
250553,1205.1,0.982,stream,"('Theater of Life', 'Anime Sucks Ass 2')"
285177,1515.19,0.982,stream,"('Ereshkigal', 'Miracle Streamz')"
251957,1353.73,0.9818,stream,"('Date A Live', ""ATTang's Bad Files"")"
350560,1180.43,0.9818,stream,"('A Festa Non Vai Parar', 'Psychotic Dumps')"
257760,1118.87,0.9817,stream,"('Not In Love (feat. Robert Smith)', 'Cesspool of Ribal')"
315282,1203.95,0.9817,stream,"('mental health jam', 'TESTOPACK')"
273417,1388.68,0.9815,stream,"('Head Splitter', 'Initial J Extra Stage')"
273376,1045.53,0.9811,stream,"('Here I Go Again', 'Initial J First Stage')"
285145,1706.65,0.9811,stream,"('曾根崎心中', 'Miracle Streamz^2')"
255635,1304.48,0.981,stream,"('Rebel Yell', 'cesspool of ribal 3')"
267682,1266.97,0.981,stream,"('Midwest Choppers 2', 'German Dump Mini Pack 4')"
290856,1887.65,0.981,stream,"('Kami no Kotoba', 'Nostealpack')"
250586,1172.19,0.9805,stream,"('Fushigi Purupuru Pururin Rin!', 'Anime Sucks Ass 1')"
285143,1027.42,0.9803,stream,"('Dreamrainer', 'Miracle Streamz^2')"
324141,1254.59,0.9803,stream,"('Of Amnesia', 'VSRG Charting Minipack 1')"
285345,1229.92,0.9802,stream,"('Fuck NEKOPARA', 'Minty Fresh Pack 4')"
261975,1232.0,0.9799,stream,"('La Notte Vola', ""DumpAss Dude's Dream"")"
341661,870.64,0.9799,stream,"('Undercover Martyn', 'This Could Have Been Your Pack')"
307111,1270.78,0.9798,stream,"('Senbonzakura', ""Skwid's Minipack 7 (Assault Edition)"")"
321781,1188.67,0.9796,stream,"('Still Alive In Love', 'Timdam Snackpack 2')"
310281,1614.76,0.9794,stream,"('Big Brother', 'Speed Training For SM Volume 4')"
301033,1280.23,0.9791,stream,"('Tiimmy Turner', 'P3Pack2')"
314827,1396.12,0.9789,stream,"(""I'm sorry we really suck."", 'The End')"
285210,1247.24,0.9784,stream,"('*~Asterisk~', 'Minty zFarts Pack 2')"
271737,1140.7,0.9782,stream,"('Drown Into Perdition', 'hi19hi19 Pack 5 - Streams and Memes')"
307207,1292.64,0.9782,stream,"('Twilight Horizon', ""Skwid's Minipack"")"
323360,1163.16,0.9782,stream,"('Kaisei Joshou Hallelujah', 'Valedumps')"
328496,1439.44,0.978,stream,"('Sun Valley (K2 Remix)', 'Yolomania Vol. 4')"
285265,1345.05,0.9779,stream,"('y+666', 'Minty zFarts Pack 1')"
328826,1238.03,0.9779,stream,"(""Groovin' Magic"", 'Yolo Dumps 1')"
290665,1274.67,0.9777,stream,"('Connect 1986', 'Nuclear Blast JS Awesome Bomb Filez 4')"
342847,1040.59,0.9777,stream,"('Dead Inside', 'interesting files i found in my discord dms')"
285506,1177.87,0.9775,stream,"('Suerte', 'Minty Fresh Pack 1')"
280432,1369.46,0.9773,stream,"('Inferno', ""Kazye's Speedy Speed Files"")"
285183,1091.7,0.9772,stream,"('光', 'Miracle Streamz')"
280434,1443.24,0.9771,stream,"('Completeness Under Incompleteness', ""Kazye's Speedy Speed Files"")"
342900,1392.26,0.977,stream,"('HAKKE!!!!', 'interesting files i found in my discord dms')"
251948,1548.92,0.9769,stream,"('Kirihirake! Gracie Star', ""ATTang's Bad Files"")"
329015,1228.99,0.9769,stream,"('Tower of Heaven', 'xXxRUSSIAxXx 3')"
323229,989.24,0.9767,stream,"('LOST IN PARADISE feat. AKLO', 'Valedumps 3 (Route A)')"
282007,1186.97,0.9766,stream,"('All Good Things', 'Lofty Minipack 4 (Paradise Loft)')"
307128,1207.08,0.9766,stream,"('Fuck 4Kids', ""Skwid's Minipack 6 (Cute Anime Edition)"")"
251890,1383.99,0.9763,stream,"('Crossing Field', 'ATTangs Dumpmix')"
250494,1242.92,0.9762,stream,"('Psihushka (Soft Nightcore Ver.)', 'Anime Sucks Ass  3')"
307079,1175.04,0.9762,stream,"('PAPERMOON', ""Skwid's Minipack 9 (Anchor Edition)"")"
273113,1044.15,0.9761,stream,"('Baby Baby', 'In The Dump')"
307252,1463.28,0.9761,stream,"('Rettsu! Ohime-sama Dakko', ""Skwaius's Smartstream"")"
285509,1223.97,0.976,stream,"('Smells Like Teen Spirit', 'Minty Fresh Pack 1')"
260889,1377.4,0.9759,stream,"('Mei Fei Se Wu', 'Crazy Culinary Revolutions')"
290578,1294.9,0.9757,stream,"('Dark Matter', 'Nuclear Blast JS Awesome Bomb Filez 5')"
285187,1365.28,0.9756,stream,"('EOS', 'Miracle Streamz')"
253534,1153.69,0.9753,stream,"('Amazing', 'BangerZ')"
273412,1364.29,0.9753,stream,"('HARAJUKU NIGHTS (SPED UP VER.)', 'Initial J Extra Stage')"
268252,1613.6,0.975,stream,"('End Time (Short Cut)', 'Fullerene Shift')"
323252,1016.91,0.975,stream,"('Face Down', 'Valedumps 3 (Route A)')"
281979,1187.15,0.9749,stream,"('M.A.A.D City', 'Lofty Minipack 4 (Paradise Loft)')"
329635,1418.8,0.9749,stream,"('KotoNoHa (NightCore ver)', ""Xingyue's ETTERNA IV"")"
321810,1335.75,0.9748,stream,"('All My Life (Short ver.)', 'Timdam Snackpack 2')"
255642,1046.91,0.9747,stream,"('Push It', 'cesspool of ribal 2')"
285163,1682.61,0.9746,stream,"('Nopea', 'Miracle Streamz')"
302201,1388.84,0.9742,stream,"(""[F-5] samurai7694's OP"", 'Rebound Dump Collection Megapack II')"
315395,1579.43,0.9742,stream,"('Super Gachi Saiyan', ""Tera's Megapack volume 1"")"
327854,1279.66,0.9742,stream,"('Another Medium', ""Vela's Velato v2 - Escape From Reality"")"
273384,1468.18,0.9741,stream,"('TRI PALOSKI', 'Initial J First Stage')"
251953,1626.62,0.9736,stream,"('volcanicu', ""ATTang's Bad Files"")"
342382,1246.36,0.9736,stream,"('Rolling in the Deep', 'April Singles')"
298978,1544.38,0.9732,stream,"('Verflucht', 'Overstream')"
328593,1552.13,0.9732,stream,"('The 8th Era', 'Yolomania Vol. 3')"
257758,1264.05,0.9731,stream,"('Golden Age', 'Cesspool of Ribal')"
315257,1686.14,0.9731,stream,"('RIP Gossip Sea', 'TESTOPACK')"
317406,968.86,0.973,stream,"('Prism', 'STEP_PROJECT')"
323155,1279.72,0.9729,stream,"('Chacarron', 'Valedumps 3 (Route B)')"
273386,1191.94,0.9727,stream,"('ON MY OWN 2006 (Sped Up Ver.)', 'Initial J First Stage')"
324048,1059.57,0.9725,stream,"('Over the Fullereneshift', 'We Are The Sound')"
280598,1594.26,0.972,stream,"('Eiyuu no Shi', ""Kaiten's dumbstream pack 4"")"
300088,1403.23,0.9719,stream,"('Vanishing Point', ""Pixl's Minipack 2"")"
333369,1196.4,0.9719,stream,"('クラムボン', '#774 Etterna Explosion Excitepack')"
250570,1121.4,0.9718,stream,"('Oddloop', 'Anime Sucks Ass 1')"
315235,1383.66,0.9716,stream,"('Ikouze Paradise', 'TESTOPACK')"
255650,1212.26,0.9715,stream,"('Loner', 'cesspool of ribal 2')"
285545,1256.46,0.9714,stream,"('Cake', 'Minty Fresh Pack 1')"
342778,1413.89,0.9713,stream,"('masterpiece', 'interesting files i found in my discord dms')"
342588,964.32,0.9712,stream,"('[2-1] What Is Love', 'Etterna Echelon Pack')"
307157,1336.71,0.9711,stream,"('Story', ""Skwid's Minipack 4 U (Big Guy Edition)"")"
257648,1344.89,0.9709,stream,"('the dariacore to ytp pipeline', 'Charting Secret Santa 2021')"
329077,1483.2,0.9709,stream,"('malo tebya', 'xXxRUSSIAxXx 2')"
357791,1471.05,0.9706,stream,"('Get Jinxed', ""Xingyue's ETTERNA III"")"
251955,1708.0,0.9702,stream,"('Aragami =', ""ATTang's Bad Files"")"
261813,1581.53,0.9702,stream,"('Kumikyoku Nico Nico Douga', 'Dump Parade')"
317049,1260.81,0.9702,stream,"('MIES ULOS SINUSTA', 'Suomi 100')"
342257,1137.58,0.97,stream,"('TEEN TITANS THEME (TV Size)', ""Kauitsu's Soup Pack 4"")"
280614,1477.07,0.9699,stream,"('Special Life!', ""Kaiten's dumbstream pack 3"")"
354623,1108.16,0.9699,stream,"('Burn It All', 'Valedumps 4')"
280603,1609.71,0.9697,stream,"('super mega death staminal killer supreme ultimate unliving', ""Kaiten's dumbstream pack 3"")"
272246,1213.9,0.9694,stream,"('Disconnected Trance', 'Hard Songs Megapack Volume 12')"
317009,1242.67,0.9694,stream,"('Sopo RUBE Bootleg', 'Suomi 100')"
255741,1184.19,0.969,stream,"('FIGHT IT OUT feat. K(Pay money To my Pain)', 'Celeb Dumplings (Delicious Edition)')"
307179,1252.28,0.969,stream,"('CARTOON HEROES', ""Skwid's Minipack 3 (Metamemes And More Anime Edition)"")"
315283,1858.34,0.9686,stream,"('KOLIKOITA VESSAN LATTIALLA !!!', 'TESTOPACK')"
316960,1470.5,0.9683,stream,"('EI OO KiVa AA', 'Suomi 101')"
333382,1436.33,0.9683,stream,"('告白バンジージャンプ', '#774 Etterna Explosion Excitepack')"
307159,1227.6,0.968,stream,"('COOLEST', ""Skwid's Minipack 4 U (Big Guy Edition)"")"
285539,1240.32,0.9679,stream,"('Girlfriend', 'Minty Fresh Pack 1')"
307176,1270.41,0.9676,stream,"('宿命～ETERNAL BATTLESHIP～', ""Skwid's Minipack 3 (Metamemes And More Anime Edition)"")"
323208,1222.07,0.9676,stream,"('Trapped With The Beast', 'Valedumps 3 (Route A)')"
270392,1273.18,0.9675,stream,"('ふわふわ時間', 'Grape Cola')"
257785,1348.92,0.9673,stream,"('t∀king control of my 11.9 of bmi is pinn∀cle', 'cesspool of ribal 4')"
353307,1318.23,0.967,stream,"('MilK', ""Tera's Megapack Volume 3"")"
282001,1390.28,0.9668,stream,"('Live Forever', 'Lofty Minipack 4 (Paradise Loft)')"
285472,1298.51,0.9668,stream,"('Exile of the Floating World', 'Minty Fresh Pack 2')"
339297,1238.73,0.9668,stream,"('Enormous Penis', 'Grape Cola 3')"
260724,1446.95,0.9666,stream,"('Ukigumo', ""'d"")"
261448,1254.81,0.9666,stream,"('Jinkou Chinou Alpha GO!!', 'Denpack Append')"
323194,1307.7,0.9666,stream,"('FUCK WINDOZE', 'Valedumps 3 (Route A)')"
259839,1102.9,0.9664,stream,"('Curtain Call!!!!!', 'Definitely Not Denpack')"
282091,1086.19,0.9663,stream,"('Kotik', 'Lofty Dump MiniPack')"
307151,1227.48,0.9662,stream,"('The Divine Zero', ""Skwid's Minipack 5 (Edition)"")"
323247,1218.26,0.9661,stream,"('Kingslayer', 'Valedumps 3 (Route A)')"
280887,1708.65,0.9659,stream,"(""leonid's OP"", ""Knit's Boss Rush"")"
260929,842.5,0.9658,stream,"('Soramimi Cake (TV Size)', 'Crazy Culinary Revolutions')"
329085,1375.75,0.9658,stream,"('Phenomenon', 'xXxRUSSIAxXx 2')"
307161,1362.15,0.9657,stream,"('Ready Go!!', ""Skwid's Minipack 4 U (Big Guy Edition)"")"
261911,1289.22,0.9654,stream,"('Представьте', ""DumpAss Dude's Dream 2"")"
298981,1437.92,0.9653,stream,"('I&U', 'Overstream')"
323340,1161.94,0.9652,stream,"('Solitude', 'Valedumps')"
328820,1199.55,0.965,stream,"('Lights', 'Yolo Dumps 1')"
263407,1053.16,0.9648,stream,"('Send My Love to Mars', 'Etterna')"
261431,1239.56,0.9643,stream,"('GO MY WAY!!', 'D E N P A C K  D E F E N S E  F O R C E')"
285499,1353.23,0.9642,stream,"('Harder to Breathe', 'Minty Fresh Pack 1')"
307249,1372.44,0.9641,stream,"('crushcrushcrush', ""Skwaius's Smartstream"")"
253595,1412.93,0.9639,stream,"('SELF PRODUCER', 'Bad.End')"
285171,1585.21,0.9637,stream,"('Akasha', 'Miracle Streamz')"
321830,1048.56,0.9637,stream,"('The Scales of Strangeness', 'timdam snackpack')"
323361,1640.19,0.9636,stream,"('Cyber Inductance', 'Valedumps')"
285185,1435.04,0.9635,stream,"('Yell!', 'Miracle Streamz')"
281011,1407.82,0.9632,stream,"('Kryptonite', ""Knit's Boss Rush"")"
318583,1357.48,0.963,stream,"('Better Now', 'Treatpack 1')"
251917,1397.57,0.9628,stream,"('Reason why XXX', 'ATTangs Dumpmix')"
283206,1413.11,0.9628,stream,"('Death Moon', ""Lemon's Fruit Snacks"")"
250563,1216.88,0.9626,stream,"('POP TEAM EPIC', 'Anime Sucks Ass 1')"
323128,1046.87,0.9624,stream,"('STAND PROUD', 'Valedumps 3 (Route B)')"
329159,1494.8,0.9622,stream,"('Donten (TV Size)', 'xXxRUSSIAxXx')"
261963,1147.41,0.962,stream,"('Run Away With Me', ""DumpAss Dude's Dream"")"
328937,1227.99,0.9619,stream,"('Быть дауном', 'xXxRUSSIAxXx 3')"
324111,1180.91,0.9618,stream,"('Kiri', 'VSRG Charting Minipack 1')"
342807,1207.68,0.9618,stream,"(""large catdron colider's op"", 'interesting files i found in my discord dms')"
261413,1636.33,0.9616,stream,"('Future Bass', 'D E N P A C K  D E F E N S E  F O R C E  2')"
307376,1444.67,0.9615,stream,"('Ange du Blanc Pur', ""Ska-Cola Machin'"")"
323197,1226.07,0.9614,stream,"('The Magic Valleys of Dark Wolf', 'Valedumps 3 (Route A)')"
285195,1644.96,0.9611,stream,"('Mono Logic', 'Miracle Streamz')"
290969,1643.04,0.9606,stream,"('Vast Universe', 'Nixo pack 0')"
257784,1264.67,0.9603,stream,"('Touch Fluffy Tail', 'cesspool of ribal 4')"
307156,1174.72,0.9603,stream,"('Zenryoku Batankyuu', ""Skwid's Minipack 4 U (Big Guy Edition)"")"
350644,1270.05,0.9603,stream,"('Epilogue', 'Helvetica Standard')"
268251,1404.55,0.9602,stream,"('End Time (Short Cut)', 'Fullerene Shift')"
307240,1374.77,0.9601,stream,"('Great Days', ""Skwaius's Smartstream"")"
328973,1094.33,0.9601,stream,"('Chikibamboni Song', 'xXxRUSSIAxXx 3')"
323322,1025.45,0.9596,stream,"('Divinity', 'Valedumps 2')"
251964,2034.62,0.9595,stream,"('We no speak Americano', 'ATTang')"
253602,1183.85,0.9591,stream,"('The 7th Element', 'Bad.End')"
285797,1243.96,0.959,stream,"('Love Song', 'Mina Minimegapack')"
352562,1256.9,0.959,stream,"('OVERKILL', 'Purple Ensemble')"
255995,1234.9,0.9589,stream,"(""JTeh's OP"", ""Skwid's Minipack 3 (Metamemes And More Anime Edition)"")"
350966,1382.33,0.9589,stream,"('Inferno', 'APEX Extreme')"
271861,1069.57,0.9585,stream,"('Who Wants to Be a Millionaire', 'hi19hi19 Pack 2 - Dumps and Hard Stuff')"
323276,1425.03,0.9585,stream,"('Sanada', 'Valedumps 2')"
285310,1360.45,0.9583,stream,"('i wsh diphenhydrmine help me die.', 'Minty Fresh Pack 4')"
267686,1224.77,0.9582,stream,"('Worldwide Choppers', 'German Dump Mini Pack 4')"
283101,1435.29,0.958,stream,"('L.L.L.', ""Lemon's Panty Shots"")"
261965,1246.18,0.9576,stream,"('8D', ""DumpAss Dude's Dream"")"
257751,910.46,0.9575,stream,"('Absolute Territory', 'Cesspool of Ribal')"
246607,1274.12,0.9574,stream,"('heavenly blue', '10Dollar Dump Dump Revolutions 4')"
329081,1162.47,0.9574,stream,"('Sentimental Generation', 'xXxRUSSIAxXx 2')"
282045,1330.57,0.9573,stream,"('Cute Piano', 'Lofty Minipack 3')"
250533,959.0,0.9572,stream,"('Naraku no Hana', 'Anime Sucks Ass 2')"
261985,1538.8,0.9571,stream,"('High Powered', 'Dumbstream 5')"
285863,1168.34,0.9571,stream,"('Rockefeller Street', ""midgy's cartography collection III"")"
331555,1367.19,0.957,stream,"('Blue-White Crazystars', 'Caustic_Conversion')"
253605,1124.17,0.9569,stream,"('GO FOR IT!!', 'Bad.End')"
282112,1334.29,0.9569,stream,"('Shake Ya Tailfeather', 'Lofty Dump MiniPack')"
310321,1528.9,0.9568,stream,"('Vision Driver', 'Speed Training For SM Vol.3')"
317027,1165.27,0.9562,stream,"('Ari Ji Goku', 'Suomi 100')"
290576,1095.17,0.956,stream,"('thinking of you', 'Nuclear Blast JS Awesome Bomb Filez 5')"
321845,1486.44,0.9559,stream,"('Angel dust', 'timdam snackpack')"
328798,1549.79,0.9559,stream,"('Crossing Field', 'Yolo Dumps 1')"
307175,1120.16,0.9558,stream,"('Hospital', ""Skwid's Minipack 3 (Metamemes And More Anime Edition)"")"
330136,1602.72,0.9557,stream,"('Dear You', 'WoAiNi')"
310335,1509.42,0.9553,stream,"('Senpai. [MOVIE Ver.]', 'Speed Training For SM Vol.3')"
328886,944.57,0.9552,stream,"('Я ВХ И АИМ', 'xXxRUSSIAxXx 3')"
250559,1299.28,0.955,stream,"('Souzetsu Gekkou', 'Anime Sucks Ass 1')"
256038,1282.38,0.955,stream,"('Crow Solace', 'Bursts Of A Teitoku Kai')"
251942,1520.38,0.9549,stream,"('primal v2', ""ATTang's Bad Files"")"
307163,1200.81,0.9546,stream,"('Sore wa Chiisa na Hikari no You Na', ""Skwid's Minipack 4 U (Big Guy Edition)"")"
339334,1443.6,0.9546,stream,"('La Proxima Cancion Se Llama', 'Grape Cola 3')"
323338,1116.6,0.9544,stream,"('TV Party', 'Valedumps')"
328780,1308.09,0.9543,stream,"('Authentic symphony', 'Yolo Dumps 1')"
307168,1320.93,0.9542,stream,"('Halloween Bakuhatsu Shiro!', ""Skwid's Minipack 4 U (Big Guy Edition)"")"
273401,1296.48,0.9537,stream,"('NAW NAW', 'Initial J Extra Stage')"
283105,1465.73,0.9537,stream,"('KABANERI OF THE IRON FORTRESS', ""Lemon's Panty Shots"")"
285294,1257.87,0.953,stream,"('Eramaan Viimeinen', 'Minty zFarts Pack 1')"
285147,1042.25,0.9525,stream,"('Colours of Sorrow', 'Miracle Streamz^2')"
285550,1217.46,0.9522,stream,"(""C'est Une Belle Journee"", 'Minty Fresh Pack 1')"
282103,1141.43,0.9521,stream,"(""California Dreamin'"", 'Lofty Dump MiniPack')"
280607,1390.23,0.952,stream,"('Bomb A Head! V', ""Kaiten's dumbstream pack 3"")"
337799,942.25,0.952,stream,"('Buttercup', 'Amber Chores')"
267662,1324.25,0.9518,stream,"('Join Me', 'German Dump Mini Pack 4')"
307155,1292.36,0.9518,stream,"('Fubuki', ""Skwid's Minipack 4 U (Big Guy Edition)"")"
310357,1346.2,0.9516,stream,"('Kimi no Shiranai Monogatari', 'Speed Training For SM Vol.2')"
307211,1175.21,0.9515,stream,"('Kaguyahime', ""Skwid's Minipack"")"
285133,1284.2,0.9514,stream,"('The Clear Blue Sky', 'Miracle Streamz^2')"
329086,1614.35,0.9514,stream,"('Days', 'xXxRUSSIAxXx 2')"
299134,1718.09,0.9513,stream,"('Fragile... (2011 Mix)', ""Rachel's Rabifiles 2"")"
251961,1852.77,0.9511,stream,"('Rising A', ""ATTang's Bad Files"")"
323362,882.61,0.9509,stream,"('Balance', 'Valedumps')"
268265,1448.19,0.9506,stream,"('Odin', 'Fullerene Shift')"
283127,1347.38,0.9506,stream,"('dropdead', ""Lemon's Fruit Snacks 2"")"
328825,1153.33,0.9504,stream,"('Get Jinxed', 'Yolo Dumps 1')"
333508,867.58,0.9504,stream,"('失礼しますが、RIP♡', '#774 Etterna Explosion Excitepack')"
314819,1471.87,0.9503,stream,"('SELF PRODUCER', 'The End')"
285237,1234.33,0.95,stream,"('Shake Ya Tailfeather', 'Minty zFarts Pack 2')"
329114,1057.31,0.9499,stream,"('Minus 40', 'xXxRUSSIAxXx 2')"
315899,1198.11,0.9498,stream,"('Blue Planet', 'Tachyon Zeta')"
307198,1193.66,0.9496,stream,"('Kakushinteki Metamarufoze', ""Skwid's Minipack 2 (Zenith Eoe Edition)"")"
310332,1265.07,0.9496,stream,"('Love Drunk', 'Speed Training For SM Vol.3')"
283764,1150.78,0.9489,stream,"('Euphoric Field', 'Magicschool Arpia')"
285321,965.71,0.9489,stream,"('Take Me Home, Country Snow', 'Minty Fresh Pack 4')"
307201,1339.03,0.9488,stream,"('Remnants of the Tortured', ""Skwid's Minipack"")"
282057,1382.31,0.9484,stream,"('Prototype', 'Lofty Minipack 3')"
323352,1051.74,0.9483,stream,"('Planets', 'Valedumps')"
337971,1403.68,0.9483,stream,"('THE STREAMS REVOLVING', '.ricetoasted')"
318403,1174.07,0.9481,stream,"('Boss', 'The leftovers 2')"
329098,1484.81,0.9481,stream,"('Fatima', 'xXxRUSSIAxXx 2')"
328790,1436.47,0.9479,stream,"('Spring Break Anthem', 'Yolo Dumps 1')"
350682,1232.56,0.9477,stream,"('Haschenparty', 'Helvetica Standard')"
283096,1272.09,0.9472,stream,"('Brand-new World', ""Lemon's Panty Shots"")"
298976,1590.54,0.9472,stream,"('CaptivAte ~Jouka~', 'Overstream')"
307187,1204.76,0.9468,stream,"('Himitsu wo Choudai', ""Skwid's Minipack 2 (Zenith Eoe Edition)"")"
283661,1134.56,0.9465,stream,"('LEVEL5-judgelight-', 'Magicschool Arpia')"
328791,1257.64,0.9465,stream,"(""Colour Theory's OP"", 'Yolo Dumps 1')"
323333,1119.91,0.9463,stream,"('Sun Models', 'Valedumps')"
282051,1240.46,0.9461,stream,"('Nightfall', 'Lofty Minipack 3')"
328778,1360.8,0.946,stream,"('ENJOY', 'Yolo Dumps 1')"
307167,1206.58,0.9459,stream,"('Knew day', ""Skwid's Minipack 4 U (Big Guy Edition)"")"
338947,1196.02,0.9455,stream,"('Haunted (dive to the heart remix)', 'Polarin Pack 4')"
264902,1339.99,0.9454,stream,"('No Running!!!', 'Fennec Fallacy')"
250534,957.7,0.9453,stream,"('Fatima', 'Anime Sucks Ass 2')"
261420,1144.17,0.9448,stream,"('Spaghetti Spicy Girl', 'D E N P A C K  D E F E N S E  F O R C E  2')"
307130,1189.77,0.9443,stream,"('Love is MY RAIL', ""Skwid's Minipack 6 (Cute Anime Edition)"")"
280609,1666.49,0.9442,stream,"('[8-STM] Ready to Die', ""Kaiten's dumbstream pack 3"")"
307097,1164.19,0.9442,stream,"('Healing Vision', ""Skwid's Minipack 8 (Ok Here It Is Edition)"")"
307132,1142.52,0.9442,stream,"('BON-BON', ""Skwid's Minipack 6 (Cute Anime Edition)"")"
280438,1467.06,0.9441,stream,"('Inferno', ""Kazye's Speedy Speed Files"")"
328796,1744.04,0.944,stream,"(""Shadow1800's OP"", 'Yolo Dumps 1')"
333506,1146.21,0.9439,stream,"('デイドリームシンデレラ', '#774 Etterna Explosion Excitepack')"
283623,1184.23,0.9438,stream,"('FLYING FAFNIR', 'Magicschool Arpia')"
307135,1184.76,0.9438,stream,"('Hajime no Ippo', ""Skwid's Minipack 6 (Cute Anime Edition)"")"
251675,1226.79,0.9435,stream,"('Ivaltek', 'Azure')"
264601,1470.37,0.9432,stream,"('Sparkling Daydream', 'Etterna Explosion Excitepack')"
367154,1404.02,0.9432,stream,"('Sidetracked Day (Short ver.)', ""Mat's Dump Pack"")"
367767,1035.23,0.9432,stream,"('Pine Nut', ""Vela's Velato"")"
283736,1195.24,0.943,stream,"('Ryuusei', 'Magicschool Arpia')"
285887,1235.19,0.943,stream,"('FUKKIRETA', ""midgy's cartography collection III"")"
250579,1161.45,0.9429,stream,"('Nirvana', 'Anime Sucks Ass 1')"
330332,1891.84,0.9428,stream,"('Blue-White Crazystars', 'mizuki')"
255636,1189.35,0.9427,stream,"('Say it', 'cesspool of ribal 3')"
318613,1424.38,0.9427,stream,"('CHOIR JAIL', 'Treat Minipack 1')"
280633,1283.92,0.9423,stream,"('吹っ切れた', ""Kaiten's dumbstream pack 2"")"
307371,1149.0,0.9423,stream,"(""Man, It's So Loud In Here"", ""Ska-Cola Machin'"")"
283133,1173.47,0.942,stream,"('Slash Dot Slash (Slim Boy Fat)', ""Lemon's Fruit Snacks 2"")"
307200,1320.61,0.9419,stream,"('Brave Shine', ""Skwid's Minipack"")"
255648,1022.59,0.9418,stream,"(""Stronger (What Doesn't Kill You)"", 'cesspool of ribal 2')"
313847,1496.19,0.9418,stream,"('Realization', 'Stepocalypse Set 1 - Tiers')"
255608,1086.82,0.9416,stream,"('superwaha', 'cesspool of ribal 3')"
282069,1555.94,0.9415,stream,"(""Demon's Fate"", 'Lofty Minipack 3')"
251939,1264.73,0.9413,stream,"('ho rang pung ryu ga', ""ATTang's Bad Files"")"
271720,1345.81,0.9407,stream,"('Trickstarz', 'Super Revival Pack 2015!!')"
321838,1159.5,0.9404,stream,"('PASSPORT TO DANCE', 'timdam snackpack')"
283629,1069.21,0.9402,stream,"('Hana no Iro', 'Magicschool Arpia')"
285491,1374.37,0.9401,stream,"('Hand of Blood', 'Minty Fresh Pack 1')"
307206,1258.7,0.9398,stream,"('Harumodoki', ""Skwid's Minipack"")"
318577,1259.66,0.9397,stream,"('Blow Out', 'Treatpack 1')"
253561,1004.65,0.9396,stream,"('Get Busy', 'BangerZ')"
282066,1308.56,0.9394,stream,"('Nimbasa CORE', 'Lofty Minipack 3')"
299157,1637.79,0.9393,stream,"(""A Reyvateil's Curse"", ""Rachel's Rabifiles"")"
329622,1269.41,0.9391,stream,"('Lovers', ""Xingyue's ETTERNA IV"")"
338030,1216.51,0.9391,stream,"('Why?', 'cloakatious435 wacky packy 2 (Doodle Dumps)')"
317121,1165.73,0.939,stream,"('Flying High (Speed Mix)', 'Suomi 100.5')"
250496,1055.86,0.9389,stream,"('Snuggle Song', 'Anime Sucks Ass  3')"
257748,1182.48,0.9386,stream,"('Crazy Little Love', 'Cesspool of Ribal')"
280626,1270.71,0.9384,stream,"(""large hadron colider's op"", ""Kaiten's dumbstream pack 2"")"
333495,1021.43,0.9383,stream,"('リテラチュア', '#774 Etterna Explosion Excitepack')"
246675,1360.7,0.9382,stream,"('忍', '10Dollar Dump Dump Revolutions 2')"
329934,1314.67,0.9382,stream,"('Decapitation Fornication', 'Xeo&FriendZ')"
255735,1107.65,0.9381,stream,"('Genesis', 'Celeb Dumplings (Delicious Edition)')"
257783,1298.81,0.9381,stream,"('Things Left In Last Year', 'cesspool of ribal 4')"
285494,1252.92,0.938,stream,"('Depth of My Soul', 'Minty Fresh Pack 1')"
353057,1748.85,0.938,stream,"('Vorota Collapse', 'Kazye Minipack 2')"
282020,1179.55,0.9375,stream,"('Only Acting', 'Lofty Minipack 4 (Paradise Loft)')"
321824,1098.93,0.9375,stream,"(""I've Seen Footage"", 'Timdam Snackpack 2')"
249349,1430.62,0.9373,stream,"('VIS_CRACKED', 'Acerola')"
268269,1454.68,0.9372,stream,"('Place in this world', 'Fullerene Shift')"
251908,1417.03,0.9371,stream,"('1000% SPARKING!', 'ATTangs Dumpmix')"
251945,1211.62,0.9371,stream,"('Yasashisa no Riyuu', ""ATTang's Bad Files"")"
280538,1365.19,0.9371,stream,"('Weird Autumn', ""Kauitsu's Soup Pack 2"")"
285165,1447.61,0.9371,stream,"('FLAGS', 'Miracle Streamz')"
250548,1144.09,0.937,stream,"('Pirate Rap', 'Anime Sucks Ass 2')"
285252,919.24,0.937,stream,"('Makiba', 'Minty zFarts Pack 2')"
342250,1336.49,0.937,stream,"('Penguin (Pinnacle Remix)', ""Kauitsu's Soup Pack 3"")"
283095,1432.24,0.9369,stream,"('Kuusou Mesorogiwi', ""Lemon's Panty Shots"")"
307101,976.74,0.9366,stream,"('Pink Rose', ""Skwid's Minipack 8 (Ok Here It Is Edition)"")"
256106,1334.1,0.9365,stream,"('Raw Sugar', '{Burnt Toast 2} v1.0')"
261923,1112.37,0.9365,stream,"('Warriors', ""DumpAss Dude's Dream"")"
251895,1552.24,0.9361,stream,"('electric butterfly', 'ATTangs Dumpmix')"
246659,1224.06,0.9358,stream,"('尻削り節', '10Dollar Dump Dump Revolutions 2')"
307209,1318.92,0.9357,stream,"('Euphoric Field', ""Skwid's Minipack"")"
329971,1248.86,0.9357,stream,"('Einen Moment Mal!', 'Xayy Lmao Mixtape (Feat. Chill Pill)')"
249321,1102.96,0.9356,stream,"('cathedral (Hidden Forbidden Holy Ground)', 'Acerola')"
283103,1365.03,0.9355,stream,"('Sore wa Chiisana Hikari no Youna', ""Lemon's Panty Shots"")"
353258,1166.88,0.9349,stream,"('Electro Angel', ""Tera's Megapack Volume 3"")"
280617,1691.39,0.9344,stream,"('boss nigga', ""Kaiten's dumbstream pack 2"")"
328904,1000.87,0.9344,stream,"('M-41,M-62A', 'xXxRUSSIAxXx 3')"
251958,1254.12,0.9341,stream,"('Kawaru Mirai', ""ATTang's Bad Files"")"
328811,1445.99,0.934,stream,"('Bye Bye Bye', 'Yolo Dumps 1')"
315208,2174.04,0.9338,stream,"('Chaosmaid', 'TESTOPACK')"
328821,1407.82,0.9338,stream,"('Be_Natural', 'Yolo Dumps 1')"
271836,1186.23,0.9337,stream,"('Soviet March', 'hi19hi19 Pack 2 - Dumps and Hard Stuff')"
264839,1577.01,0.9335,stream,"('J-E-N-O-V-A', 'Fennec Fallacy')"
262003,1558.81,0.9334,stream,"('Daydream Syndrome', 'Dumbstream 5')"
310329,1422.15,0.9332,stream,"('Good Time', 'Speed Training For SM Vol.3')"
290604,1163.36,0.933,stream,"('You Time You Show You Universe', 'Nuclear Blast JS Awesome Bomb Filez 5')"
304633,1556.04,0.9327,stream,"('Gamer Bald Yeet Diss', 'Shadormix 2')"
250500,1295.66,0.9322,stream,"('Forever Young', 'Anime Sucks Ass  3')"
270306,1226.87,0.9321,stream,"('Last Time', 'Grape Cola 2')"
283075,1786.14,0.9318,stream,"('Dark Sheep', ""Lemon's Panty Shots 3 - Camellia Edition"")"
315984,1180.18,0.9317,stream,"('Disregard', 'Tachyon Zeta')"
328717,1352.39,0.9317,stream,"('Evacuate the Moshpit', 'Yolomania Vol. 2')"
342379,1557.87,0.9317,stream,"('Day to Live', 'April Singles')"
283146,1290.94,0.9315,stream,"('Palette GAMMA', ""Lemon's Fruit Snacks 2"")"
261960,1231.99,0.9313,stream,"('Child Abuse', ""DumpAss Dude's Dream"")"
329167,1281.75,0.931,stream,"('Danza Kuduro', 'xXxRUSSIAxXx')"
307205,1221.45,0.9305,stream,"('Kishi Koushinkyoku', ""Skwid's Minipack"")"
273398,1244.74,0.9303,stream,"('DANCE DANCE (SPED UP VER.)', 'Initial J Extra Stage')"
282096,1672.1,0.93,stream,"(""Putin's Boner"", 'Lofty Dump MiniPack')"
323273,1401.44,0.9296,stream,"('Heavenly Moon', 'Valedumps 2')"
267691,1298.82,0.9294,stream,"('Freaky Like Me', 'German Dump Mini Pack 4')"
329841,1329.71,0.9294,stream,"('The Island of Albatross [DELAY]', ""XingRen's Megapack vol.3 (MegaMegaRevolution)"")"
336657,1235.58,0.9293,stream,"('I Want You', 'Jumpstream Of Fighters Vol. 1')"
283098,1556.08,0.9289,stream,"('Kyouki Chinden', ""Lemon's Panty Shots"")"
273416,1548.39,0.9288,stream,"(""mart732c's OP"", 'Initial J Extra Stage')"
280634,1367.91,0.9287,stream,"('カレーだよ！ v. dumbstream', ""Kaiten's dumbstream pack 2"")"
257753,1271.71,0.9286,stream,"('Jump Around', 'Cesspool of Ribal')"
307183,1343.62,0.9279,stream,"('Eri0ne$', ""Skwid's Minipack 3 (Metamemes And More Anime Edition)"")"
268279,1405.63,0.9274,stream,"('Mario Paint (Time Regression Mix for BMS) [D-HYPER]', 'Fullerene Shift')"
307250,1365.4,0.9263,stream,"(""A Cruel Angel's Thesis"", ""Skwaius's Smartstream"")"
251928,1697.39,0.9262,stream,"('One More Lovely x1.5', 'ATTangs Dumpmix')"
280433,1446.87,0.9262,stream,"('Seven Doors', ""Kazye's Speedy Speed Files"")"
307080,1241.27,0.9262,stream,"('Bon Appetit♡S', ""Skwid's Minipack 9 (Anchor Edition)"")"
255606,1524.44,0.9256,stream,"('Hatsune Miku no Shoushitsu -DEAD END-', 'cesspool of ribal 3')"
251922,1599.46,0.9252,stream,"('も・ぎ・た・て♥フルーツガールズ', 'ATTangs Dumpmix')"
328682,1205.06,0.9251,stream,"('Mathsma Attack', 'Yolomania Vol. 2')"
285245,1445.56,0.9249,stream,"('Fi Hagat', 'Minty zFarts Pack 2')"
285439,1136.9,0.9248,stream,"('Anime Janai - Yume wo Wasureta Furui Chikyuujin', 'Minty Fresh Pack 2')"
285291,1202.08,0.9246,stream,"('Love Song', 'Minty zFarts Pack 1')"
323330,1113.02,0.9246,stream,"('Paper Planes', 'Valedumps')"
273392,1137.81,0.9238,stream,"('Heartbroken (Endor Remix)', 'Initial J First Stage')"
283202,1304.38,0.9234,stream,"('Final Battle', ""Lemon's Fruit Snacks"")"
330251,1814.1,0.9234,stream,"(""Kris's Freestyle"", 'WoAiNi.too')"
271697,1021.32,0.9233,stream,"('Stereo Sayan 3D', 'hi19hi19 Pack 5 - Streams and Memes')"
329034,1566.17,0.9233,stream,"('Snake Eyes', 'xXxRUSSIAxXx 3')"
267670,1485.42,0.9231,stream,"('Give It All', 'German Dump Mini Pack 4')"
251915,1216.24,0.9228,stream,"('Nippon Egao Hyakkei', 'ATTangs Dumpmix')"
321863,1235.71,0.9226,stream,"('MEGA BONER', 'timdam snackpack')"
259845,1056.38,0.9223,stream,"('adrenaline!!!', 'Definitely Not Denpack')"
280613,1603.77,0.9223,stream,"('Bearforce1', ""Kaiten's dumbstream pack 3"")"
307208,1222.1,0.9223,stream,"('Wonderland to Hitsuji no Uta', ""Skwid's Minipack"")"
323272,1267.15,0.9223,stream,"('[please_forgive_me]', 'Valedumps 2')"
271841,1115.74,0.922,stream,"('Always', 'hi19hi19 Pack 2 - Dumps and Hard Stuff')"
316946,1165.09,0.9219,stream,"('Again fin. cover', 'Suomi 101')"
280627,1328.31,0.9213,stream,"('Renai Circulation(TV-Size)', ""Kaiten's dumbstream pack 2"")"
283727,1094.98,0.9211,stream,"('Kyoumen no Nami', 'Magicschool Arpia')"
302176,1074.76,0.921,stream,"(""[3-2] Sky Kitten's OP"", 'Rebound Dump Collection Megapack II')"
255618,1327.01,0.9209,stream,"('Rage Your Dream', 'cesspool of ribal 3')"
323335,1361.77,0.9208,stream,"('Emil - Despair', 'Valedumps')"
307385,1286.39,0.9205,stream,"('Paranoia', ""Ska-Cola Machin'"")"
261404,1155.58,0.9204,stream,"('Kotono Safari Park!', 'D E N P A C K  D E F E N S E  F O R C E  2')"
283132,1136.09,0.9203,stream,"('Last First Kingdom', ""Lemon's Fruit Snacks 2"")"
280938,1671.15,0.9199,stream,"('THE OTHERS', ""Knit's Boss Rush"")"
251672,1329.59,0.9194,stream,"(""2017-02-07 - how'd i wind up here"", 'Azure')"
253435,1192.98,0.9194,stream,"('Bagpipe', 'BangerZ 2')"
300105,1412.95,0.9194,stream,"('Playgrounds', 'pink void')"
270359,1247.23,0.9191,stream,"('丸の内サディスティック', 'Grape Cola 2')"
280635,1606.37,0.9188,stream,"('tiptoe through the tulips', ""Kaiten's dumbstream pack 2"")"
282121,1498.88,0.9183,stream,"('Rigamortis', 'Lofty Dump MiniPack')"
283653,1240.33,0.9175,stream,"('Overture', 'Magicschool Arpia')"
282118,1219.04,0.9174,stream,"('Skyfall', 'Lofty Dump MiniPack')"
323269,1326.18,0.9172,stream,"('MEMPHIS BASS PRO SHOP PYRAMID PARTY ROCK ANTHEM', 'Valedumps 3 (Route A)')"
253603,1213.15,0.917,stream,"('The 7th Element', 'Bad.End')"
251951,1546.54,0.9165,stream,"('Mousou Express', ""ATTang's Bad Files"")"
257752,1124.44,0.916,stream,"('Tze Chiang', 'Cesspool of Ribal')"
307172,1279.62,0.915,stream,"('Aliake', ""Skwid's Minipack 3 (Metamemes And More Anime Edition)"")"
307186,1187.5,0.9142,stream,"('GATE~Sore wa Akatsuki no You ni~', ""Skwid's Minipack 2 (Zenith Eoe Edition)"")"
285292,1120.91,0.9135,stream,"('Booty Swing', 'Minty zFarts Pack 1')"
285430,1245.01,0.9135,stream,"('Scatter Brain', 'Minty Fresh Pack 3')"
280599,1568.17,0.9134,stream,"(""LET'S FIGHTING LOVE"", ""Kaiten's dumbstream pack 3"")"
329603,1254.13,0.9132,stream,"('HYDRA', ""Xingyue's ETTERNA V"")"
285144,1203.1,0.9128,stream,"('DAYS of DASH', 'Miracle Streamz^2')"
328804,1304.73,0.9123,stream,"('Oath Sign', 'Yolo Dumps 1')"
307166,1191.09,0.9118,stream,"('Hajimete Girls!', ""Skwid's Minipack 4 U (Big Guy Edition)"")"
251887,1514.19,0.9117,stream,"('My Dearest', 'ATTangs Dumpmix')"
283158,1156.81,0.9093,stream,"(""i want to tell you i love you but i can't (ft. olli)"", ""Lemon's Fruit Snacks"")"
285518,1265.13,0.9092,stream,"(""Coolboyrulz's OP"", 'Minty Fresh Pack 1')"
271733,1261.98,0.9089,stream,"('Maximum Security', 'hi19hi19 Pack 5 - Streams and Memes')"
251933,1539.72,0.9087,stream,"('Ai wo Utae', ""ATTang's Bad Files"")"
329645,1463.79,0.9081,stream,"('W', ""Xingyue's ETTERNA II"")"
329107,995.66,0.9076,stream,"('Chikatto Chika Chika', 'xXxRUSSIAxXx 2')"
280597,1748.92,0.9072,stream,"(""[9-SPD] I'll Make a Man Outta You"", ""Kaiten's dumbstream pack 4"")"
246648,1343.17,0.9068,stream,"('Bloom', '10Dollar Dump Dump Revolutions 3')"
301049,1062.5,0.9065,stream,"('Long Espresso', 'P3Pack1')"
323353,1215.92,0.9064,stream,"('Goodbye, Maboroshi', 'Valedumps')"
273844,1216.5,0.906,stream,"('Raise My Sword', 'Icy X')"
285127,1087.66,0.9059,stream,"('world devoid of you (fairydust radio edit)', 'Miracle Streamz^2')"
285806,1374.65,0.9058,stream,"('Angels', 'Mina Minimegapack')"
285242,1271.97,0.9051,stream,"('Generational Divide', 'Minty zFarts Pack 2')"
280591,1619.82,0.9048,stream,"('Torero', ""Kaiten's dumbstream pack 4"")"
280437,1501.71,0.9045,stream,"('Electric ""Sister"" Bitch', ""Kazye's Speedy Speed Files"")"
281020,1952.57,0.9042,stream,"('TrollStream', ""Knit's Boss Rush"")"
280630,1413.19,0.9026,stream,"('Chain-Ring(TV-Edit)', ""Kaiten's dumbstream pack 2"")"
321819,1094.79,0.9024,stream,"('Emotional Crank', 'Timdam Snackpack 2')"
271684,1141.56,0.9019,stream,"(""Isaac's Viking Crusade"", 'hi19hi19 Pack 5 - Streams and Memes')"
285501,1142.57,0.9014,stream,"('White Winter Hymnal', 'Minty Fresh Pack 1')"
307139,1084.59,0.9014,stream,"('46-ri9 (Part II)', ""Skwid's Minipack 6 (Cute Anime Edition)"")"
251903,1265.13,0.9011,stream,"('Destin Histoire', 'ATTangs Dumpmix')"
329092,1312.28,0.9004,stream,"('God only knows', 'xXxRUSSIAxXx 2')"
264470,1553.74,0.9003,stream,"('Absolute Soul', 'Etterna Explosion Excitepack')"
261982,1440.65,0.9001,stream,"('Endless Story', 'Dumbstream 5')"
280539,1653.15,0.8999,stream,"('Flew Far Faster', ""Kauitsu's Soup Pack 2"")"
285745,1302.22,0.8999,stream,"('The Tide is High', 'Mina Minimegapack 4')"
264830,1252.79,0.8997,stream,"(""The Battle for Everyone's Souls"", 'Fennec Fantasy')"
307210,1183.47,0.8989,stream,"('Anime Pu$$y ft. Killa Karisma', ""Skwid's Minipack"")"
280695,1369.39,0.8986,stream,"('adrenaline!!!', 'Jumpstream Perú')"
328809,1339.53,0.8978,stream,"('database', 'Yolo Dumps 1')"
280637,1452.0,0.8962,stream,"('Katayoku no tori', ""Kaiten's dumbstream pack"")"
307241,1515.05,0.896,stream,"('BLOODY STREAM', ""Skwaius's Smartstream"")"
315285,2035.25,0.8956,stream,"('PIENEN HETKEN UNRAVEL', 'TESTOPACK')"
302210,1187.09,0.8946,stream,"('[4-1] Heart and Soul', 'Rebound Dump Collection Megapack II')"
275438,1001.04,0.8925,stream,"('BUBBLE TEA', 'itg! Rhythm is just a step away!')"
251884,1594.01,0.8922,stream,"('Skyreach', 'ATTangs Dumpmix')"
324050,1140.67,0.8921,stream,"('Ubiquity', 'We Are The Sound')"
328501,1226.32,0.8906,stream,"('Raise your flag', 'Yolomania Vol. 4')"
329080,1241.7,0.8901,stream,"(""ne lez'"", 'xXxRUSSIAxXx 2')"
267665,1270.48,0.8896,stream,"(""Adolf Hitler's OP"", 'German Dump Mini Pack 4')"
328797,1546.98,0.8896,stream,"('5oul On D!splay', 'Yolo Dumps 1')"
257750,1212.8,0.8888,stream,"('Yakusoku -Promise Code-', 'Cesspool of Ribal')"
261838,1350.56,0.8874,stream,"('Masayume Chasing', 'Dump Parade')"
246601,1509.04,0.8844,stream,"('M.A.M.A Stream', '10Dollar Dump Dump Revolutions 4')"
328926,1297.14,0.8835,stream,"('писька на письке', 'xXxRUSSIAxXx 3')"
251925,1407.25,0.882,stream,"('This game streams', 'ATTangs Dumpmix')"
261993,1512.96,0.8809,stream,"('Gotta Go Fast', 'Dumbstream 5')"
285735,1482.6,0.8792,stream,"('Storytime', 'Mina Minimegapack 4')"
307399,1433.73,0.8788,stream,"('GLORIOUS DAYS', ""Sizuka's Simfiles 2"")"
246661,1257.73,0.8761,stream,"('Beautiful Day', '10Dollar Dump Dump Revolutions 2')"
261983,1483.35,0.8746,stream,"('回レ！雪月花', 'Dumbstream 5')"
246657,1722.48,0.8679,stream,"('Installation', '10Dollar Dump Dump Revolutions 2')"
285807,805.48,0.8678,stream,"('White Flag', 'Mina Minimegapack')"
282054,1335.29,0.8677,stream,"('GREAT BALLS OF FIRE', 'Lofty Minipack 3')"
280436,1307.6,0.8648,stream,"('Ghost', ""Kazye's Speedy Speed Files"")"
307116,1108.65,0.8644,stream,"('ZERO FILL LOVE', ""Skwid's Minipack 7 (Assault Edition)"")"
328502,970.84,0.8623,stream,"('Caramel Soundwave (Short Cut)', 'Yolomania Vol. 4')"
316973,900.27,0.8601,stream,"('Maija Mehiläinen', 'Suomi 101')"
282165,1256.32,0.8575,stream,"('[5-3] Mike French Hardcore Custom', 'Lofty Dump Minipack 3 (Xclusive Edition)')"
251912,1443.58,0.8553,stream,"('JOINT streams', 'ATTangs Dumpmix')"
323337,994.6,0.8533,stream,"(""drink i'm sippin on"", 'Valedumps')"
264829,1188.96,0.8478,stream,"(""The Battle for Everyone's Souls"", 'Fennec Fantasy')"
323308,1119.04,0.8478,stream,"('Colorful Passport', 'Valedumps 2')"
255657,1287.58,0.846,stream,"('Live Forever', 'cesspool of ribal 2')"
367160,1187.34,0.8436,stream,"('Asu no Yozora Shoukaihan', ""Mat's Dump Pack"")"
336670,1091.63,0.8433,stream,"('Dance All Night', 'Jumpstream Of Fighters Vol. 1')"
285243,1338.99,0.8419,stream,"('sorry asap croissant', 'Minty zFarts Pack 2')"
328787,1276.18,0.8407,stream,"('Walk it Out', 'Yolo Dumps 1')"
280532,1580.04,0.8379,stream,"('Flamingo', ""Kauitsu's Soup Pack 2"")"
255628,1171.3,0.8365,stream,"('That Music', 'cesspool of ribal 3')"
323238,1376.42,0.8318,stream,"('Drake Found Dead 1994', 'Valedumps 3 (Route A)')"
267703,1123.87,0.8301,stream,"(""BIGbadBOSSi's OP 2"", 'German Dump Mini Pack 3')"
329629,1221.55,0.829,stream,"('Phoenix', ""Xingyue's ETTERNA IV"")"
338704,1438.13,0.8237,stream,"('My name is Clay. Otherwise known as ""Dream"" online.', 'Polarin Pack 5')"
246670,1248.14,0.8228,stream,"('Bravely You', '10Dollar Dump Dump Revolutions 2')"
328653,1524.67,0.8171,stream,"('The Scales of Struggle', 'Yolomania Vol. 3')"
280588,1620.13,0.813,stream,"('Harlem Shake', 'Stepmania Is A Experience!')"
329055,1558.21,0.8129,stream,"('Skype', 'xXxRUSSIAxXx 2')"
316979,1146.17,0.8125,stream,"('POWERFUL INSPIRING MOTIVATIONAL RAP MUSIC THIS WILL MAKE YOU RETHINK YOUR LIFE AND CRY', 'Suomi 101')"
280593,1680.88,0.8085,stream,"('初音ミクの激唱 -InfinitY Happy END-', ""Kaiten's dumbstream pack 4"")"
323307,1480.21,0.8037,stream,"('FAILURE IS NOT AN OPTION', 'Valedumps 2')"
285280,1940.98,0.7953,stream,"('etienne static', 'Minty zFarts Pack 1')"
271848,1607.84,0.7935,stream,"('Rage Template Intro', 'hi19hi19 Pack 2 - Dumps and Hard Stuff')"
261994,2072.04,0.7843,stream,"('Gotta Go Fast', 'Dumbstream 5')"
285289,1743.65,0.7746,stream,"('Zoidberg the Cowboy', 'Minty zFarts Pack 1')"
328652,1283.61,0.7744,stream,"('The Scales of Struggle', 'Yolomania Vol. 3')"
307137,1093.84,0.7714,stream,"('LAY YOUR HANDS ON ME', ""Skwid's Minipack 6 (Cute Anime Edition)"")"
329072,1139.29,0.7516,stream,"('Г О Н Щ И К', 'xXxRUSSIAxXx 2')"
280643,1229.83,0.7485,stream,"('Thomas and Friends opening theme', ""Kaiten's dumbstream pack"")"
260735,1163.32,0.7455,stream,"(""i want to tell you that i love you but i can't (ft. olli)"", ""'d"")"
315209,1707.57,0.7369,stream,"('audi theme', 'TESTOPACK')"
323287,1088.18,0.7307,stream,"(""Mii Channel Music (I Can Do Whatever I Want Because I'm An Adult Remix)"", 'Valedumps 2')"
272392,1495.38,0.7088,stream,"('tv static', 'Hard Songs Megapack Volume 10')"
280612,1567.28,0.6706,stream,"('Sun Son Sunday', ""Kaiten's dumbstream pack 3"")"
257757,1183.71,0.6618,stream,"('sugar rush', 'Cesspool of Ribal')"
273405,1509.75,0.6611,stream,"('BUCKWILD', 'Initial J Extra Stage')"
280625,2015.0,0.5987,stream,"('ringidy ding ding dingy dong', ""Kaiten's dumbstream pack 2"")"
342616,1193.55,0.0,stream,"('[4-X] We Luv Lama', 'Etterna Echelon Pack')"
254613,1254.66,1.1567,jumpstream,"('Sky Is The Limit for jumptrill', 'Blos Pack 5')"
297080,1189.76,1.1272,jumpstream,"('Kazusa', 'Overcome CV Package4')"
344141,1218.86,1.1232,jumpstream,"('GO MY WAY!! [Panison Mix]', 'Al Toke Collaboration Pack 2')"
338518,1391.8,1.1196,jumpstream,"('SoundCloudしなないで', ""naetsuka's Megapack Volume 4"")"
297469,1551.79,1.1166,jumpstream,"('Code Name Romeo', 'Overcome CV Package4')"
338479,1122.79,1.1164,jumpstream,"('ch3rry', ""naetsuka's Megapack Volume 4"")"
309060,1338.86,1.1143,jumpstream,"('planet of the kemomimi loli', 'SMOC EXTRA')"
350972,1309.68,1.1125,jumpstream,"('The deceit', 'APEX Extreme')"
342908,1520.98,1.1121,jumpstream,"('Storms Of Ages', 'interesting files i found in my discord dms')"
333515,847.44,1.1092,jumpstream,"('SUPER SUMMER DIVE!!', '#774 Etterna Explosion Excitepack')"
250042,1067.2,1.1089,jumpstream,"('Little God Ch@nnel', 'Al Toke Collaboration Pack')"
297182,1125.96,1.1087,jumpstream,"('ILLYAHOLIC', 'Overcome CV Package4')"
338451,1068.2,1.1067,jumpstream,"('惑星ループうたったよ(Nightcore edit)', ""naetsuka's Megapack Volume 3"")"
291250,1318.81,1.1063,jumpstream,"('獣耳ロリの惑星', ""naetsuka's Megapack"")"
344083,1057.15,1.1048,jumpstream,"('Alive (Laser Imouto Hardcore Bootleg)', 'Al Toke Collaboration Pack 2')"
308833,1633.64,1.1029,jumpstream,"('Cute Beasts Do Cute Dances', 'SMOC EXTRA')"
249940,1278.68,1.1017,jumpstream,"('RAINBOW GIRL', 'Al Toke Collaboration Pack')"
338587,1140.64,1.0997,jumpstream,"('Aura ~白の少女 ~ (Helblinde Remix)', 'Overloading Stamina Training Minipack T')"
291273,1405.0,1.0983,jumpstream,"('Nyan-Nyan Naughty Night', ""naetsuka's Megapack"")"
343828,1036.35,1.0982,jumpstream,"('Idola no Circus', 'M Revolution Final')"
350235,987.79,1.0968,jumpstream,"('Blue Noah 2006', 'Stamina Nightmare')"
297301,1310.55,1.0967,jumpstream,"('StaRt', 'Overcome CV Package4')"
264831,1019.51,1.0962,jumpstream,"('TAKECORE OF YOURSELF', 'Fennec Fantasy')"
290655,1041.05,1.0949,jumpstream,"('Cyber Induction', 'Nuclear Blast JS Awesome Bomb Filez 4')"
350959,1000.78,1.0946,jumpstream,"('Songs Compilation !', 'APEX Extreme')"
260203,1103.98,1.0944,jumpstream,"('Cyber inductance', ""DD & JJ 'S BB"")"
343873,1334.77,1.0944,jumpstream,"('Disconnected Trance', ""Restia's Backroom 22"")"
299377,836.52,1.0936,jumpstream,"('Cherry', 'Public Bathroom Amazing Files')"
345449,1455.37,1.0933,jumpstream,"('Noiseful Imaging', 'ManiManiAC 2022')"
290687,1199.8,1.0927,jumpstream,"('We Luv Lama', 'Nuclear Blast JS Awesome Bomb Filez 4')"
333440,1179.82,1.092,jumpstream,"('Change Will Come', '#774 Etterna Explosion Excitepack')"
333427,834.21,1.0916,jumpstream,"('図書室のエルザ', '#774 Etterna Explosion Excitepack')"
256487,1217.74,1.0911,jumpstream,"('We Hate Lama', ""Bunch of Files You Probably Don't Have 4"")"
350907,1305.89,1.0906,jumpstream,"('SoundCloud しなないで！', 'APEX Extreme')"
333536,839.08,1.0893,jumpstream,"('More One Night (Assertive Hardcore Bootleg)', '#774 Etterna Explosion Excitepack')"
333395,1292.08,1.0886,jumpstream,"('DROP OUT (FROM NONSTOP MEGAMIX)', '#774 Etterna Explosion Excitepack')"
280717,869.95,1.0885,jumpstream,"('Flying higher (I love Ayu bootleg)', 'Jumpstream Peru 2')"
350953,1346.8,1.0872,jumpstream,"('LOVE LETTER', 'APEX Extreme')"
338507,1324.08,1.0868,jumpstream,"('NXC Fanatics', ""naetsuka's Megapack Volume 4"")"
342675,1501.54,1.0867,jumpstream,"('Aquaris', 'Fiery Stream Pack Vol.2')"
342656,1170.11,1.0866,jumpstream,"('carnation (ck remix)', 'Fiery Stream Pack Vol.2')"
291241,1327.68,1.086,jumpstream,"('喫茶獣耳ロリ', ""naetsuka's Megapack"")"
338859,1385.42,1.0857,jumpstream,"('We Want To Run', 'Polarin Pack 3')"
299001,949.37,1.0853,jumpstream,"('itte.', 'Overloading Stamina Training Megapack SSS')"
338491,1276.04,1.084,jumpstream,"('kedamono_friends', ""naetsuka's Megapack Volume 4"")"
338483,1275.79,1.0836,jumpstream,"('片桐きゃっちぼーる', ""naetsuka's Megapack Volume 4"")"
338485,1244.27,1.0836,jumpstream,"('ボーカロイドはお前のこと嫌い2', ""naetsuka's Megapack Volume 4"")"
291187,1032.98,1.0833,jumpstream,"('拝啓ドッペルゲンガー', ""naetsuka's Megapack Volume 2"")"
342771,1307.46,1.083,jumpstream,"('カミサマネジマキ～ピアノアレンジ～', 'interesting files i found in my discord dms')"
342669,1375.91,1.0824,jumpstream,"('BEYOND', 'Fiery Stream Pack Vol.2')"
357984,958.17,1.0823,jumpstream,"('Sugar Loli', 'Demure Dumps')"
339139,757.9,1.0821,jumpstream,"('I got no time (VERSAO BAROES DA PISADINHA)', 'Vtcarnevale minipack 1')"
342667,1063.46,1.0818,jumpstream,"('LA MD', 'Fiery Stream Pack Vol.2')"
333421,1550.83,1.0812,jumpstream,"('今回の騒動につきまして', '#774 Etterna Explosion Excitepack')"
273818,1252.06,1.0811,jumpstream,"('Laser Canon Deth Sentence', 'Icy X')"
280685,1074.83,1.0811,jumpstream,"('Difficulty-G', 'Jumpstream Perú')"
292559,1560.38,1.0803,jumpstream,"('The Empress', ""Moskas' Originals feat. PMC"")"
291272,1309.63,1.0802,jumpstream,"('AMEN KATAGIRI GENERATION', ""naetsuka's Megapack"")"
350935,922.57,1.0802,jumpstream,"('BLUE NOAH 2006', 'APEX Extreme')"
310336,1382.97,1.0798,jumpstream,"('Forza', 'Speed Training For SM Vol.3')"
262637,1170.14,1.0785,jumpstream,"('Cyber Shaman', 'dopamine micropack')"
318582,1478.71,1.0779,jumpstream,"('MEGALOMANIA', 'Treatpack 1')"
339012,1093.17,1.0777,jumpstream,"('The Fastest Crank', 'Polarin Pack 4')"
299388,811.64,1.0774,jumpstream,"('REFLECT (Assertive Hardcore Bootleg)', 'Public Bathroom Amazing Files')"
270294,1357.95,1.0773,jumpstream,"('21st Century', 'Grape Cola 2')"
291227,1042.26,1.0772,jumpstream,"('スロウダウナー', ""naetsuka's Megapack Volume 2"")"
271595,1148.33,1.0765,jumpstream,"('Evoltex -Extended-', 'HJv1 -HarKIns Jumpstream-')"
299146,1788.95,1.0764,jumpstream,"('Ash Statues', ""Rachel's Rabifiles 2"")"
291292,1315.04,1.0761,jumpstream,"('Meshimase!! Nyan-Nyan Nightmare', ""naetsuka's Megapack"")"
343569,944.12,1.076,jumpstream,"('Glory Days', 'Volvo Gaming Pack 3')"
345437,1008.92,1.0753,jumpstream,"('Loli Bomb', 'ManiManiAC 2022')"
363425,1168.44,1.0751,jumpstream,"('詩片', 'Overloading Stamina Training Megapack SS')"
291252,1068.87,1.0749,jumpstream,"('Yuzu soft no site mitetara dekita kyoku dayo', ""naetsuka's Megapack"")"
309253,899.28,1.0747,jumpstream,"('Dragostea Din Tei (Eurobeat Remix)', 'SMOC EXTRA')"
333514,804.61,1.0734,jumpstream,"('君にルムウム', '#774 Etterna Explosion Excitepack')"
271803,1220.73,1.0733,jumpstream,"('Serious Shit', 'hi19hi19 Pack 3 - Popcorn Blast JS Buttery Snack Filez')"
291222,1274.68,1.0722,jumpstream,"('お前の母ちゃんVtuber', ""naetsuka's Megapack Volume 2"")"
333391,847.43,1.0711,jumpstream,"('PARANOiA KCET ~clean mix~', '#774 Etterna Explosion Excitepack')"
280705,954.77,1.071,jumpstream,"('W', 'Jumpstream Peru 2')"
296111,1490.12,1.0706,jumpstream,"('青と夏', 'Overcome CV Package2')"
291283,1340.33,1.0705,jumpstream,"('All is Fair in Love and 獣耳ロリ', ""naetsuka's Megapack"")"
350991,933.35,1.0702,jumpstream,"('Holding Out For A Hero', 'APEX Extreme')"
291209,1089.14,1.0701,jumpstream,"('Innocent', ""naetsuka's Megapack Volume 2"")"
299952,857.13,1.0695,jumpstream,"('Hot Right Now', 'Poptronic')"
338956,1363.8,1.069,jumpstream,"('Sainou Shredder', 'Polarin Pack 4')"
299087,1142.17,1.0689,jumpstream,"('AIM Destruction', 'Overloading Stamina Training Megapack S')"
264703,999.44,1.068,jumpstream,"('アスノヨゾラ哨戒班', 'Etterna Explosion Excitepack')"
280704,1154.53,1.0674,jumpstream,"('Romanesque Romancia', 'Jumpstream Peru 2')"
304506,1086.87,1.0661,jumpstream,"('SHINE!!', 'Sharpnel Instrumentality Project')"
338435,1177.05,1.0659,jumpstream,"('ハートに火をつけてアーメンもつけて', ""naetsuka's Megapack Volume 3"")"
291284,1144.57,1.0658,jumpstream,"('Mad Breaks', ""naetsuka's Megapack"")"
350949,1131.11,1.0655,jumpstream,"('C204', 'APEX Extreme')"
264818,1023.75,1.0653,jumpstream,"('BLUE NOAH 2006', 'Fennec Fantasy')"
338456,1240.31,1.0643,jumpstream,"('LOVE', ""naetsuka's Megapack Volume 3"")"
249960,1087.21,1.0642,jumpstream,"('#2wise4u', 'Al Toke Collaboration Pack')"
264534,1378.73,1.0636,jumpstream,"('ふたりのきもちのほんとのひみつ', 'Etterna Explosion Excitepack')"
350678,1399.16,1.0634,jumpstream,"('B.O.L.', 'Helvetica Standard')"
299117,1059.09,1.0628,jumpstream,"('Lost Connections', 'Overloading Stamina Training Megapack S')"
309201,1375.19,1.0628,jumpstream,"(""Senpai, Notice Me! (YUC'e Remix)[240bpm Edit]"", 'SMOC EXTRA')"
318608,1363.84,1.0628,jumpstream,"('The Empress', 'Treat Minipack 1')"
333496,850.9,1.0626,jumpstream,"('ホーンテッド★メイドランチ', '#774 Etterna Explosion Excitepack')"
308830,1325.55,1.0625,jumpstream,"('Candy Crack Curtain Call', 'SMOC EXTRA')"
280709,1284.06,1.0623,jumpstream,"('Groovy Rollercoaster Acid Trip', 'Jumpstream Peru 2')"
299020,1133.91,1.0619,jumpstream,"('謫仙 (DJ名龍 Mix) (Nightcore Ver.)', 'Overloading Stamina Training Megapack SSS')"
329630,1082.51,1.0619,jumpstream,"('8a55', ""Xingyue's ETTERNA IV"")"
280683,1035.17,1.0599,jumpstream,"('Green D', 'Jumpstream Perú')"
264820,1309.08,1.0597,jumpstream,"('Daimonos', 'Fennec Fantasy')"
290693,1132.33,1.0593,jumpstream,"('Urapara Core', 'Nuclear Blast JS Awesome Bomb Filez 4')"
350999,862.7,1.0589,jumpstream,"('Bon Appetit S (Oldskool HappyHardcore Remix)', 'APEX Extreme')"
249954,989.95,1.0588,jumpstream,"('Lolitonic', 'Al Toke Collaboration Pack')"
291256,1162.09,1.0586,jumpstream,"('Lazorbeamz', ""naetsuka's Megapack"")"
333349,871.24,1.0585,jumpstream,"('ディスコミュ星人', '#774 Etterna Explosion Excitepack')"
290614,1138.78,1.0583,jumpstream,"('Soldiers Of The Stamina', 'Nuclear Blast JS Awesome Bomb Filez 5')"
253612,1309.38,1.0582,jumpstream,"('Lazorbeamz', 'Bad.End')"
264822,1056.62,1.0581,jumpstream,"('Yuru Fuwa Jukai Girl', 'Fennec Fantasy')"
310282,1325.1,1.058,jumpstream,"('The Lightning Sword', 'Speed Training For SM Volume 4')"
246013,1209.01,1.0569,jumpstream,"('FUTURE DOMINATORS', 'Nuclear Blast JS Awesome Bomb Filez 5')"
246660,1151.13,1.0568,jumpstream,"('La Posesion Du Mimi', '10Dollar Dump Dump Revolutions 2')"
333406,858.44,1.0568,jumpstream,"('テレキャスタービーボーイ', '#774 Etterna Explosion Excitepack')"
299078,1182.0,1.0564,jumpstream,"('TACTICAL RAILROAD', 'Overloading Stamina Training Megapack S')"
273824,1348.07,1.0563,jumpstream,"('Lolit Speed', 'Icy X')"
291246,1352.54,1.0561,jumpstream,"('Heisei Memehunters', ""naetsuka's Megapack"")"
273409,1330.37,1.0558,jumpstream,"('Peter on Crack', 'Initial J Extra Stage')"
264824,1064.6,1.0557,jumpstream,"('LA MD', 'Fennec Fantasy')"
333293,1295.92,1.0555,jumpstream,"('めいど・うぃず・どらごんず', '#774 Etterna Explosion Excitepack')"
290662,1112.61,1.055,jumpstream,"('Fury Of The Jumpstream', 'Nuclear Blast JS Awesome Bomb Filez 4')"
329597,1013.12,1.0541,jumpstream,"('Mushikui Psychedelism', ""Xingyue's ETTERNA V"")"
350974,1135.01,1.054,jumpstream,"('INFINITY (Nightcore Mix)', 'APEX Extreme')"
328070,984.65,1.0538,jumpstream,"('This Will Be the Day (feat. Casey Lee Williams)', 'Z.Speed Training For SM Vol.1')"
338436,893.55,1.0535,jumpstream,"('Lagtrain (Sunnexo Remix)', ""naetsuka's Megapack Volume 3"")"
342905,1200.97,1.0533,jumpstream,"('Brave My Soul', 'interesting files i found in my discord dms')"
333439,1074.77,1.053,jumpstream,"('Sugar Loli', '#774 Etterna Explosion Excitepack')"
285192,1737.14,1.0523,jumpstream,"('Celestial Exploring', 'Miracle Streamz')"
354709,1126.23,1.0521,jumpstream,"(""say it ain't low"", 'Valedumps 4')"
264527,1071.9,1.052,jumpstream,"('凸凹スピードスター', 'Etterna Explosion Excitepack')"
280723,1082.16,1.0519,jumpstream,"('Kinou ni Kanaderu Ashita no Uta', 'Jumpstream Peru 2')"
304510,1030.58,1.0517,jumpstream,"('QUADRA GIRLZ', 'Sharpnel Instrumentality Project')"
338434,1285.44,1.0516,jumpstream,"('Lag Train 99999999ms Bootleg', ""naetsuka's Megapack Volume 3"")"
264794,1214.53,1.0511,jumpstream,"('Blue-White Crazybits', 'Fennec Fantasy')"
298989,1095.21,1.051,jumpstream,"('Revisit LeMU', 'Overloading Stamina Training Megapack SSS')"
336664,1074.9,1.0509,jumpstream,"('Forever we can make it!', 'Jumpstream Of Fighters Vol. 1')"
290670,950.72,1.0508,jumpstream,"('St. Scarhand', 'Nuclear Blast JS Awesome Bomb Filez 4')"
363445,1089.51,1.0507,jumpstream,"('ドクデンパ', 'Overloading Stamina Training Megapack SS')"
333463,1105.5,1.0504,jumpstream,"('Grey', '#774 Etterna Explosion Excitepack')"
338904,1685.02,1.0503,jumpstream,"('ダンスナンバーを共に', 'Polarin Pack 3')"
350951,1161.3,1.0503,jumpstream,"('Kattobi KEIKYU Rider', 'APEX Extreme')"
328508,1297.56,1.0499,jumpstream,"('Speed of Link', 'Yolomania Vol. 4')"
350932,1111.95,1.0495,jumpstream,"('ゴチャゴチャうるせー !', 'APEX Extreme')"
291288,1296.44,1.0493,jumpstream,"('Reso*nyan*ce Fever', ""naetsuka's Megapack"")"
304519,1044.48,1.0491,jumpstream,"('MOONEARTH', 'Sharpnel Instrumentality Project')"
299958,1579.73,1.0488,jumpstream,"('Sonic Blaster', 'Polarin Pack 2')"
270332,1432.14,1.0481,jumpstream,"('The Hypocrisy', 'Grape Cola 2')"
264867,1286.29,1.0479,jumpstream,"('Loli Fantasy', 'Fennec Fallacy')"
331923,1037.34,1.0478,jumpstream,"('noitcudnI rebyC', 'the Leftovers 3')"
299120,1061.0,1.0475,jumpstream,"('20031023', 'Overloading Stamina Training Megapack S')"
271738,1454.02,1.0474,jumpstream,"('Drown Into Perdition', 'hi19hi19 Pack 5 - Streams and Memes')"
299978,1118.97,1.0469,jumpstream,"('Alteregoism', 'Polarin Pack 2')"
280765,1323.72,1.0467,jumpstream,"('MA.DA.KA.NA. MAKAIWARS', 'Jumpstream Of Fighters Vol. 2')"
291269,1353.85,1.0467,jumpstream,"('MAYHEM', ""naetsuka's Megapack"")"
353265,1461.65,1.0467,jumpstream,"('Naruto RMX', ""Tera's Megapack Volume 3"")"
298997,1060.32,1.0466,jumpstream,"('THE OTHERS', 'Overloading Stamina Training Megapack SSS')"
338740,1248.53,1.0464,jumpstream,"('Happppy song', 'Stamina Nightmare')"
264901,1344.88,1.0462,jumpstream,"('MATZcore', 'Fennec Fallacy')"
268256,1326.2,1.0462,jumpstream,"('~FREEDOM WHY~', 'Fullerene Shift')"
316990,1393.41,1.0461,jumpstream,"(""hei mummo (explosive diarrhea from grandma's prolapsed asshole version (man love edition))"", 'Suomi 101')"
333448,1278.67,1.0457,jumpstream,"('Nyan-Nyan Naughty Night', '#774 Etterna Explosion Excitepack')"
309139,1351.45,1.0455,jumpstream,"('FREEDOM DiVE↓', 'SMOC EXTRA')"
264547,877.38,1.0453,jumpstream,"(""Distance (TANUKI's クリスマス Remix)"", 'Etterna Explosion Excitepack')"
321808,1043.28,1.0452,jumpstream,"('LA MD', 'Timdam Snackpack 2')"
323188,1113.51,1.0452,jumpstream,"('The Solace of Oblivion', 'Valedumps 3 (Route B)')"
291254,1232.44,1.045,jumpstream,"('Lu*nya*cy Act 2017', ""naetsuka's Megapack"")"
300117,1027.68,1.045,jumpstream,"('zAngel Dust (2016 Mix)', 'pink void')"
264817,969.95,1.0448,jumpstream,"('XQCL', 'Fennec Fantasy')"
363421,1049.48,1.0445,jumpstream,"('TAKECORE OF YOURSELF', 'Overloading Stamina Training Megapack SS')"
263395,1022.53,1.0443,jumpstream,"('Chaoz Airflow', 'Etterna')"
339170,1036.41,1.0441,jumpstream,"('Yuugure Semi Nikki', ""Xingyue's ETTERNA I"")"
280721,1121.34,1.0438,jumpstream,"('Whispers In The Dark', 'Jumpstream Peru 2')"
328672,1225.18,1.0435,jumpstream,"('Call me it. (500 Tortures)', 'Yolomania Vol. 2')"
299013,1151.98,1.0434,jumpstream,"('THE POWER OF UNDERGROUND', 'Overloading Stamina Training Megapack SSS')"
328087,1446.57,1.0434,jumpstream,"('Out of Control', 'Z.Speed Training For SM Vol.1')"
270342,991.29,1.0431,jumpstream,"('Megarex Expo 2019 Spring Anthem', 'Grape Cola 2')"
304514,913.73,1.0429,jumpstream,"('Policy In The Sky!', 'Sharpnel Instrumentality Project')"
299016,1129.05,1.0428,jumpstream,"('monochromed', 'Overloading Stamina Training Megapack SSS')"
350952,1009.64,1.0423,jumpstream,"('Kotodama rifurein (katagiri Bootleg)', 'APEX Extreme')"
290671,1095.44,1.0417,jumpstream,"('Once In A Lifetime', 'Nuclear Blast JS Awesome Bomb Filez 4')"
333310,1159.97,1.0417,jumpstream,"('Recharge Your Resonator', '#774 Etterna Explosion Excitepack')"
342646,1153.58,1.0416,jumpstream,"('Finixe', 'Fiery Stream Pack Vol.2')"
304521,1058.66,1.0411,jumpstream,"('SHIND BAD', 'Sharpnel Instrumentality Project')"
268271,1037.63,1.0408,jumpstream,"('Memoria Reborn', 'Fullerene Shift')"
290680,1472.59,1.0403,jumpstream,"('Conspiracy Of Silence', 'Nuclear Blast JS Awesome Bomb Filez 4')"
357785,1623.55,1.0403,jumpstream,"('the dancecore element', ""Xingyue's ETTERNA III"")"
299007,1056.7,1.0399,jumpstream,"('ENTANGLE NIGHT', 'Overloading Stamina Training Megapack SSS')"
280706,1191.98,1.0397,jumpstream,"('Wait What No Wait STOP FUCKING GOING EVERYWHERE', 'Jumpstream Peru 2')"
291232,1427.67,1.0394,jumpstream,"('Big Brother', ""naetsuka's Megapack Volume 2"")"
290646,893.85,1.0392,jumpstream,"('To Dimension', 'Nuclear Blast JS Awesome Bomb Filez 5')"
299015,1151.19,1.0388,jumpstream,"('Related By Blood', 'Overloading Stamina Training Megapack SSS')"
310344,1381.88,1.0388,jumpstream,"('Tsumi to Batsu', 'Speed Training For SM Vol.3')"
333435,959.39,1.0386,jumpstream,"('ポジティブ☆ダンスタイム', '#774 Etterna Explosion Excitepack')"
350995,904.96,1.0384,jumpstream,"('Slider', 'APEX Extreme')"
315277,1511.43,1.0383,jumpstream,"('Shanghai Moon for JumpTrill', 'TESTOPACK')"
266526,1095.53,1.0382,jumpstream,"('M-A', 'FFR Community Pack Autumn 2011')"
323213,1123.56,1.0381,jumpstream,"('Shadowtask', 'Valedumps 3 (Route A)')"
350994,1044.64,1.0381,jumpstream,"('Connect', 'APEX Extreme')"
342374,1199.03,1.0373,jumpstream,"('Anguish', 'April Singles')"
329783,1060.64,1.0369,jumpstream,"('激光雨(remix)', ""XingRen's Megapack vol.4 (Cute & Weird Songs)"")"
354575,1249.44,1.0369,jumpstream,"('Oriental Misology (Cut Ver.)', 'Valedumps 4')"
298991,1091.16,1.0367,jumpstream,"('BLUE ARMY', 'Overloading Stamina Training Megapack SSS')"
333342,825.12,1.0367,jumpstream,"('WAKA LAKA', '#774 Etterna Explosion Excitepack')"
310289,1705.3,1.0364,jumpstream,"('Northern_limit', 'Speed Training For SM Volume 4')"
363448,1034.14,1.0361,jumpstream,"('DIE NOW', 'Overloading Stamina Training Megapack SS')"
328759,1277.71,1.036,jumpstream,"('片翼の鳥', 'Yolomania Vol. 1')"
290977,1066.11,1.0359,jumpstream,"('hydra (short edit)', 'Nightflower Complex')"
290629,1169.61,1.0358,jumpstream,"('Pacific Girls', 'Nuclear Blast JS Awesome Bomb Filez 5')"
309335,1338.35,1.0358,jumpstream,"('Kawaki Wo Ameku 235', 'SMOC EXTRA')"
291259,1290.87,1.0357,jumpstream,"('アーメンとペトラ', ""naetsuka's Megapack"")"
329865,1101.55,1.0357,jumpstream,"('Roketto Saida-', ""XingRen's Megapack vol.2"")"
329004,1073.66,1.0352,jumpstream,"('Broken Diamonds', 'xXxRUSSIAxXx 3')"
299002,1042.58,1.0344,jumpstream,"('Lucia', 'Overloading Stamina Training Megapack SSS')"
322810,1384.49,1.0341,jumpstream,"('The Violation', 'Untitled_unrevised')"
264161,1197.7,1.034,jumpstream,"(""Cheshire's dance"", 'Elexon')"
318578,1061.33,1.0339,jumpstream,"('Love and Justice', 'Treatpack 1')"
338899,1304.85,1.0338,jumpstream,"('Cry', 'Polarin Pack 3')"
258259,1186.9,1.0331,jumpstream,"('Wind God Girl', 'Club Penguin')"
264587,1091.36,1.0328,jumpstream,"('ゆるふわ樹海ガール -arrange ver.-', 'Etterna Explosion Excitepack')"
341671,1427.81,1.0328,jumpstream,"('Believe It!!', 'Trails of Cold Jumpstream')"
309241,1156.9,1.0323,jumpstream,"('Stellaria', 'SMOC EXTRA')"
280689,919.13,1.0321,jumpstream,"('chrono diver -fragment-', 'Jumpstream Perú')"
333473,957.1,1.032,jumpstream,"('いけないボーダーライン', '#774 Etterna Explosion Excitepack')"
310326,1578.98,1.0319,jumpstream,"('Rolling Girl', 'Speed Training For SM Vol.3')"
310334,1337.47,1.0319,jumpstream,"('Corneal', 'Speed Training For SM Vol.3')"
330224,1276.49,1.0319,jumpstream,"('loli fantasy', 'WoAiNi.too')"
270311,1454.3,1.0315,jumpstream,"('Expurgation', 'Grape Cola 2')"
299025,1058.56,1.0311,jumpstream,"('pon', 'Overloading Stamina Training Megapack SSS')"
299960,1393.62,1.0309,jumpstream,"('Reflect', 'Polarin Pack 2')"
310302,1529.64,1.0305,jumpstream,"('Yura-Yura Sweet Genocide', 'Speed Training For SM Volume 4')"
339505,875.39,1.0305,jumpstream,"('The island of albatross', ""Amei's Handstream Collection 1"")"
280724,1053.3,1.0304,jumpstream,"('The Last Winged Unicorn', 'Jumpstream Peru 2')"
291208,1239.76,1.0304,jumpstream,"('Innocent', ""naetsuka's Megapack Volume 2"")"
310320,1791.3,1.0299,jumpstream,"('Demystify Feast', 'Speed Training For SM Vol.3')"
304508,1018.95,1.0294,jumpstream,"('FAKE PROMISE', 'Sharpnel Instrumentality Project')"
299011,993.59,1.0292,jumpstream,"('Fighting of Eternity', 'Overloading Stamina Training Megapack SSS')"
333374,913.09,1.0292,jumpstream,"('ダダダダ天使', '#774 Etterna Explosion Excitepack')"
336662,1115.67,1.0292,jumpstream,"('Happy☆mooN', 'Jumpstream Of Fighters Vol. 1')"
310358,1013.92,1.0289,jumpstream,"('+Danshi', 'Speed Training For SM Vol.2')"
264713,1110.33,1.0286,jumpstream,"('BUG! BUG! SURVIVAL!', 'Etterna Explosion Excitepack')"
315293,1588.07,1.0286,jumpstream,"('Shed My Gore', 'TESTOPACK')"
254181,1323.47,1.0285,jumpstream,"('Japanese Transformation', 'boi')"
273817,1326.19,1.0285,jumpstream,"('The Violation', 'Icy X')"
299004,1128.81,1.0285,jumpstream,"('交換餘生 (No Turning Back Remix)', 'Overloading Stamina Training Megapack SSS')"
307404,1214.52,1.0282,jumpstream,"('enn ~fuchi~', ""Sizuka's Simfiles 2"")"
333317,895.37,1.0279,jumpstream,"('完全放棄宣言', '#774 Etterna Explosion Excitepack')"
304522,1101.64,1.0278,jumpstream,"(""World End's Yama Xanadu"", 'Sharpnel Instrumentality Project')"
333455,1084.83,1.0276,jumpstream,"('ギガンティックO.T.N', '#774 Etterna Explosion Excitepack')"
264857,1097.08,1.0274,jumpstream,"('Hacking to the Gate', 'Fennec Fallacy')"
290740,1431.22,1.0274,jumpstream,"('Perpetuum Mobile', 'Nuclear Blast JS Awesome Bomb Filez 3')"
328924,1378.32,1.0274,jumpstream,"(""The Angel's Message"", 'xXxRUSSIAxXx 3')"
280691,1114.53,1.0271,jumpstream,"('GuNGNiR', 'Jumpstream Perú')"
299174,1536.36,1.027,jumpstream,"('Senkou no Furea', ""Rachel's Rabifiles"")"
342823,1625.87,1.0267,jumpstream,"(""BLUE ARMY (Raytoly's Progressive Hardcore Sped Up Edit)"", 'interesting files i found in my discord dms')"
350928,1272.4,1.0265,jumpstream,"('Walk This Way!', 'APEX Extreme')"
264684,1240.5,1.0264,jumpstream,"('oyasumi', 'Etterna Explosion Excitepack')"
280749,1186.29,1.0263,jumpstream,"('Dark Avatara Beam (Le Dos-on Remix)', 'Jumpstream Of Fighters Vol. 2')"
304517,1050.46,1.0263,jumpstream,"('Magic Cycles', 'Sharpnel Instrumentality Project')"
304509,972.14,1.0262,jumpstream,"('BLUE ARMY', 'Sharpnel Instrumentality Project')"
323268,1076.76,1.0262,jumpstream,"('cheatreal', 'Valedumps 3 (Route A)')"
280744,1164.55,1.0258,jumpstream,"('Ultimate Weapon', 'Jumpstream Of Fighters Vol. 2')"
250002,1023.68,1.0257,jumpstream,"('Spriggan', 'Al Toke Collaboration Pack')"
299019,1056.89,1.0255,jumpstream,"('Ophelia', 'Overloading Stamina Training Megapack SSS')"
310350,1667.0,1.0255,jumpstream,"('Angel Dust (2016 Radio Mix)', 'Speed Training For SM Vol.3')"
273821,1123.62,1.0254,jumpstream,"('Inside The Winter Storm', 'Icy X')"
317081,1057.8,1.0254,jumpstream,"(""Oulu's OP"", 'Suomi 100.5')"
338440,1464.49,1.0254,jumpstream,"('Dontsaylasy', ""naetsuka's Megapack Volume 3"")"
342791,1042.67,1.0253,jumpstream,"('take me to the moon (Speed Up Ver.)', 'interesting files i found in my discord dms')"
258264,1146.37,1.025,jumpstream,"('Suikyou HEAVEN!', 'Club Penguin')"
291224,1185.76,1.0249,jumpstream,"('★LittlE HearTs★', ""naetsuka's Megapack Volume 2"")"
299081,1087.65,1.0248,jumpstream,"('Blue Army', 'Overloading Stamina Training Megapack S')"
309130,1095.09,1.0247,jumpstream,"('Fuwatanity', 'SMOC EXTRA')"
355973,1068.31,1.0246,jumpstream,"('the lost dedicated', ""Goober 'n Friends"")"
255706,1089.99,1.0245,jumpstream,"('tinnitus', 'Certified Hood Classics')"
268247,1421.66,1.0245,jumpstream,"('Japanese Transformation', 'Fullerene Shift')"
280726,1313.12,1.0244,jumpstream,"('Over The Fullerene Acid Trip', 'Jumpstream Peru 2')"
328530,1535.71,1.0243,jumpstream,"('Yura-Yura Sweet Genocide', 'Yolomania Vol. 4')"
271839,1523.87,1.024,jumpstream,"('Destiny GAMMA', 'hi19hi19 Pack 2 - Dumps and Hard Stuff')"
290613,1153.23,1.0236,jumpstream,"('Magic Cycles', 'Nuclear Blast JS Awesome Bomb Filez 5')"
333494,1248.76,1.0235,jumpstream,"('KAERU', '#774 Etterna Explosion Excitepack')"
264743,801.23,1.0234,jumpstream,"('太陽系デスコ', 'Etterna Explosion Excitepack')"
338528,1028.03,1.023,jumpstream,"('GOODTEK (Rework)', ""naetsuka's Megapack Volume 4"")"
255957,1108.64,1.0225,jumpstream,"('Yuudachi no Ribbon', ""cat 'n dog"")"
328071,1059.65,1.0225,jumpstream,"('Soukai Rock', 'Z.Speed Training For SM Vol.1')"
355968,889.73,1.0225,jumpstream,"('患部で止まってすぐ溶ける\u3000～ 狂気の優曇華院', ""Goober 'n Friends"")"
329632,1182.14,1.0224,jumpstream,"('天樂', ""Xingyue's ETTERNA IV"")"
264574,1069.31,1.0222,jumpstream,"('Monado', 'Etterna Explosion Excitepack')"
280708,1266.34,1.0222,jumpstream,"('Lunar Eclipse', 'Jumpstream Peru 2')"
280733,1252.28,1.022,jumpstream,"('Glorious Crown', 'Jumpstream Of Fighters Vol. 2')"
328068,1604.94,1.0219,jumpstream,"('Chi no Iro wa Kiiro', 'Z.Speed Training For SM Vol.1')"
304518,1178.31,1.0218,jumpstream,"('Black Chocolates', 'Sharpnel Instrumentality Project')"
290674,930.64,1.0216,jumpstream,"('Sail AwaY', 'Nuclear Blast JS Awesome Bomb Filez 4')"
285153,1472.6,1.0213,jumpstream,"('夢見の少年', 'Miracle Streamz^2')"
310309,1346.52,1.0213,jumpstream,"('Nibelungen', 'Speed Training For SM Volume 4')"
290621,1100.4,1.0211,jumpstream,"('Mmmmmmm', 'Nuclear Blast JS Awesome Bomb Filez 5')"
264745,1157.65,1.021,jumpstream,"('S・M・L☆', 'Etterna Explosion Excitepack')"
323329,1352.45,1.021,jumpstream,"('Time To say Goodbye (feat. Casey Lee Williams)', 'Valedumps 2')"
338432,1121.48,1.021,jumpstream,"('Kawaki Wo Ameku 200', ""naetsuka's Megapack Volume 3"")"
257761,1104.76,1.0208,jumpstream,"('Piece of Poetry', 'Cesspool of Ribal')"
299010,1337.64,1.0206,jumpstream,"('Believe in 220', 'Overloading Stamina Training Megapack SSS')"
308861,1385.38,1.0206,jumpstream,"('Intersect Thunderbolt', 'SMOC EXTRA')"
354589,1446.8,1.0206,jumpstream,"('Holy Orders (Be Just or Be Dead)', 'Valedumps 4')"
338896,1142.61,1.0204,jumpstream,"('S4y G00dby3', 'Polarin Pack 3')"
333335,1106.88,1.0203,jumpstream,"('カサネテク (1.4x)', '#774 Etterna Explosion Excitepack')"
333334,846.06,1.0202,jumpstream,"('ボッカデラベリタ', '#774 Etterna Explosion Excitepack')"
280740,1127.8,1.0201,jumpstream,"('Dreamin Attraction!!', 'Jumpstream Of Fighters Vol. 2')"
342677,1432.79,1.0201,jumpstream,"('Intersect Thunderbolt-Remix', 'Fiery Stream Pack Vol.2')"
299022,1122.19,1.0199,jumpstream,"('千年疾走響', 'Overloading Stamina Training Megapack SSS')"
310324,1743.73,1.0197,jumpstream,"('Otenba Renjyo', 'Speed Training For SM Vol.3')"
258247,1232.93,1.0196,jumpstream,"('Kanojo no Iibun -Pikopiko edit-', 'Club Penguin')"
318605,1124.34,1.0191,jumpstream,"('we can fight', 'Treatpack 1')"
329659,1076.65,1.0191,jumpstream,"('The Great Escape', ""Xingyue's ETTERNA II"")"
291279,1168.61,1.0189,jumpstream,"(""Breakin' Asia"", ""naetsuka's Megapack"")"
339176,1107.52,1.0189,jumpstream,"('Titanics Maneuver', ""Xingyue's ETTERNA I"")"
333462,996.07,1.0188,jumpstream,"('POISON', '#774 Etterna Explosion Excitepack')"
302212,1538.44,1.0187,jumpstream,"('[F-6] Radius', 'Rebound Dump Collection Megapack II')"
290989,1129.98,1.0186,jumpstream,"('Nanamori (youth Remix)', 'Nightflower Complex')"
280702,961.65,1.0184,jumpstream,"('THE OTHERS', 'Jumpstream Peru 2')"
290577,1038.86,1.0184,jumpstream,"('Jersey Spirit', 'Nuclear Blast JS Awesome Bomb Filez 5')"
329608,1020.94,1.0183,jumpstream,"('DaDaDaDa Tenshi', ""Xingyue's ETTERNA V"")"
342666,644.1,1.0183,jumpstream,"('Blush (feat. MYLK)', 'Fiery Stream Pack Vol.2')"
290715,1259.51,1.018,jumpstream,"('Sunny Street Piano Rush A', 'Nuclear Blast JS Awesome Bomb Filez 3')"
333373,948.65,1.018,jumpstream,"('金星のダンス', '#774 Etterna Explosion Excitepack')"
285181,1538.72,1.0178,jumpstream,"('閃光のフレア', 'Miracle Streamz')"
315383,1328.11,1.0178,jumpstream,"(""Inner Universe (Hyphen's Bootleg)"", ""Tera's Megapack volume 1"")"
269222,1034.63,1.0175,jumpstream,"('Etude Op.10 No.1', 'Hard Songs Megapack Volume 2')"
285137,1151.34,1.0174,jumpstream,"('すーぱーぬこわーるど', 'Miracle Streamz^2')"
339340,1462.43,1.0174,jumpstream,"(""World's end - Millefolium"", 'Grape Cola 3')"
258090,1178.5,1.0173,jumpstream,"('SHIND BAD', 'KBO Solo Files Part VII')"
328478,1060.7,1.0165,jumpstream,"('One By One', 'Yolomania Vol. 4')"
250515,1265.63,1.0163,jumpstream,"('Cocaine', 'Anime Sucks Ass  3')"
299000,1152.37,1.0162,jumpstream,"('WE LUV LAMA', 'Overloading Stamina Training Megapack SSS')"
329823,1117.76,1.0162,jumpstream,"('Satori Trisis', ""XingRen's Megapack vol.3 (MegaMegaRevolution)"")"
350934,1014.03,1.0162,jumpstream,"('masterpiece', 'APEX Extreme')"
282059,1399.28,1.0156,jumpstream,"('Ofcourse you Need and nEed and neEd and neeD and NEED ME (reprise)', 'Lofty Minipack 3')"
333489,1191.23,1.0154,jumpstream,"('PPPENIS', '#774 Etterna Explosion Excitepack')"
304512,1091.63,1.0153,jumpstream,"('ドクデンパ (Poison Air Wave)', 'Sharpnel Instrumentality Project')"
342921,1602.66,1.0152,jumpstream,"('Girl AAAAAAAAAAAAA', 'interesting files i found in my discord dms')"
339158,1118.85,1.0151,jumpstream,"('Bluenation', ""Xingyue's ETTERNA I"")"
290701,1010.17,1.0149,jumpstream,"('The Shining Polaris', 'Nuclear Blast JS Awesome Bomb Filez 4')"
323190,1035.56,1.0148,jumpstream,"(""3y3s (BlackY's Blazeful Remix) [Cut Ver.]"", 'Valedumps 3 (Route B)')"
338523,1151.59,1.0147,jumpstream,"('神或アルゴリズム (かたぎり Bootleg)', ""naetsuka's Megapack Volume 4"")"
350937,1073.71,1.0147,jumpstream,"('CROSSOVER', 'APEX Extreme')"
264165,1209.57,1.0146,jumpstream,"('A', 'Elexon')"
298990,1102.26,1.0145,jumpstream,"('Age de la Lune', 'Overloading Stamina Training Megapack SSS')"
264718,1135.38,1.0141,jumpstream,"('Minutes', 'Etterna Explosion Excitepack')"
264792,1280.46,1.014,jumpstream,"('Takas Pelikentil', 'Fennec Fantasy')"
342795,1276.18,1.014,jumpstream,"('Blastix Riotz for JumpTrill', 'interesting files i found in my discord dms')"
290716,1143.5,1.0139,jumpstream,"('The Quickening Of Time', 'Nuclear Blast JS Awesome Bomb Filez 3')"
290587,1105.95,1.0134,jumpstream,"('Back to the Gate', 'Nuclear Blast JS Awesome Bomb Filez 5')"
264162,960.69,1.0133,jumpstream,"('あなたを振る', 'Elexon')"
290678,1090.52,1.0132,jumpstream,"('Aim Burst', 'Nuclear Blast JS Awesome Bomb Filez 4')"
328582,1224.26,1.0128,jumpstream,"('The End', 'Yolomania Vol. 3')"
250088,1053.4,1.0126,jumpstream,"('Apetenodytes Disco Type.4.0', 'Al Toke Collaboration Pack')"
299088,1163.94,1.0122,jumpstream,"('MAGINOBIONICS', 'Overloading Stamina Training Megapack S')"
350788,1331.4,1.0121,jumpstream,"('Mia REGINA - I got it! (7_7 bootleg)', 'Brazil Schizo files')"
299169,1653.83,1.012,jumpstream,"('Shuuen no Kane', ""Rachel's Rabifiles"")"
280697,1060.89,1.0119,jumpstream,"('Destroyer', 'Jumpstream Peru 2')"
249972,1047.18,1.0118,jumpstream,"(""Dodger's Gadget"", 'Al Toke Collaboration Pack')"
328616,1150.03,1.0116,jumpstream,"('Hymn', 'Yolomania Vol. 3')"
264573,924.38,1.0113,jumpstream,"('青空のラプソディ Natino Remix', 'Etterna Explosion Excitepack')"
333320,933.35,1.0113,jumpstream,"('ポッピンキャンディ☆フィーバー！', '#774 Etterna Explosion Excitepack')"
264460,954.63,1.0112,jumpstream,"('Gekisou Gungnir', 'Etterna Explosion Excitepack')"
285194,1421.49,1.0112,jumpstream,"('はーとびーとおーばーひーーーーと!!!!', 'Miracle Streamz')"
354006,1269.56,1.011,jumpstream,"('loli fantasy', ""XingRen's Megapack vol.1"")"
249317,1337.05,1.0107,jumpstream,"('The Beautiful Puke', 'Acerola')"
251965,1790.57,1.0104,jumpstream,"('Starlight In Ebony', 'ATTang')"
264895,1263.3,1.0104,jumpstream,"('Ivaltek', 'Fennec Fallacy')"
299981,1243.47,1.0103,jumpstream,"('Girl A', 'Polarin Pack 2')"
290616,1078.97,1.0101,jumpstream,"('Nergal Burning', 'Nuclear Blast JS Awesome Bomb Filez 5')"
304391,1276.9,1.0099,jumpstream,"('Chronomia', 'Sawasdee ET')"
304507,1067.28,1.0096,jumpstream,"('Tactical Railroad', 'Sharpnel Instrumentality Project')"
280698,1048.51,1.0095,jumpstream,"('aub?rica', 'Jumpstream Peru 2')"
329634,1114.81,1.0094,jumpstream,"('BF2014', ""Xingyue's ETTERNA IV"")"
290714,1117.02,1.0093,jumpstream,"('The Resonance', 'Nuclear Blast JS Awesome Bomb Filez 3')"
271813,1113.05,1.0092,jumpstream,"('Take the Test', 'hi19hi19 Pack 3 - Popcorn Blast JS Buttery Snack Filez')"
328465,1164.28,1.0092,jumpstream,"('きらきらタイム☆', 'Yolomania Vol. 4')"
304516,1088.0,1.009,jumpstream,"('詩片 (Piece of Poetry)', 'Sharpnel Instrumentality Project')"
291286,1079.3,1.0087,jumpstream,"('IMAGINARY LIKE THE JUSTICE', ""naetsuka's Megapack"")"
280680,942.72,1.0085,jumpstream,"('BF2014', 'Jumpstream Perú')"
264551,999.72,1.0084,jumpstream,"('BWLAUTE BEIRRD', 'Etterna Explosion Excitepack')"
282093,1400.93,1.0083,jumpstream,"('G4ME-0V3R!!1', 'Lofty Dump MiniPack')"
290626,1048.03,1.008,jumpstream,"('Sorairo Days', 'Nuclear Blast JS Awesome Bomb Filez 5')"
290971,1233.6,1.008,jumpstream,"('APETENODYTES DISCO TYPE.4.0', 'Nixo pack 0')"
254188,1061.74,1.0079,jumpstream,"('Sinisterrrrrrrr', 'boi')"
256783,1240.62,1.0076,jumpstream,"('Unorthodox Red', ""Bunch of Files You Probably Don't Have 3"")"
333490,1236.05,1.0071,jumpstream,"('夕立のりぼん', '#774 Etterna Explosion Excitepack')"
264724,1112.0,1.0069,jumpstream,"('C204', 'Etterna Explosion Excitepack')"
290648,1075.84,1.0068,jumpstream,"('Nothing Left', 'Nuclear Blast JS Awesome Bomb Filez 5')"
299066,1075.91,1.0067,jumpstream,"('LITTLE GOD CH@NNEL', 'Overloading Stamina Training Megapack S')"
333449,955.74,1.0067,jumpstream,"('Unwelcome School', '#774 Etterna Explosion Excitepack')"
280686,849.28,1.0066,jumpstream,"('Indomitable Spirit (Hommarju Remix)', 'Jumpstream Perú')"
333482,917.14,1.0065,jumpstream,"('アニマル', '#774 Etterna Explosion Excitepack')"
328702,1250.98,1.0061,jumpstream,"('Brute Force', 'Yolomania Vol. 2')"
328551,953.49,1.0059,jumpstream,"('Angel Of Darkness', 'Yolomania Vol. 3')"
357789,1228.06,1.0058,jumpstream,"(""DON'T CUT"", ""Xingyue's ETTERNA III"")"
354604,1187.72,1.0056,jumpstream,"('System Doctor', 'Valedumps 4')"
291253,1327.64,1.0055,jumpstream,"('VVelcome!!', ""naetsuka's Megapack"")"
363432,1079.75,1.0052,jumpstream,"('ALL OF ME', 'Overloading Stamina Training Megapack SS')"
321840,1184.81,1.0051,jumpstream,"('najimi breakers', 'timdam snackpack')"
328688,1046.55,1.0051,jumpstream,"('LOVELYTEKS', 'Yolomania Vol. 2')"
246652,1454.59,1.0048,jumpstream,"('Kumo No Kireme', '10Dollar Dump Dump Revolutions 3')"
290976,976.36,1.0044,jumpstream,"('Axle Grinder', 'Nightflower Complex')"
290684,1018.98,1.0038,jumpstream,"('[3-STM] Gate Openerz', 'Stepocalypse Set 1 - Tiers')"
249322,1092.48,1.0037,jumpstream,"('Ishassara', 'Acerola')"
323176,1669.18,1.0037,jumpstream,"('Dash Hopes III', 'Valedumps 3 (Route B)')"
280766,1181.8,1.0034,jumpstream,"('Triple Counter', 'Jumpstream Of Fighters Vol. 2')"
290634,1056.56,1.0034,jumpstream,"('KLASSIKER EINHEIT', 'Nuclear Blast JS Awesome Bomb Filez 5')"
329717,1078.85,1.0034,jumpstream,"('愛河', ""XingRen's Megapack vol.5 (Chinese song only)"")"
336661,1139.49,1.0031,jumpstream,"('Ops Code-Rapture-', 'Jumpstream Of Fighters Vol. 1')"
310300,1748.21,1.0029,jumpstream,"('EXILE', 'Speed Training For SM Volume 4')"
350977,945.88,1.0029,jumpstream,"('Element of SPADA (Cut Ver.)', 'APEX Extreme')"
264186,1318.65,1.0025,jumpstream,"('endleSSStation (Frums 終電 Bootleg)', 'Elexon')"
290642,1163.3,1.0025,jumpstream,"('Bodiless Sleeper', 'Nuclear Blast JS Awesome Bomb Filez 5')"
338955,1207.44,1.0025,jumpstream,"('#2wise4u', 'Polarin Pack 4')"
255660,1095.86,1.0024,jumpstream,"('Nanamori (youth Remix)', 'Certified Hood Classics')"
304513,926.98,1.0024,jumpstream,"('Flower Forever', 'Sharpnel Instrumentality Project')"
251904,1526.19,1.0023,jumpstream,"('Future Gazer', 'ATTangs Dumpmix')"
297444,1711.65,1.0023,jumpstream,"('Swim in the sea of quarks', 'Overcome CV Package4')"
264159,1103.19,1.0022,jumpstream,"('little (girl) goodbye.rah', 'Elexon')"
264541,1091.18,1.002,jumpstream,"('藍二乗', 'Etterna Explosion Excitepack')"
342896,1292.08,1.0018,jumpstream,"('Styx Helix', 'interesting files i found in my discord dms')"
321844,1326.7,1.0017,jumpstream,"('Full Throttle', 'timdam snackpack')"
264799,1066.97,1.0016,jumpstream,"('Gotsta Terrify', 'Fennec Fantasy')"
333493,975.96,1.0016,jumpstream,"('To (HAPPY mix)', '#774 Etterna Explosion Excitepack')"
310356,1630.08,1.0015,jumpstream,"('Paraclete', 'Speed Training For SM Vol.2')"
318581,1136.2,1.0015,jumpstream,"('Holy*Shit', 'Treatpack 1')"
354683,1219.58,1.0012,jumpstream,"('PARANOiA EViL -52 DECLiNE-', 'Valedumps 4')"
260288,655.31,1.001,jumpstream,"('Take It Off', 'Jumpstream Peru 2')"
329984,1179.83,1.0009,jumpstream,"('LOVERYTEKS', 'Xayy Lmao Mixtape (Feat. Chill Pill)')"
317099,785.32,1.0006,jumpstream,"('Romeo ja Julia', 'Suomi 100.5')"
310354,1612.17,1.0005,jumpstream,"('Kingborn', 'Speed Training For SM Vol.2')"
290720,984.0,1.0004,jumpstream,"('Candy Galy', 'Nuclear Blast JS Awesome Bomb Filez 3')"
317384,1165.34,1.0002,jumpstream,"('High Tension', 'STEP_PROJECT')"
264638,1366.16,1.0001,jumpstream,"('Staring at star', 'Etterna Explosion Excitepack')"
276897,1504.01,1.0001,jumpstream,"('Stamina', ""jj & dd 's bb"")"
273803,1238.04,1.0,jumpstream,"('Fields Of Despair', 'Icy X')"
253610,1068.73,0.9998,jumpstream,"('licca', 'Bad.End')"
350918,1150.98,0.9993,jumpstream,"('tinnitus', 'APEX Extreme')"
309037,1306.95,0.9991,jumpstream,"('Anoyo-iki no Bus ni Notte Saraba', 'SMOC EXTRA')"
270300,1232.45,0.999,jumpstream,"('アイシテ', 'Grape Cola 2')"
268268,1369.07,0.9989,jumpstream,"('IMAGE -MATERIAL- (Version 0)', 'Fullerene Shift')"
323226,1171.19,0.9989,jumpstream,"('TO MAKE THE END OF BATTLE', 'Valedumps 3 (Route A)')"
264488,847.47,0.9984,jumpstream,"('[A]ddiction', 'Etterna Explosion Excitepack')"
333426,898.15,0.9982,jumpstream,"('リトルトリックスター☆', '#774 Etterna Explosion Excitepack')"
304515,1170.03,0.9979,jumpstream,"('STRANGEPROGRAM', 'Sharpnel Instrumentality Project')"
328601,1000.52,0.9976,jumpstream,"('Guitar Hero vs Through The Darkness', 'Yolomania Vol. 3')"
285240,1117.61,0.9975,jumpstream,"('thinking of you', 'Minty zFarts Pack 2')"
291211,1135.28,0.997,jumpstream,"('Akasagarbha', ""naetsuka's Megapack Volume 2"")"
298993,1197.18,0.9969,jumpstream,"('11ELEVEN', 'Overloading Stamina Training Megapack SSS')"
280703,1011.92,0.9968,jumpstream,"('Athletic meet of sound toy', 'Jumpstream Peru 2')"
285796,1752.51,0.9968,jumpstream,"('The Last Winged Unicorn', 'Mina Minimegapack')"
342384,1388.59,0.9967,jumpstream,"('Speed of Link', 'April Singles')"
246663,1370.43,0.9966,jumpstream,"('LOVE ADVENTURE', '10Dollar Dump Dump Revolutions 2')"
249332,1206.86,0.9966,jumpstream,"('Houmous', 'Acerola')"
350908,1184.38,0.9964,jumpstream,"('Blow my Mind (tpz Overheat Remix)', 'APEX Extreme')"
318435,1644.57,0.9962,jumpstream,"('OSU! Original', 'The leftovers 2')"
342661,867.78,0.9962,jumpstream,"('Dat Phonk', 'Fiery Stream Pack Vol.2')"
328705,1164.99,0.9955,jumpstream,"('Over the Fullereneshift', 'Yolomania Vol. 2')"
264814,825.73,0.9954,jumpstream,"('Moon-gate', 'Fennec Fantasy')"
328434,1289.89,0.9953,jumpstream,"('Chandelier', 'Yolomania Vol. 4')"
328690,1098.66,0.9951,jumpstream,"('Back to the Gate', 'Yolomania Vol. 2')"
246666,1289.28,0.9949,jumpstream,"('Korekara no Someday', '10Dollar Dump Dump Revolutions 2')"
290663,1206.99,0.9948,jumpstream,"('R3D R1Z3', 'Nuclear Blast JS Awesome Bomb Filez 4')"
251669,1212.98,0.9947,jumpstream,"('Over the Fullereneshift', 'Azure')"
258091,1319.57,0.9947,jumpstream,"('SHIND BAD', 'KBO Solo Files Part VII')"
339540,1260.15,0.9945,jumpstream,"('Einherjar Joker', ""Amei's Handstream Collection 3"")"
290664,953.25,0.9944,jumpstream,"('[0-SPD] Tower Of Saints', 'Nuclear Blast JS Awesome Bomb Filez 4')"
271807,1096.38,0.9943,jumpstream,"('Etude for the Sinners', 'hi19hi19 Pack 3 - Popcorn Blast JS Buttery Snack Filez')"
298998,1279.87,0.9941,jumpstream,"('Hello Vermilion', 'Overloading Stamina Training Megapack SSS')"
333429,979.72,0.9939,jumpstream,"('くらべられっ子', '#774 Etterna Explosion Excitepack')"
339172,1039.55,0.9939,jumpstream,"('Dear You', ""Xingyue's ETTERNA I"")"
291129,1053.42,0.9938,jumpstream,"('Anger Week-End', 'Neon Club Handstream 2')"
264691,943.97,0.9937,jumpstream,"('狂夢終葬曲 ～ Pandemonic Planet', 'Etterna Explosion Excitepack')"
280751,1316.51,0.9937,jumpstream,"('satori de pon!', 'Jumpstream Of Fighters Vol. 2')"
290589,1187.88,0.9937,jumpstream,"('Revolution Deathsquad', 'Nuclear Blast JS Awesome Bomb Filez 5')"
318434,1255.76,0.9937,jumpstream,"('FREEDOM DiVE(Dear Mr.X Remix)', 'The leftovers 2')"
285552,1576.99,0.9936,jumpstream,"('Ghostly Eyes', 'MintApril Extents')"
290718,1077.35,0.9936,jumpstream,"('Ascension To Heaven', 'Nuclear Blast JS Awesome Bomb Filez 3')"
290974,1074.08,0.9932,jumpstream,"('Kaerimichi', 'Nixo pack 0')"
290749,1124.38,0.9927,jumpstream,"('Love Hurts', 'Nuclear Blast JS Awesome Bomb Filez 2')"
268277,1323.76,0.9924,jumpstream,"('FORBIDDEN', 'Fullerene Shift')"
327465,977.49,0.9922,jumpstream,"('Crescent Island Boss Theme', 'VGMP 4')"
254193,1017.09,0.9919,jumpstream,"(""Inner Universe (Hyphen's Bootleg)"", 'boi')"
246610,1193.58,0.9918,jumpstream,"('Xv1v1@84{1-1!', '10Dollar Dump Dump Revolutions 4')"
263394,979.22,0.9917,jumpstream,"('Renatus', 'Etterna')"
323215,1213.86,0.9917,jumpstream,"('Everything Went Numb', 'Valedumps 3 (Route A)')"
280734,1167.45,0.9916,jumpstream,"('☆をかけるアドベンチャー', 'Jumpstream Of Fighters Vol. 2')"
329941,1348.6,0.9916,jumpstream,"('Apparition', 'Xeo&FriendZ')"
290726,1104.81,0.9915,jumpstream,"('115', 'Nuclear Blast JS Awesome Bomb Filez 3')"
330027,1207.42,0.9914,jumpstream,"('Imagine Breaker', 'Xayy Lmao Mixtape (Feat. Chill Pill)')"
271815,1111.87,0.9911,jumpstream,"('mo-ko-mo-core', 'hi19hi19 Pack 3 - Popcorn Blast JS Buttery Snack Filez')"
285882,1145.52,0.991,jumpstream,"('Lost Umbrella', ""midgy's cartography collection III"")"
328450,1004.97,0.991,jumpstream,"('Reminiscing', 'Yolomania Vol. 4')"
307419,1516.06,0.9909,jumpstream,"('Muteki no Soldier', ""Sizuka's Simfiles 2"")"
290686,1016.0,0.9907,jumpstream,"('We Luv Lama', 'Nuclear Blast JS Awesome Bomb Filez 4')"
310361,1149.46,0.9907,jumpstream,"('ANOMALY', 'Speed Training For SM Vol.2')"
273838,1215.89,0.9903,jumpstream,"('Storming The Burning Fields', 'Icy X')"
328455,1070.74,0.9903,jumpstream,"('GOODTEK', 'Yolomania Vol. 4')"
342799,1413.14,0.9903,jumpstream,"('Break for Jumptrill', 'interesting files i found in my discord dms')"
328646,976.26,0.9902,jumpstream,"('Little Star', 'Yolomania Vol. 3')"
253597,1207.94,0.99,jumpstream,"('Realize Maze', 'Bad.End')"
271799,1259.95,0.9899,jumpstream,"('The Invisible Hand', 'hi19hi19 Pack 3 - Popcorn Blast JS Buttery Snack Filez')"
280718,989.08,0.9899,jumpstream,"('HappyAngel', 'Jumpstream Peru 2')"
271811,1080.62,0.9898,jumpstream,"('Gradeus', 'hi19hi19 Pack 3 - Popcorn Blast JS Buttery Snack Filez')"
328795,1922.55,0.9895,jumpstream,"(""Shadow1800's OP"", 'Yolo Dumps 1')"
329144,1344.94,0.9895,jumpstream,"('Miss Wanna-Die', 'xXxRUSSIAxXx')"
270289,1310.82,0.9893,jumpstream,"('Aura', 'Grape Cola 2')"
246616,1117.85,0.9892,jumpstream,"(""Pumpin' Junkies"", '10Dollar Dump Dump Revolutions 4')"
313849,1348.15,0.9891,jumpstream,"('The Limit Does Not Exist', 'Stepocalypse Set 1 - Tiers')"
328747,1104.08,0.9891,jumpstream,"('Rolling Girl', 'Yolomania Vol. 1')"
342381,1362.16,0.9891,jumpstream,"('Animatype', 'April Singles')"
329653,1103.1,0.9889,jumpstream,"('Say A Vengeance', ""Xingyue's ETTERNA II"")"
290627,1168.72,0.9886,jumpstream,"('Shine!!', 'Nuclear Blast JS Awesome Bomb Filez 5')"
310360,1232.38,0.9885,jumpstream,"('Glorious Crown', 'Speed Training For SM Vol.2')"
280759,1170.87,0.9883,jumpstream,"('White Peak', 'Jumpstream Of Fighters Vol. 2')"
353320,1199.05,0.9883,jumpstream,"('Xevel', ""Tera's Megapack Volume 3"")"
285433,1005.95,0.9879,jumpstream,"('Tässä Elämä On', 'Minty Fresh Pack 2')"
280747,1099.36,0.9878,jumpstream,"('[EXTRA] Kake Nukeru Anime Song Medley VI', 'Jumpstream Of Fighters Vol. 2')"
299036,1468.05,0.9878,jumpstream,"('Ragnarok', ""AZVW's 4 Key mini pack 5 -HYPE FOR 4 BUTTONS-"")"
323256,1388.44,0.9878,jumpstream,"('Kusare Gedou to Chocolate', 'Valedumps 3 (Route A)')"
246668,1449.92,0.9875,jumpstream,"('Cross The Finish Line', '10Dollar Dump Dump Revolutions 2')"
321849,1064.79,0.9875,jumpstream,"('Plastic Mind', 'timdam snackpack')"
302673,1142.34,0.9873,jumpstream,"('さいたま2000', 'Russian Underground')"
328963,1355.75,0.9871,jumpstream,"('Einherjar Joker', 'xXxRUSSIAxXx 3')"
331561,1460.84,0.9871,jumpstream,"('Noise Of Yandere', 'Caustic_Conversion')"
280700,937.37,0.9868,jumpstream,"('Rainbow Road', 'Jumpstream Peru 2')"
282147,1179.78,0.9867,jumpstream,"('[8-5] Kiss Me More With Additional Runningmen', 'Lofty Dump Minipack 3 (Xclusive Edition)')"
264789,1045.48,0.9864,jumpstream,"('THE OTHERS', 'Fennec Fantasy')"
363433,1112.6,0.9863,jumpstream,"('Fake Promise', 'Overloading Stamina Training Megapack SS')"
268273,1014.2,0.9862,jumpstream,"('Grief & Malice', 'Fullerene Shift')"
258257,1212.79,0.9858,jumpstream,"('AO-Infinity', 'Club Penguin')"
317111,993.66,0.9857,jumpstream,"('Victory Grounds Nothing', 'Suomi 100.5')"
264148,1191.36,0.9856,jumpstream,"(""ヽ('A≡A`)ﾉ"", 'Elexon')"
328507,1159.34,0.9854,jumpstream,"('Speed of Link', 'Yolomania Vol. 4')"
321827,1265.93,0.9849,jumpstream,"('Sunny Side Up', 'Timdam Snackpack 2')"
317053,1070.6,0.9848,jumpstream,"('Tassa Elama On', 'Suomi 100')"
316982,973.16,0.9846,jumpstream,"('...Ja Pimeys Laskeutui', 'Suomi 101')"
310317,1257.13,0.9844,jumpstream,"('Punishment', 'Speed Training For SM Volume 4')"
254191,1465.2,0.9843,jumpstream,"('Speed of Link', 'boi')"
350986,1006.21,0.984,jumpstream,"('Just Hold on (To All Fighters)', 'APEX Extreme')"
255654,1472.48,0.9837,jumpstream,"(""37.5'C"", 'cesspool of ribal 2')"
307377,1323.57,0.9835,jumpstream,"('My Stamina Falling Flat To The Ground', ""Ska-Cola Machin'"")"
328491,1191.51,0.9835,jumpstream,"('LegenD.', 'Yolomania Vol. 4')"
282137,1103.92,0.9834,jumpstream,"('[5-1] Tell It To My Heart', 'Lofty Dump Minipack 3 (Xclusive Edition)')"
258262,1318.98,0.9831,jumpstream,"('cheatreal', 'Club Penguin')"
363447,1029.15,0.983,jumpstream,"('敗北の少年', 'Overloading Stamina Training Megapack SS')"
354640,1371.63,0.9829,jumpstream,"('L9', 'Valedumps 4')"
273805,1150.99,0.9824,jumpstream,"('Disciples Of Babylon', 'Icy X')"
296806,1922.9,0.9824,jumpstream,"('Reflec Romdino BIX', 'Overcome CV Package2')"
280752,1073.74,0.9823,jumpstream,"('Critical Crystal', 'Jumpstream Of Fighters Vol. 2')"
350925,1076.21,0.982,jumpstream,"('パーフェクト生命 ft.初音ミク', 'APEX Extreme')"
354711,1252.51,0.9818,jumpstream,"('Can You Hear the Music', 'Valedumps 4')"
257256,1545.39,0.9816,jumpstream,"('[7-XXX] logic gate', 'Mina Minimegapack 4')"
280735,1131.63,0.9815,jumpstream,"('Happy Hardcore Synthesizer', 'Jumpstream Of Fighters Vol. 2')"
342387,1192.74,0.9812,jumpstream,"('Witches Brew', 'April Singles')"
264757,1424.84,0.9805,jumpstream,"('脳・内・再・醒～ecphoric dance～', 'Etterna Explosion Excitepack')"
307216,1424.41,0.9799,jumpstream,"('Diabolikha', ""Skwid's Minipack"")"
253941,906.88,0.9798,jumpstream,"('Nous', 'Breakcore Princess')"
251934,1241.2,0.9795,jumpstream,"('Platinum Disco', ""ATTang's Bad Files"")"
285492,1378.42,0.9795,jumpstream,"('Maximize', 'Minty Fresh Pack 1')"
290609,811.59,0.9795,jumpstream,"('Cyberteam in Akihabara 2011', 'Nuclear Blast JS Awesome Bomb Filez 5')"
310291,1364.55,0.9788,jumpstream,"('Invitation from Mr.C', 'Speed Training For SM Volume 4')"
290707,1346.88,0.9785,jumpstream,"('[6-STM] Thru Our Scars', 'Nuclear Blast JS Awesome Bomb Filez 3')"
328764,1204.24,0.9785,jumpstream,"('色は情へと誘う', 'Yolomania Vol. 1')"
329101,1143.27,0.9785,jumpstream,"('Thinking Of You', 'xXxRUSSIAxXx 2')"
328692,1236.76,0.978,jumpstream,"('Marunouchi Surviver', 'Yolomania Vol. 2')"
331543,1297.85,0.978,jumpstream,"('najimi breakers', 'Caustic_Conversion')"
328561,1060.2,0.9779,jumpstream,"('Elektrick U-Phoria', 'Yolomania Vol. 3')"
273830,1369.08,0.9777,jumpstream,"('Heart', 'Icy X')"
309104,1136.59,0.9777,jumpstream,"('ARMAGEΔDON', 'SMOC EXTRA')"
328079,1551.98,0.9777,jumpstream,"('iLLness LiLin', 'Z.Speed Training For SM Vol.1')"
291274,1121.03,0.9776,jumpstream,"('チョコレイト・オンナノコ (feat. GUMI)', ""naetsuka's Megapack"")"
314820,1297.05,0.9776,jumpstream,"('K.Y.A.F.A. (Kill You All Fucking Asshole)', 'The End')"
328535,1088.17,0.9775,jumpstream,"('AETHER', 'Yolomania Vol. 4')"
333500,848.88,0.9775,jumpstream,"('Sky is the Limit', '#774 Etterna Explosion Excitepack')"
273825,1260.61,0.9774,jumpstream,"('Ripple Star', 'Icy X')"
280728,1294.83,0.9773,jumpstream,"('Bison Charge', 'Jumpstream Peru 2')"
323181,1491.46,0.9772,jumpstream,"('better off alone', 'Valedumps 3 (Route B)')"
290732,1124.08,0.9771,jumpstream,"('ULTRABEATDOWN SUPREME', 'Nuclear Blast JS Awesome Bomb Filez 3')"
260271,876.59,0.9768,jumpstream,"('Tik Tok', 'Jumpstream Peru 2')"
271791,1089.87,0.9768,jumpstream,"('Atomic Orbital (Kevin Energy Remix)', 'hi19hi19 Pack 3 - Popcorn Blast JS Buttery Snack Filez')"
310272,1203.08,0.9768,jumpstream,"('Fragile (2011 Mix)', 'Speed Training For SM Volume 4')"
299980,1189.29,0.9766,jumpstream,"('Final Hope', 'Polarin Pack 2')"
299009,1069.88,0.9763,jumpstream,"('銀の風', 'Overloading Stamina Training Megapack SSS')"
246647,1240.56,0.9761,jumpstream,"(""Heaven's Fall"", '10Dollar Dump Dump Revolutions 3')"
285469,1078.49,0.976,jumpstream,"('Female President', 'Minty Fresh Pack 2')"
338492,1209.26,0.9757,jumpstream,"('Innocent Azure', ""naetsuka's Megapack Volume 4"")"
328453,1267.61,0.9752,jumpstream,"('Sayonara Planet Wars', 'Yolomania Vol. 4')"
336658,1121.55,0.9751,jumpstream,"('X.U.', 'Jumpstream Of Fighters Vol. 1')"
271820,1022.84,0.9747,jumpstream,"('Ant IDM', 'hi19hi19 Pack 3 - Popcorn Blast JS Buttery Snack Filez')"
264472,1082.96,0.9746,jumpstream,"('子♡丑♡寅♡卯♡辰♡巳♡', 'Etterna Explosion Excitepack')"
344376,1044.31,0.9744,jumpstream,"('...during pride month?', 'Packful of Hollow')"
271709,915.91,0.9743,jumpstream,"('{Rose}', 'hi19hi19 Pack 5 - Streams and Memes')"
271810,884.14,0.9741,jumpstream,"('Endless Dream', 'hi19hi19 Pack 3 - Popcorn Blast JS Buttery Snack Filez')"
333345,804.42,0.9735,jumpstream,"('On my Sheep', '#774 Etterna Explosion Excitepack')"
328614,1023.23,0.9734,jumpstream,"('Heartbeatz', 'Yolomania Vol. 3')"
342389,1389.87,0.9732,jumpstream,"('Blue Planet', 'April Singles')"
280746,983.48,0.9731,jumpstream,"('Night of Core', 'Jumpstream Of Fighters Vol. 2')"
253611,1517.69,0.973,jumpstream,"('The Azure Arbitrator', 'Bad.End')"
353275,1553.41,0.9727,jumpstream,"('White Hair Little Swords Girl', ""Tera's Megapack Volume 3"")"
251956,1483.42,0.9726,jumpstream,"('Moon-gate', ""ATTang's Bad Files"")"
299095,1120.74,0.9721,jumpstream,"('Agartha', 'Overloading Stamina Training Megapack S')"
285647,1098.29,0.972,jumpstream,"('Lithium', 'Mina Mini Megapack 2(da real onez)')"
328525,1122.03,0.9718,jumpstream,"('SunnyShinyRing', 'Yolomania Vol. 4')"
260715,1038.11,0.9717,jumpstream,"('Lyrith -Meikyuu Lyrith-', ""'d"")"
285802,1462.03,0.9717,jumpstream,"('COCORO', 'Mina Minimegapack')"
290967,1174.48,0.9717,jumpstream,"('PAPAVER RHOEAS', 'Nixo pack 0')"
290603,1155.75,0.9716,jumpstream,"('Anata Ga Mawaru', 'Nuclear Blast JS Awesome Bomb Filez 5')"
264145,1143.52,0.9714,jumpstream,"('Chronomia', 'Elexon')"
253944,919.98,0.9713,jumpstream,"('Verflucht', 'Breakcore Princess')"
290736,1095.9,0.9713,jumpstream,"('SILVER DREAM', 'Nuclear Blast JS Awesome Bomb Filez 3')"
290719,1202.68,0.9711,jumpstream,"('Heroes of our Time', 'Nuclear Blast JS Awesome Bomb Filez 3')"
328733,1136.65,0.971,jumpstream,"('私に「なんで？」と問い給うな', 'Yolomania Vol. 1')"
271808,1106.84,0.9709,jumpstream,"('FREEDOM DiVE', 'hi19hi19 Pack 3 - Popcorn Blast JS Buttery Snack Filez')"
290661,1116.69,0.9709,jumpstream,"('Redefine', 'Nuclear Blast JS Awesome Bomb Filez 4')"
315253,1201.69,0.9705,jumpstream,"('Wind Cave', 'TESTOPACK')"
260733,1023.44,0.9702,jumpstream,"('Angel Dust 2016', ""'d"")"
290652,1190.86,0.9695,jumpstream,"('Gundam-Dude', 'Nuclear Blast JS Awesome Bomb Filez 5')"
283228,1104.36,0.9691,jumpstream,"('GOODTEK', 'LEINISM')"
328075,1586.54,0.9689,jumpstream,"('Enigma', 'Z.Speed Training For SM Vol.1')"
328072,1365.99,0.9687,jumpstream,"('ZENITHALIZE', 'Z.Speed Training For SM Vol.1')"
273809,1222.08,0.9686,jumpstream,"('Evening Star', 'Icy X')"
328610,1097.32,0.9686,jumpstream,"('Miracle 5ympho X', 'Yolomania Vol. 3')"
264855,1554.09,0.9683,jumpstream,"('Holy Macaroni', 'Fennec Fallacy')"
290711,1046.84,0.9682,jumpstream,"('SUNKiSS DROP', 'Nuclear Blast JS Awesome Bomb Filez 3')"
264805,1043.76,0.968,jumpstream,"('Death Waltz', 'Fennec Fantasy')"
273829,1199.47,0.9679,jumpstream,"('Through The Fire And The Flames', 'Icy X')"
290745,1115.16,0.9679,jumpstream,"('Gravity Blast', 'Nuclear Blast JS Awesome Bomb Filez 2')"
339162,1082.68,0.9678,jumpstream,"('12 little fragments of silence', ""Xingyue's ETTERNA I"")"
328084,1593.38,0.9677,jumpstream,"('Silhouette', 'Z.Speed Training For SM Vol.1')"
270309,1221.77,0.9676,jumpstream,"('Jump', 'Grape Cola 2')"
251897,1544.12,0.9675,jumpstream,"('CLICK', 'ATTangs Dumpmix')"
280783,956.58,0.9675,jumpstream,"('MAGIC & LOVE', 'Solo Rulz Pack 4')"
263405,982.58,0.9671,jumpstream,"('HyperioxX', 'Etterna')"
280745,1285.71,0.967,jumpstream,"('Ultimate Weapon', 'Jumpstream Of Fighters Vol. 2')"
280696,1055.61,0.9669,jumpstream,"('Volcanic', 'Jumpstream Perú')"
282171,1175.44,0.9669,jumpstream,"('[9-1] Šefica Podzemlja', 'Lofty Dump Minipack 3 (Xclusive Edition)')"
336659,1229.48,0.9667,jumpstream,"('Mission Complete', 'Jumpstream Of Fighters Vol. 1')"
322923,1394.79,0.9666,jumpstream,"('Crystal Chamber Combustion', 'Untitled Etterna Pack')"
333456,1027.46,0.9664,jumpstream,"('Jumper', '#774 Etterna Explosion Excitepack')"
272307,1093.38,0.9661,jumpstream,"('Vast universe', 'Hard Songs Megapack Volume 11')"
268253,1311.58,0.9656,jumpstream,"(""John Tanaka's Theme"", 'Fullerene Shift')"
283249,1155.52,0.9656,jumpstream,"('sink to the deep sea world', 'LEINISM')"
309107,1188.44,0.9655,jumpstream,"('Thinking Of You', 'SMOC EXTRA')"
310284,1661.02,0.9655,jumpstream,"('Air Raid', 'Speed Training For SM Volume 4')"
333363,877.79,0.9655,jumpstream,"('Ahoy!! 我ら宝鐘海賊団☆', '#774 Etterna Explosion Excitepack')"
290695,897.36,0.9653,jumpstream,"(""Still Blastin'"", 'Nuclear Blast JS Awesome Bomb Filez 4')"
339160,1246.45,0.9651,jumpstream,"('Moonearth', ""Xingyue's ETTERNA I"")"
280690,1026.88,0.9649,jumpstream,"('Love & Justice', 'Jumpstream Perú')"
280736,1292.58,0.9645,jumpstream,"('Perfect Cherry Storm', 'Jumpstream Of Fighters Vol. 2')"
280692,909.44,0.9644,jumpstream,"('Fallen', 'Jumpstream Perú')"
290688,947.42,0.9644,jumpstream,"('Tropical April', 'Nuclear Blast JS Awesome Bomb Filez 4')"
257275,1280.04,0.9641,jumpstream,"('14 ]-[-34-#!', 'Choof Originals')"
329643,1118.58,0.9639,jumpstream,"('A Site De La Rue', ""Xingyue's ETTERNA II"")"
260728,1281.3,0.9634,jumpstream,"('Elder Dragon Legend', ""'d"")"
271786,966.32,0.9634,jumpstream,"('Starchild', 'hi19hi19 Pack 3 - Popcorn Blast JS Buttery Snack Filez')"
285560,1410.08,0.9634,jumpstream,"('Kaguyahime', 'MintApril Extents')"
333424,1143.43,0.9634,jumpstream,"('The Rise of Pre-teen Homosexuals', '#774 Etterna Explosion Excitepack')"
273827,1299.21,0.9633,jumpstream,"('Valley Of The Damned', 'Icy X')"
299164,1288.75,0.963,jumpstream,"('Renai Circulation (AccessNowhere Remix)', ""Rachel's Rabifiles"")"
273804,1251.18,0.9628,jumpstream,"('Prepare For War', 'Icy X')"
290618,934.56,0.9628,jumpstream,"('Touch The Angel', 'Nuclear Blast JS Awesome Bomb Filez 5')"
280694,1075.83,0.9623,jumpstream,"('Delta Delta', 'Jumpstream Perú')"
246605,1271.0,0.9622,jumpstream,"('Asgard', '10Dollar Dump Dump Revolutions 4')"
280748,1085.47,0.9622,jumpstream,"('Stardust Prism', 'Jumpstream Of Fighters Vol. 2')"
323298,1116.13,0.9618,jumpstream,"('La Vida Es Un Carnaval', 'Valedumps 2')"
271728,1127.36,0.9616,jumpstream,"('Road of Resistance', 'hi19hi19 Pack 5 - Streams and Memes')"
328439,1068.08,0.9609,jumpstream,"('Internet bitch', 'Yolomania Vol. 4')"
268270,1324.3,0.9608,jumpstream,"('NS18', 'Fullerene Shift')"
302193,1179.87,0.9606,jumpstream,"('[4-4] Retribution', 'Rebound Dump Collection Megapack II')"
280763,1192.08,0.9605,jumpstream,"('toromi hearts 2', 'Jumpstream Of Fighters Vol. 2')"
336673,1066.64,0.9605,jumpstream,"('[EXTRA] Kake Nukeru Anime Song Medley V', 'Jumpstream Of Fighters Vol. 1')"
283112,1049.93,0.96,jumpstream,"('SHI☆A☆WA☆SE', ""Lemon's Fruit Snacks 2"")"
264808,1329.98,0.9599,jumpstream,"('ETERNAL DRAIN', 'Fennec Fantasy')"
264841,1196.04,0.9598,jumpstream,"('StrangeProgram', 'Fennec Fallacy')"
328729,1051.94,0.9598,jumpstream,"('{The Traveller}', 'Yolomania Vol. 1')"
270404,1209.01,0.9596,jumpstream,"('獣耳ロリの惑星', 'Grape Cola')"
328633,826.19,0.9594,jumpstream,"('Move Your Body ~Nightcore Remix~', 'Yolomania Vol. 3')"
315218,1955.27,0.9592,jumpstream,"('D.E.M.', 'TESTOPACK')"
328523,1061.9,0.9592,jumpstream,"('お嬢様無茶振り', 'Yolomania Vol. 4')"
283064,1434.91,0.9591,jumpstream,"('Deal with the devil', ""Lemon's Panty Shots 3 - Camellia Edition"")"
246662,1215.64,0.9589,jumpstream,"('Tsumi to Batsu', '10Dollar Dump Dump Revolutions 2')"
259852,1221.17,0.9587,jumpstream,"('Ningen vs Kyuunage Robot Tama-chan no Catchball Taiketsu', 'Definitely Not Denpack')"
290700,1167.83,0.9586,jumpstream,"('Unpleasant Sonata', 'Nuclear Blast JS Awesome Bomb Filez 4')"
321794,1366.83,0.9582,jumpstream,"('March Of The Pigs', 'Timdam Snackpack 2')"
283227,1154.44,0.9581,jumpstream,"('Gypsy gets the Tek', 'LEINISM')"
280737,1179.46,0.9578,jumpstream,"('Aestivalis', 'Jumpstream Of Fighters Vol. 2')"
328463,1355.64,0.9573,jumpstream,"('Powerflux', 'Yolomania Vol. 4')"
264701,944.82,0.9572,jumpstream,"('root REASON', 'Etterna Explosion Excitepack')"
273826,1232.82,0.9567,jumpstream,"(""Sa'eed"", 'Icy X')"
260725,1248.52,0.9566,jumpstream,"('Euphoria', ""'d"")"
333304,1110.91,0.9564,jumpstream,"('BABYLON', '#774 Etterna Explosion Excitepack')"
264660,951.13,0.9563,jumpstream,"('嘘の火花', 'Etterna Explosion Excitepack')"
249352,1108.06,0.9561,jumpstream,"('MAXRAGE', 'Acerola')"
285451,1035.38,0.956,jumpstream,"('SOS', 'Minty Fresh Pack 2')"
328497,1215.17,0.9559,jumpstream,"('Kakuzetsu Thanatos', 'Yolomania Vol. 4')"
336667,1204.85,0.9557,jumpstream,"('Glantz x1.1', 'Jumpstream Of Fighters Vol. 1')"
280757,925.93,0.9556,jumpstream,"('SMILEY SMILEY', 'Jumpstream Of Fighters Vol. 2')"
261418,1133.78,0.9552,jumpstream,"('Kokonatsu wa Yume no Katachi', 'D E N P A C K  D E F E N S E  F O R C E  2')"
264821,1187.71,0.9546,jumpstream,"('Glorious Crown', 'Fennec Fantasy')"
271806,1190.89,0.9546,jumpstream,"('ephemera', 'hi19hi19 Pack 3 - Popcorn Blast JS Buttery Snack Filez')"
280755,1049.17,0.9546,jumpstream,"('Kamuy (DJ Noriken Remix)', 'Jumpstream Of Fighters Vol. 2')"
328469,1163.72,0.9546,jumpstream,"('Freedom Dive (tpz Overcute Remix)', 'Yolomania Vol. 4')"
280732,1042.09,0.9545,jumpstream,"('Future Maker', 'Jumpstream Of Fighters Vol. 2')"
280742,958.57,0.9543,jumpstream,"('405nm (Hommarju Remix)', 'Jumpstream Of Fighters Vol. 2')"
290731,1700.48,0.9543,jumpstream,"('Extratone Pirates', 'Nuclear Blast JS Awesome Bomb Filez 3')"
290658,1227.0,0.9542,jumpstream,"('Ignoninous And pale', 'Nuclear Blast JS Awesome Bomb Filez 4')"
264643,1379.66,0.9541,jumpstream,"('Villain Virus', 'Etterna Explosion Excitepack')"
273846,1271.65,0.9539,jumpstream,"('Blue Swan 5', 'Icy X')"
280741,1144.52,0.9537,jumpstream,"('Aa Kenran no Utakata ga Shiku (Epsilon Remix)', 'Jumpstream Of Fighters Vol. 2')"
251901,1703.47,0.9529,jumpstream,"('Marunouchi survivor', 'ATTangs Dumpmix')"
321823,1229.86,0.9529,jumpstream,"('Cast Down The Heretic', 'Timdam Snackpack 2')"
282040,1345.48,0.9528,jumpstream,"(""A Geisha's Dream"", 'Lofty Minipack 3')"
283122,1227.67,0.9526,jumpstream,"('12 little fragments of silence', ""Lemon's Fruit Snacks 2"")"
302706,1302.49,0.9521,jumpstream,"('ShootingStar', 'Russian Underground')"
333423,785.38,0.9521,jumpstream,"('あったかいんだから', '#774 Etterna Explosion Excitepack')"
290737,969.95,0.9519,jumpstream,"('Session 9 -Chronicles-', 'Nuclear Blast JS Awesome Bomb Filez 3')"
267661,1173.46,0.9515,jumpstream,"('Veni Vidi Vici', 'German Dump Mini Pack 4')"
273840,1184.78,0.9514,jumpstream,"('Cry For Love', 'Icy X')"
264834,1071.41,0.9513,jumpstream,"('Blood Type T', 'Fennec Fantasy')"
321772,1176.87,0.95,jumpstream,"('Envision', 'Timdam Snackpack 2')"
290724,1267.0,0.9499,jumpstream,"('Z6', 'Nuclear Blast JS Awesome Bomb Filez 3')"
266525,1090.94,0.9498,jumpstream,"('M-A', 'FFR Community Pack Autumn 2011')"
328481,1158.04,0.9498,jumpstream,"('Wizdomiot', 'Yolomania Vol. 4')"
273860,1025.82,0.9496,jumpstream,"('Rosebed', 'IcyWorld MiniPack 2')"
251972,2195.26,0.949,jumpstream,"('End Time TechnoBreak', 'ATTang')"
271862,992.34,0.9489,jumpstream,"('[1-STM] Destiny', 'hi19hi19 Pack 2 - Dumps and Hard Stuff')"
290768,1234.29,0.9488,jumpstream,"('Color of Giggles', 'Nuclear Blast 1.11')"
260710,960.72,0.9487,jumpstream,"('Destiny -Eclipse Mix-', ""'d"")"
285184,1211.4,0.9485,jumpstream,"('Volcanic', ""Tera's Megapack volume 1"")"
273239,1305.18,0.9484,jumpstream,"('STAR OF ANDROMEDA', 'Monheim Feedbacker Pack')"
264795,1040.78,0.9482,jumpstream,"('ORACLE', 'Fennec Fantasy')"
249920,1191.95,0.948,jumpstream,"('AO-INFINITY', 'Al Toke Collaboration Pack')"
280760,1040.12,0.9478,jumpstream,"('SENORITA (Speedy Mix)', 'Jumpstream Of Fighters Vol. 2')"
281973,1110.1,0.9478,jumpstream,"('1000 Rounds', 'Lofty Minipack 4 (Paradise Loft)')"
271643,1384.28,0.9474,jumpstream,"('Bochka Bass Kolbaser', 'hi19hi19 Pack 6 - Long Have We Waited')"
246667,1483.27,0.9471,jumpstream,"('Hyadain no Joujou Yuujou', '10Dollar Dump Dump Revolutions 2')"
273812,1193.89,0.9471,jumpstream,"('7701', 'Icy X')"
290628,1110.28,0.947,jumpstream,"('Pacific Girls', 'Nuclear Blast JS Awesome Bomb Filez 5')"
323254,1349.28,0.9467,jumpstream,"('Dash Hopes III', 'Valedumps 3 (Route A)')"
328466,1122.56,0.9467,jumpstream,"('PUPA', 'Yolomania Vol. 4')"
246673,1678.93,0.9463,jumpstream,"('Ehhen Doyadosu Tengujiman', '10Dollar Dump Dump Revolutions 2')"
250557,1265.8,0.9463,jumpstream,"('RAGE OF DUST', 'Anime Sucks Ass 2')"
255729,1217.52,0.9463,jumpstream,"('traveling', 'Celeb Dumplings (Delicious Edition)')"
253937,1094.28,0.9462,jumpstream,"('looming shadow of a tree long gone', 'Breakcore Princess')"
272473,1123.36,0.9461,jumpstream,"('Over The Frail Dream', 'Hard Songs Megapack Volume 9')"
290660,1229.16,0.9461,jumpstream,"('Serious Shit', 'Nuclear Blast JS Awesome Bomb Filez 4')"
299017,1035.75,0.946,jumpstream,"('サイファイエクスタシー', 'Overloading Stamina Training Megapack SSS')"
290683,1046.03,0.9459,jumpstream,"('Tornado', 'Nuclear Blast JS Awesome Bomb Filez 4')"
328528,1134.82,0.9456,jumpstream,"('looming shadow of a tree long gone', 'Yolomania Vol. 4')"
290625,1137.91,0.9454,jumpstream,"('Fallen World', 'Nuclear Blast JS Awesome Bomb Filez 5')"
328772,1120.69,0.9453,jumpstream,"('I have a bad case...', 'Yolomania Vol. 1')"
259849,968.91,0.9452,jumpstream,"('Sandan Jump', 'Definitely Not Denpack')"
270390,1642.83,0.9452,jumpstream,"('Three Bastards', 'Grape Cola')"
328621,1030.04,0.9449,jumpstream,"('+Danshi', 'Yolomania Vol. 3')"
280715,1074.58,0.9448,jumpstream,"('AO-INFINITY', 'Jumpstream Peru 2')"
329976,1371.65,0.9447,jumpstream,"('1', 'Xayy Lmao Mixtape (Feat. Chill Pill)')"
336672,1096.87,0.9447,jumpstream,"('Dreams Come True', 'Jumpstream Of Fighters Vol. 1')"
328719,1113.67,0.9446,jumpstream,"('Dark Side of Fate', 'Yolomania Vol. 2')"
271821,960.53,0.9445,jumpstream,"('Resurrection Spell', 'hi19hi19 Pack 3 - Popcorn Blast JS Buttery Snack Filez')"
310365,1248.75,0.9444,jumpstream,"('Aozora no Rhapsody', 'Speed Training For SM Vol.2')"
273843,1306.6,0.9443,jumpstream,"('DMYK', 'Icy X')"
261452,1195.99,0.9441,jumpstream,"('Ramen Tabetai', 'Denpack Append')"
271819,1078.62,0.9435,jumpstream,"('Fangad Aven Korvring', 'hi19hi19 Pack 3 - Popcorn Blast JS Buttery Snack Filez')"
304365,1118.06,0.9434,jumpstream,"('Take a Hint', 'Sawasdee ET')"
287658,1117.02,0.9432,jumpstream,"('Morgenglut 2012', 'Moonsault Blaze Minipack 1')"
338677,910.38,0.9431,jumpstream,"('Gargoyle (Radio Edit)', 'KervilMosley minipack (le super koffee edition)')"
342659,855.0,0.9431,jumpstream,"('Mario Paint (Time Regression remix)', 'Fiery Stream Pack Vol.2')"
285744,1258.42,0.9429,jumpstream,"('Wild Ones', 'Mina Minimegapack 4')"
328448,1169.76,0.9426,jumpstream,"('AlphaOmega', 'Yolomania Vol. 4')"
314821,1466.87,0.9419,jumpstream,"('K.Y.A.F.A. (Kill You All Fucking Asshole)', 'The End')"
282055,1632.34,0.9417,jumpstream,"('The Poet And The Pendulum', 'Lofty Minipack 3')"
256696,1146.22,0.9413,jumpstream,"('Put Curse of You', ""Bunch of Files You Probably Don't Have 3"")"
273822,1141.97,0.941,jumpstream,"('Above The Winter Moonlight', 'Icy X')"
339889,1256.74,0.9408,jumpstream,"('How Do You Do', 'Cucktech')"
246641,1289.5,0.9407,jumpstream,"('TRICKL4SH 220', '10Dollar Dump Dump Revolutions 3')"
321868,1247.62,0.9407,jumpstream,"('Zephyranthes', 'timdam snackpack')"
290691,1102.89,0.9405,jumpstream,"('Shinsekai', 'Nuclear Blast JS Awesome Bomb Filez 4')"
290708,1154.94,0.9404,jumpstream,"('A Brief Odyssey In Time', 'Nuclear Blast JS Awesome Bomb Filez 3')"
253604,1340.94,0.9393,jumpstream,"('Shun no Shifudo o Ikashita Kare Fumi Paeria', 'Bad.End')"
283689,1143.34,0.9393,jumpstream,"('Pine Nut', 'Magicschool Arpia')"
291195,1081.49,0.9392,jumpstream,"('Innocent Tempest', ""naetsuka's Megapack Volume 2"")"
264802,1064.92,0.939,jumpstream,"('The Silence', 'Fennec Fantasy')"
299114,1564.97,0.9388,jumpstream,"('IVALTEK', 'Overloading Stamina Training Megapack S')"
290608,1137.46,0.9387,jumpstream,"('Be My Pet!', 'Nuclear Blast JS Awesome Bomb Filez 5')"
280699,1133.21,0.9386,jumpstream,"('Animal Panic Ensemble!', 'Jumpstream Peru 2')"
261843,1234.49,0.938,jumpstream,"(""A Reyvateil's Curse"", 'Dump Parade')"
290722,1103.24,0.9378,jumpstream,"('Valentine', 'Nuclear Blast JS Awesome Bomb Filez 3')"
322806,938.42,0.9375,jumpstream,"('Night of Knights', 'Untitled_unrevised')"
283078,1724.41,0.9373,jumpstream,"('iLLness LiLin', ""Lemon's Panty Shots 2 - Pantiless"")"
261400,979.85,0.9371,jumpstream,"('Here We Go!', 'D E N P A C K  D E F E N S E  F O R C E  2')"
336671,1015.78,0.937,jumpstream,"('Magic Night', 'Jumpstream Of Fighters Vol. 1')"
246646,1435.84,0.9369,jumpstream,"('Rumble Kung-fu Showdown', '10Dollar Dump Dump Revolutions 3')"
330259,1852.72,0.9367,jumpstream,"('Blue Zenith', 'WoAiNi.too')"
285765,1390.3,0.936,jumpstream,"('Eramaan Viimeinen', 'Mina Minimegapack 3')"
328776,1212.26,0.9358,jumpstream,"('Sigatrev', 'Yolomania Vol. 1')"
328565,1278.2,0.9355,jumpstream,"('Moonearth', 'Yolomania Vol. 3')"
328723,1000.23,0.935,jumpstream,"('Southern Cross', 'Yolomania Vol. 2')"
339168,1415.83,0.9348,jumpstream,"('Murderous True Millennium Queen', ""Xingyue's ETTERNA I"")"
285725,1433.25,0.9345,jumpstream,"('Addicted To Love', 'Mina Minimegapack 4')"
280771,993.3,0.9342,jumpstream,"('Loki', 'Solo Rulz Pack 4')"
271814,1045.18,0.9341,jumpstream,"('Return to Fire', 'hi19hi19 Pack 3 - Popcorn Blast JS Buttery Snack Filez')"
264797,1011.82,0.934,jumpstream,"('HYPNOTIK', 'Fennec Fantasy')"
307069,1199.89,0.9333,jumpstream,"('Los! Los! Los!', ""Skwid's Minipack 9 (Anchor Edition)"")"
285246,1231.08,0.9329,jumpstream,"('Cigra', 'Minty zFarts Pack 2')"
287633,1076.4,0.9328,jumpstream,"('LOVE & JOY', 'Moonsault Blaze Minipack 1')"
260712,1172.11,0.9322,jumpstream,"('HAVOX', ""'d"")"
285170,1049.73,0.9322,jumpstream,"('DataErr0r', 'Neon Club Handstream')"
290584,917.85,0.9317,jumpstream,"('Revival of Kalpa', 'Nuclear Blast JS Awesome Bomb Filez 5')"
288916,1227.37,0.9315,jumpstream,"('Die Winnipeg Die Die Die Fuckers Die', 'ODIPack3')"
290755,1217.13,0.9309,jumpstream,"('Chipstream', 'Nuclear Blast JS Awesome Bomb Filez 2')"
336668,1008.27,0.9309,jumpstream,"('Memories of You', 'Jumpstream Of Fighters Vol. 1')"
323299,1113.71,0.9307,jumpstream,"('Falling On Deaf Ears', 'Valedumps 2')"
328707,1102.27,0.9304,jumpstream,"('Calamity Fortune', 'Yolomania Vol. 2')"
271812,836.6,0.9301,jumpstream,"('Second Fear -Another Descendant-', 'hi19hi19 Pack 3 - Popcorn Blast JS Buttery Snack Filez')"
246658,1260.78,0.9298,jumpstream,"('Gimme! Revolution', '10Dollar Dump Dump Revolutions 2')"
322939,1043.63,0.9296,jumpstream,"('VANGUARD-1', 'Untitled Etterna Pack')"
336655,1120.21,0.9295,jumpstream,"('KRAKEN', 'Jumpstream Of Fighters Vol. 1')"
273387,1175.06,0.9293,jumpstream,"('Gateway To Psycho', 'Initial J First Stage')"
271816,1044.83,0.9292,jumpstream,"('Aggressor', 'hi19hi19 Pack 3 - Popcorn Blast JS Buttery Snack Filez')"
290748,1221.55,0.9292,jumpstream,"('Snow Goose', 'Nuclear Blast JS Awesome Bomb Filez 2')"
281048,1254.16,0.9291,jumpstream,"('Dumpstream', ""Kommisar's Kawaii Desu Pack"")"
328768,1176.0,0.929,jumpstream,"('Goretrance 3', 'Yolomania Vol. 1')"
317064,870.59,0.9287,jumpstream,"('Runkkasin Juhannuskokkoon (summerdance)', 'Suomi 100.5')"
322808,1038.8,0.9278,jumpstream,"('Higan Retour -idling mix-', 'Untitled_unrevised')"
363444,1023.57,0.9267,jumpstream,"('K.O.K.O.R.O', 'Overloading Stamina Training Megapack SS')"
259061,1112.14,0.9263,jumpstream,"('One More Lovely', 'Community Keyboard Megapack - Volume 3 (The Lost Steps)')"
290752,1493.49,0.9256,jumpstream,"('Comsten', 'Nuclear Blast JS Awesome Bomb Filez 2')"
329147,937.55,0.9255,jumpstream,"('SHKOLA NE NUZHNA', 'xXxRUSSIAxXx')"
260718,871.63,0.925,jumpstream,"('Popsicle Beach', ""'d"")"
251936,1520.12,0.9249,jumpstream,"('FUNKY SUMMER BITCH', ""ATTang's Bad Files"")"
328505,1403.62,0.9249,jumpstream,"('Cruciform Dachshund', 'Yolomania Vol. 4')"
290659,1220.9,0.9245,jumpstream,"('Blinded By Fear', 'Nuclear Blast JS Awesome Bomb Filez 4')"
250540,1239.81,0.9243,jumpstream,"('chase', 'Anime Sucks Ass 2')"
300994,1385.59,0.9241,jumpstream,"('Co ty mi dasz (Biesiadny Hardstyle Remix)', 'Pachka Dampov (Suka Blyat Ed)')"
332798,1395.75,0.9236,jumpstream,"('STRONG 280', '(^^) ChordJack Collection 2')"
285214,902.09,0.9231,jumpstream,"('Exciting Hyper Highspeed Star', 'Minty zFarts Pack 2')"
264819,1070.68,0.9228,jumpstream,"('Moonlight Shadow (Nightcore remix)', 'Fennec Fantasy')"
328586,1261.0,0.9225,jumpstream,"('DISCHARGE RUSH', 'Yolomania Vol. 3')"
321826,1492.8,0.9221,jumpstream,"('toromi hearts 2', 'Timdam Snackpack 2')"
300121,1256.22,0.922,jumpstream,"('666 Flags', 'pink void')"
280687,933.9,0.9212,jumpstream,"('Xepher', 'Jumpstream Perú')"
268259,1442.47,0.9211,jumpstream,"('ゼフィランサス', 'Fullerene Shift')"
290669,1075.62,0.9204,jumpstream,"('Moonlight Equilibrium', 'Nuclear Blast JS Awesome Bomb Filez 4')"
317130,1249.72,0.9204,jumpstream,"('Multiversumin huipentuma', 'Suomi 100.5')"
328490,1633.14,0.9203,jumpstream,"('Tomato Leaf Breaks', 'Yolomania Vol. 4')"
253614,1388.02,0.9197,jumpstream,"('True Blue', 'Bad.End')"
324126,811.09,0.9196,jumpstream,"('RTCMON', 'VSRG Charting Minipack 1')"
269215,1613.31,0.9192,jumpstream,"('Blue Planet', 'Hard Songs Megapack Volume 2')"
280758,1018.76,0.9192,jumpstream,"('BLASTBURN', 'Jumpstream Of Fighters Vol. 2')"
321761,1232.92,0.9192,jumpstream,"('Firefly City (Short edit)', 'Timdam Snackpack 2')"
251911,1604.35,0.919,jumpstream,"('black bullet', 'ATTangs Dumpmix')"
330209,1335.58,0.9183,jumpstream,"('White Rabbit', 'WoAiNi.too')"
339163,1315.87,0.9181,jumpstream,"('Glorious Days', ""Xingyue's ETTERNA I"")"
328720,993.75,0.918,jumpstream,"('Air Heroes', 'Yolomania Vol. 2')"
328899,1356.69,0.9179,jumpstream,"('Chase', 'xXxRUSSIAxXx 3')"
285198,1214.57,0.9176,jumpstream,"('にこぷり♡女子道', 'Miracle Streamz')"
256871,1011.75,0.9168,jumpstream,"('Necrofantasia', ""Bunch of Files You Probably Don't Have 2"")"
313852,1607.12,0.9168,jumpstream,"('廿', 'Stepocalypse Set 1 - Tiers')"
268284,931.08,0.9162,jumpstream,"('Electric Butterfly', 'Fullerene Shift')"
301856,1406.46,0.9154,jumpstream,"('sink to the deep sea world', ""Restia's Restroom 21"")"
246625,1245.05,0.9153,jumpstream,"('Tsugihagi Construction 2012', '10Dollar Dump Dump Revolutions 3')"
328599,1304.06,0.9151,jumpstream,"('Aranjuez (Mon Amour)', 'Yolomania Vol. 3')"
264790,1192.21,0.915,jumpstream,"('The Mutilation of Christ', 'Fennec Fantasy')"
280773,1030.11,0.915,jumpstream,"('Happico Happico', 'Solo Rulz Pack 4')"
290747,1034.44,0.915,jumpstream,"('Ice Candy Pop', 'Nuclear Blast JS Awesome Bomb Filez 2')"
272350,1183.24,0.9143,jumpstream,"('Adrenaline Pumper', 'Hard Songs Megapack Volume 11')"
285755,1319.7,0.9137,jumpstream,"('All-Powerful Trixie', 'Mina Minimegapack 3')"
290692,1163.21,0.9134,jumpstream,"('Battle with Rival -Speed Metal Arrange-', 'Nuclear Blast JS Awesome Bomb Filez 4')"
290597,1043.75,0.9133,jumpstream,"('Nisemono Chuuihou', 'Nuclear Blast JS Awesome Bomb Filez 5')"
290667,1192.36,0.9129,jumpstream,"('Facebreaker', 'Nuclear Blast JS Awesome Bomb Filez 4')"
328452,886.42,0.9116,jumpstream,"('Porta Vista', 'Yolomania Vol. 4')"
268283,1195.17,0.9115,jumpstream,"('Mario Paint (Time Regression Mix for BMS) [D-NORMAL]', 'Fullerene Shift')"
268250,1204.34,0.9114,jumpstream,"('Just Hold on (To All Fighters)', 'Fullerene Shift')"
338961,1356.93,0.9111,jumpstream,"('Angel Of Darkness (Nightcore Mix)', 'Polarin Pack 4')"
328468,1033.63,0.9106,jumpstream,"('Gimme! Gimme! Gimme!', 'Yolomania Vol. 4')"
280787,1261.11,0.9103,jumpstream,"('Circus Galop', 'Solo Rulz Pack 4')"
264179,1006.8,0.9097,jumpstream,"('Aci-L', 'Elexon')"
285798,1621.07,0.9096,jumpstream,"('Apetenodytes Disco Type.4.0', 'Mina Minimegapack')"
321766,1191.95,0.9093,jumpstream,"('Re End of a Dream', 'Timdam Snackpack 2')"
290696,1294.26,0.9091,jumpstream,"('Woah Nigga Damn', 'Nuclear Blast JS Awesome Bomb Filez 4')"
260736,1193.93,0.9083,jumpstream,"('Infinite of Nuclear Fusion', ""'d"")"
290776,1058.66,0.9063,jumpstream,"('Altitude', 'Nuclear Blast 1.11')"
328559,990.05,0.9063,jumpstream,"('After School NAVIGATORS', 'Yolomania Vol. 3')"
251889,1172.75,0.9051,jumpstream,"('Taiyoui Waku Moeyo Kaosu', 'ATTangs Dumpmix')"
249347,1203.35,0.905,jumpstream,"('Amnehilesie', 'Acerola')"
255703,1062.27,0.9049,jumpstream,"('Better Off Alone', 'Certified Hood Classics')"
280738,965.61,0.9048,jumpstream,"('Rainbow (P*Light Remix)', 'Jumpstream Of Fighters Vol. 2')"
342376,1229.73,0.9041,jumpstream,"('The Devil Plays Dance Games', 'April Singles')"
268261,1497.14,0.904,jumpstream,"('G e n g a o z o', 'Fullerene Shift')"
286078,1111.38,0.9037,jumpstream,"('This Calling', ""MetzgerSM's S.E.X. Guitar Pack"")"
315205,1254.12,0.9032,jumpstream,"('I am Number one! Patra-chan-sama', 'TESTOPACK')"
290709,1263.72,0.9029,jumpstream,"('Whazamup', 'Nuclear Blast JS Awesome Bomb Filez 3')"
251929,1631.49,0.9018,jumpstream,"('Imperishable Night 2006 for JumpTrill', ""ATTang's Bad Files"")"
328460,1190.11,0.9017,jumpstream,"('Extrasolar', 'Yolomania Vol. 4')"
328615,897.13,0.9017,jumpstream,"('I want You', 'Yolomania Vol. 3')"
328731,1423.38,0.9011,jumpstream,"('bitch i look like goku', 'Yolomania Vol. 1')"
265889,1126.91,0.901,jumpstream,"('Feel Anymore', 'FFR Partyy Pack Vol. 1')"
264483,1017.54,0.9009,jumpstream,"('悪霊さん いらっしゃい!!', 'Etterna Explosion Excitepack')"
285721,1247.76,0.9006,jumpstream,"('Summertime Sadness', 'Mina Minimegapack 4')"
328567,1033.18,0.9,jumpstream,"('Caelumize', 'Yolomania Vol. 3')"
310325,1746.76,0.8992,jumpstream,"('MONSTER', 'Speed Training For SM Vol.3')"
307171,1367.36,0.8987,jumpstream,"('LOVELY BOMB', ""Skwid's Minipack 3 (Metamemes And More Anime Edition)"")"
329084,985.61,0.8975,jumpstream,"('Gold Dust', 'xXxRUSSIAxXx 2')"
322811,999.75,0.8974,jumpstream,"('Inferno', 'Untitled_unrevised')"
290645,1009.01,0.8973,jumpstream,"('Arcanum Guardian', 'Nuclear Blast JS Awesome Bomb Filez 5')"
321828,1282.61,0.8963,jumpstream,"('PLANET SHAPER', 'timdam snackpack')"
280812,818.32,0.8955,jumpstream,"('Game Time', 'Nuclear Blast JS Awesome Bomb Filez 4')"
328647,959.85,0.8954,jumpstream,"('Rising Hope', 'Yolomania Vol. 3')"
290750,1118.5,0.8945,jumpstream,"('Blockbuster', 'Nuclear Blast JS Awesome Bomb Filez 2')"
288994,1131.65,0.8934,jumpstream,"('Ehhen Doyadosu? Tengujiman', 'ODIPack3')"
246671,1160.34,0.893,jumpstream,"('Flashes', '10Dollar Dump Dump Revolutions 2')"
328566,1158.45,0.8927,jumpstream,"('Suupaa Nukowaarudo', 'Yolomania Vol. 3')"
290668,1223.93,0.8924,jumpstream,"('We Write At Two Five Five', 'Nuclear Blast JS Awesome Bomb Filez 4')"
280739,1063.98,0.892,jumpstream,"('Bon de Nyaago', 'Jumpstream Of Fighters Vol. 2')"
248283,1158.08,0.8911,jumpstream,"('St. Scarhand', '98 Solo Files')"
246656,1518.17,0.8901,jumpstream,"('syukusai no elementalia -claiar-', '10Dollar Dump Dump Revolutions 2')"
290679,924.09,0.8899,jumpstream,"('ALL MY TURN', 'Nuclear Blast JS Awesome Bomb Filez 4')"
290580,1271.81,0.8896,jumpstream,"('Jomanda', 'Nuclear Blast JS Awesome Bomb Filez 5')"
264811,1100.5,0.8894,jumpstream,"('Devilz Staircase', 'Fennec Fantasy')"
273808,1109.76,0.8885,jumpstream,"('Holy Thunderforce', 'Icy X')"
290739,922.5,0.8881,jumpstream,"('Little Nappy', 'Nuclear Blast JS Awesome Bomb Filez 3')"
324119,880.82,0.8874,jumpstream,"('Valedict', 'VSRG Charting Minipack 1')"
269462,802.51,0.887,jumpstream,"('Excel Saga', 'hard shit 2')"
285723,1044.36,0.8868,jumpstream,"('Slipping Away', 'Mina Minimegapack 4')"
271690,1341.43,0.8867,jumpstream,"('FUTURE DOMINATORS', 'hi19hi19 Pack 5 - Streams and Memes')"
328673,934.32,0.8857,jumpstream,"('Time Bomb', 'Yolomania Vol. 2')"
251788,1351.07,0.8856,jumpstream,"('[Extra] Abyss Of The Darkness', 'Autotelic Jacks')"
270313,1825.88,0.8847,jumpstream,"('Candy Crisis!!', 'Grape Cola 2')"
333528,891.76,0.8825,jumpstream,"('220 - Kumano', '#774 Etterna Explosion Excitepack')"
251667,1018.47,0.8823,jumpstream,"('ametsuchi', 'Azure')"
310352,1193.33,0.8813,jumpstream,"('Outbreaker', 'Speed Training For SM Vol.2')"
264835,1176.26,0.8797,jumpstream,"('Cyber Thunder Cider', 'Fennec Fallacy')"
290694,1025.03,0.8785,jumpstream,"('Silver Wind', 'Nuclear Blast JS Awesome Bomb Filez 4')"
318588,908.83,0.8767,jumpstream,"('Sun Valley (K2 Remix)', 'Treatpack 1')"
290761,1120.04,0.8766,jumpstream,"('Light Emitting Diode X', 'Nuclear Blast JS Awesome Bomb Filez')"
290656,1125.09,0.8756,jumpstream,"('Fuchinkan Candy', 'Nuclear Blast JS Awesome Bomb Filez 4')"
328806,1649.93,0.8744,jumpstream,"('reunion', 'Yolo Dumps 1')"
285297,1369.32,0.8724,jumpstream,"('what fox saying me... not cool!', 'Minty zFarts Pack 1')"
264809,1217.87,0.8722,jumpstream,"('Glucagon', 'Fennec Fantasy')"
251674,1235.72,0.8713,jumpstream,"('again & again', 'Azure')"
264670,927.86,0.8708,jumpstream,"('チカっとチカ千花っ♡', 'Etterna Explosion Excitepack')"
283730,1172.11,0.867,jumpstream,"('I', 'Magicschool Arpia')"
316742,1430.67,0.8619,jumpstream,"('HARD RENAISSAMBA MASTER -SATOH-', 'Super Polska Chordjack #1')"
283729,1227.99,0.8609,jumpstream,"('only my railgun', 'Magicschool Arpia')"
301172,1027.97,0.8591,jumpstream,"('Blood teller', 'RARS')"
283243,725.25,0.8586,jumpstream,"('176 - ikazuchi', 'LEINISM')"
328751,1046.61,0.8572,jumpstream,"('Brainfog', 'Yolomania Vol. 1')"
283193,1112.03,0.8528,jumpstream,"('Drum Nation (Zekk Edit)', ""Lemon's Fruit Snacks"")"
261842,1381.36,0.8502,jumpstream,"('Mulatto Butts', 'Dump Parade')"
290744,1257.73,0.8484,jumpstream,"('Lamerina', 'Nuclear Blast JS Awesome Bomb Filez 2')"
258788,939.7,0.847,jumpstream,"('ReI', 'Compulsive Chordjack Collection')"
271699,895.22,0.8427,jumpstream,"('Brain Power', 'hi19hi19 Pack 5 - Streams and Memes')"
328539,1116.56,0.8414,jumpstream,"('BLACK or WHITE?', 'Yolomania Vol. 3')"
259409,1386.99,0.8347,jumpstream,"('Made of Fire', 'Compulsive Chordjack Collection 2')"
273852,1128.63,0.8345,jumpstream,"('[1-6] Stop! Thief!', 'IcyWorld MiniPack 2')"
269249,1451.02,0.8207,jumpstream,"('Aztec Templing', 'Hard Songs Megapack Volume 2')"
264806,1425.75,0.8143,jumpstream,"('DQ3 Battle', 'Fennec Fantasy')"
252561,1488.05,0.8132,jumpstream,"('Terminal Strike', 'Areicia Training Pack')"
258847,1128.59,0.8131,jumpstream,"('Gurenge(TV SIZE)', 'Compulsive Chordjack Collection')"
261607,1349.2,0.8131,jumpstream,"('K.Y.A.F.A. (Kill You All Fucking Asshole)', 'Dingles Finale')"
285166,1313.69,0.8057,jumpstream,"('硬核機動', 'Miracle Streamz')"
290666,1282.03,0.8041,jumpstream,"('Petit Prelude Perime', 'Nuclear Blast JS Awesome Bomb Filez 4')"
316739,1451.79,0.8013,jumpstream,"('Brawl Breaks', 'Super Polska Chordjack #1')"
333529,916.26,0.8,jumpstream,"('220 - Kumano', '#774 Etterna Explosion Excitepack')"
317505,453.29,0.796,jumpstream,"('Happy H. Christmas', 'Stepping Stones 4')"
283759,671.22,0.7827,jumpstream,"('Prism', 'Magicschool Arpia')"
318503,1207.29,0.7729,jumpstream,"('stepmania_2019-09-07_16-24-14', 'The leftovers 2')"
329062,893.53,0.7683,jumpstream,"('sanya hui sosi', 'xXxRUSSIAxXx 2')"
283706,883.01,0.7206,jumpstream,"('Shiawase Graffiti', 'Magicschool Arpia')"
341632,1043.3,1.1549,handstream,"('Hachigatsu no Yoru', 'This Could Have Been Your Pack')"
290782,1340.94,1.1005,handstream,"('The Apocalypse', 'Novice')"
343565,1265.17,1.094,handstream,"('Nanairo Anniversary', 'Volvo Gaming Pack 3')"
285927,949.09,1.0906,handstream,"('Hills Have Eyes', ""midgy's cartography collection"")"
276940,1661.05,1.0836,handstream,"('star sky', ""jj & dd 's bb"")"
355499,1738.25,1.0795,handstream,"('Zekkou no Majo', 'Al-cyaninE')"
340040,1817.03,1.0778,handstream,"('Dat Phonk', ""frawog's Shitfiles 2"")"
291265,1517.28,1.0771,handstream,"('穢れなき薔薇十字', ""naetsuka's Megapack"")"
338141,1516.68,1.0763,handstream,"('西海情歌抖音版', 'Fishsuki Dump Collection')"
299934,710.55,1.0756,handstream,"('Hot N Cold', 'Poptronic')"
342655,1309.66,1.0749,handstream,"('Night Club Junkie', 'Fiery Stream Pack Vol.2')"
344112,1367.99,1.0745,handstream,"('No One Escapes Trucks', 'Al Toke Collaboration Pack 2')"
291239,1187.01,1.0734,handstream,"('地獄ポップス (feat. 鏡音リン)', ""naetsuka's Megapack"")"
338768,1086.35,1.0732,handstream,"('Kirakuni', ""RAR's Compressed Pack 0"")"
299128,1227.35,1.0718,handstream,"('Embraced by the Flame', ""Rachel's Rabifiles 2"")"
290865,1637.51,1.0705,handstream,"('White Hair Little Swords Girl', 'Nostealpack')"
333348,1493.08,1.0688,handstream,"('月蝕オラトリオ', '#774 Etterna Explosion Excitepack')"
351767,1318.31,1.0672,handstream,"('magnetic (Cut Ver.)', 'Polarin Pack 6')"
333525,1553.86,1.0664,handstream,"('透靈華', '#774 Etterna Explosion Excitepack')"
309088,1960.98,1.0643,handstream,"('Nijuu', 'SMOC EXTRA')"
308898,1306.25,1.064,handstream,"('Tengaku', 'SMOC EXTRA')"
338576,1063.45,1.0639,handstream,"('ナミカレ', ""naetsuka's Megapack Volume 5"")"
291270,959.14,1.0638,handstream,"('Shiny Smily Story', ""naetsuka's Megapack"")"
304403,986.28,1.0634,handstream,"('The Glory Days', 'Sawasdee ET')"
339535,1404.7,1.0628,handstream,"('Death Melody', ""Amei's Handstream Collection 3"")"
291196,1173.4,1.0622,handstream,"('AMIDA', ""naetsuka's Megapack Volume 2"")"
299173,1478.37,1.0614,handstream,"('Yuudachi no Ribbon', ""Rachel's Rabifiles"")"
339500,1017.65,1.0609,handstream,"('MTC', ""Amei's Handstream Collection 1"")"
343560,1046.96,1.0604,handstream,"('Lionheart', 'Volvo Gaming Pack 3')"
339167,1536.81,1.0589,handstream,"('Kakumo Yuubi na Hi to Narite', ""Xingyue's ETTERNA I"")"
339538,1377.73,1.0576,handstream,"('magnetic', ""Amei's Handstream Collection 3"")"
285178,1228.33,1.0571,handstream,"('Ascension to Heaven', 'Miracle Streamz')"
329076,1124.17,1.0571,handstream,"('The moment of pleasure', 'xXxRUSSIAxXx 2')"
339529,1389.26,1.0562,handstream,"('FORBIDDEN', ""Amei's Handstream Collection 3"")"
299372,1032.99,1.0559,handstream,"('Bocchi the Core!', 'Public Bathroom Amazing Files')"
291278,1320.12,1.0541,handstream,"('アレグラ (feat. 鏡音リン)', ""naetsuka's Megapack"")"
299151,1539.04,1.0533,handstream,"('穢れなき薔薇十字', ""Rachel's Rabifiles 2"")"
299152,1646.09,1.053,handstream,"('MEGALOMANIA', ""Rachel's Rabifiles 2"")"
338558,1198.78,1.0527,handstream,"('終点の先が在るとするならば。', ""naetsuka's Megapack Volume 5"")"
310276,1053.27,1.0518,handstream,"('Heartfelt Fancy ~ Prie a Dieu', 'Speed Training For SM Volume 4')"
344256,1222.14,1.0515,handstream,"('Isolation', 'Prosaic Hard Chart Pack')"
338553,1213.35,1.0506,handstream,"('閃光のフレア', ""naetsuka's Megapack Volume 5"")"
339293,1413.47,1.05,handstream,"('H.A.R.D.C.O.R.E.', 'Grape Cola 3')"
247539,1142.64,1.0496,handstream,"(""Exit This Earth's Atomosphere"", 'Abrupt Telephone Marketing')"
350247,1205.9,1.0494,handstream,"('H.A.R.D.C.O.R.E. (Cut Ver.)', 'Stamina Nightmare')"
338867,1352.82,1.0493,handstream,"('Oh delia', 'Polarin Pack 3')"
329638,1443.37,1.0488,handstream,"('The Final Stand', ""Xingyue's ETTERNA IV"")"
338696,1098.62,1.0484,handstream,"('Tongue Twister', 'Polarin Pack 5')"
315421,1726.96,1.048,handstream,"('[Final] SILENT DESERT', ""Tera's Megapack vol.2"")"
339332,1838.42,1.0477,handstream,"('No time to die', 'Grape Cola 3')"
309051,1162.9,1.0472,handstream,"('Gate Openerz', 'SMOC EXTRA')"
308974,1132.03,1.0471,handstream,"('Seishun Liner', 'SMOC EXTRA')"
333338,1514.54,1.0467,handstream,"('Fake.Fake.Fake', '#774 Etterna Explosion Excitepack')"
350736,1434.7,1.0466,handstream,"('crossing blue', 'Bless You')"
292244,1445.4,1.0459,handstream,"('死亡旋律[Death Melody]', 'MUG DREAMS')"
309170,1194.9,1.0452,handstream,"('C204', 'SMOC EXTRA')"
350728,1268.12,1.0451,handstream,"('SUNSHINE COASTLINE', 'Bless You')"
333512,1049.51,1.0445,handstream,"('Ophelia', '#774 Etterna Explosion Excitepack')"
308997,1513.21,1.0442,handstream,"('Sin Takarajima', 'SMOC EXTRA')"
338449,1153.01,1.0438,handstream,"('修羅ノ庭', ""naetsuka's Megapack Volume 3"")"
291243,1344.72,1.0437,handstream,"('飄える翼追い掛けて', ""naetsuka's Megapack"")"
271823,1251.56,1.0429,handstream,"('Breath After Breath', 'hi19hi19 Pack 3 - Popcorn Blast JS Buttery Snack Filez')"
310294,1478.61,1.0429,handstream,"('Magia', 'Speed Training For SM Volume 4')"
333486,997.04,1.0429,handstream,"('メンタルチェンソー', '#774 Etterna Explosion Excitepack')"
297434,1292.3,1.0427,handstream,"('DEAD END', 'Overcome CV Package4')"
338511,1480.46,1.0424,handstream,"('センダンライフ (かたぎり Bootleg)', ""naetsuka's Megapack Volume 4"")"
314826,1442.25,1.0393,handstream,"('Shinbatsu o Tadori Kyo Kotsu ni Itaru', 'The End')"
342665,1106.67,1.0387,handstream,"(""Exit This Earth's Atomosphere (Camellia Remix)"", 'Fiery Stream Pack Vol.2')"
328076,1420.71,1.0377,handstream,"('Phosphor', 'Z.Speed Training For SM Vol.1')"
291255,1392.69,1.0375,handstream,"('Lazorbeamz', ""naetsuka's Megapack"")"
291260,1314.58,1.0372,handstream,"('Dr. Strangememe', ""naetsuka's Megapack"")"
299086,1218.5,1.037,handstream,"('Vertex BETA', 'Overloading Stamina Training Megapack S')"
310310,1201.0,1.037,handstream,"('Innocent Riddle', 'Speed Training For SM Volume 4')"
363430,1257.54,1.037,handstream,"('NS22', 'Overloading Stamina Training Megapack SS')"
333394,1328.64,1.0365,handstream,"('繰り返し一粒', '#774 Etterna Explosion Excitepack')"
330237,1576.09,1.0364,handstream,"('穢れなき薔薇十字', 'WoAiNi.too')"
299125,1373.12,1.0363,handstream,"('Kegare Naki Yume', ""Rachel's Rabifiles 2"")"
339515,1138.72,1.0363,handstream,"('Cheatreal', ""Amei's Handstream Collection 2"")"
304360,1182.29,1.0362,handstream,"('Love is War', 'Sawasdee ET')"
339537,1300.02,1.036,handstream,"('Acquaintance', ""Amei's Handstream Collection 3"")"
304364,1057.99,1.0357,handstream,"('Teo', 'Sawasdee ET')"
338441,1126.29,1.0355,handstream,"('lμv zukkyun', ""naetsuka's Megapack Volume 3"")"
338572,1198.91,1.0355,handstream,"('イグハラ', ""naetsuka's Megapack Volume 5"")"
338559,1427.74,1.035,handstream,"('RAINBOW GIRL (かたぎり Bootleg)', ""naetsuka's Megapack Volume 5"")"
342672,1427.8,1.035,handstream,"('Palette GAMMA', 'Fiery Stream Pack Vol.2')"
342678,1145.12,1.0349,handstream,"('Fukashigi no Karte (K@keru Bootleg Remix)', 'Fiery Stream Pack Vol.2')"
333503,995.73,1.0347,handstream,"('チェチェ・チェック・ワンツー！', '#774 Etterna Explosion Excitepack')"
291280,1168.45,1.0346,handstream,"(""Heaven's Fall"", ""naetsuka's Megapack"")"
310341,1490.47,1.0343,handstream,"('LUVORATORRRRRY!', 'Speed Training For SM Vol.3')"
260220,1253.8,1.0341,handstream,"('WE LUV LAMA', ""DD & JJ 'S BB"")"
290606,1132.31,1.033,handstream,"('The Power of Underground', 'Nuclear Blast JS Awesome Bomb Filez 5')"
310301,1395.43,1.0328,handstream,"('FREEDOM DiVE', 'Speed Training For SM Volume 4')"
299933,925.15,1.0323,handstream,"('Blinding Lights', 'Poptronic')"
310362,1508.08,1.0322,handstream,"('Do I Smile?', 'Speed Training For SM Vol.2')"
333418,1474.92,1.0322,handstream,"('センダンライフ (かたぎり Bootleg)', '#774 Etterna Explosion Excitepack')"
310306,1470.42,1.0318,handstream,"('Satori De Pon!', 'Speed Training For SM Volume 4')"
342805,1252.94,1.0315,handstream,"('Everything Black (FEAT. RATIRL)', 'interesting files i found in my discord dms')"
339387,1452.87,1.0306,handstream,"('夜に駆ける', 'Grape Cola 3')"
308882,1187.0,1.0305,handstream,"('Nanamori', 'SMOC EXTRA')"
338430,1145.44,1.0305,handstream,"('イカサマライフゲイム', ""naetsuka's Megapack Volume 3"")"
299014,980.85,1.0304,handstream,"('Hack the Planet', 'Overloading Stamina Training Megapack SSS')"
291203,1592.4,1.0303,handstream,"('Spontaneous Combustion', ""naetsuka's Megapack Volume 2"")"
296581,1040.03,1.0303,handstream,"('夜に駆ける', 'Overcome CV Package2')"
310305,1572.25,1.0301,handstream,"('Cartoon Candy', 'Speed Training For SM Volume 4')"
338556,1072.87,1.0298,handstream,"('デモーニッシュ', ""naetsuka's Megapack Volume 5"")"
328958,1204.42,1.0297,handstream,"('ROCK-PAPER-SCISSORS', 'xXxRUSSIAxXx 3')"
298992,1150.27,1.0294,handstream,"('Promethium', 'Overloading Stamina Training Megapack SSS')"
339503,1065.82,1.0294,handstream,"('Teo', ""Amei's Handstream Collection 1"")"
338426,1443.53,1.0286,handstream,"('Lolit Speed', ""naetsuka's Megapack Volume 3"")"
315398,1315.22,1.0283,handstream,"('Aura -白の少女-', ""Tera's Megapack volume 1"")"
310297,1038.43,1.0282,handstream,"('Palette', 'Speed Training For SM Volume 4')"
310290,1724.62,1.0279,handstream,"('Kyuusei Argyros', 'Speed Training For SM Volume 4')"
333459,823.67,1.0279,handstream,"('Freestylo (Hardstyle Remix)', '#774 Etterna Explosion Excitepack')"
291194,1413.09,1.0274,handstream,"('工･/ｩ″ィ ≠ｬッ├ ｩォ─勹', ""naetsuka's Megapack Volume 2"")"
308893,1567.82,1.0274,handstream,"('Fake.Fake.Fake', 'SMOC EXTRA')"
310271,1357.9,1.0271,handstream,"('Yuudachi No Ribbon', 'Speed Training For SM Volume 4')"
329869,1130.89,1.0271,handstream,"('If I Could Have Stamina', ""XingRen's Megapack vol.2"")"
253601,1487.02,1.027,handstream,"('The Hypocrisy', 'Bad.End')"
310348,1307.31,1.027,handstream,"('Uchouten Vivace', 'Speed Training For SM Vol.3')"
333346,1002.45,1.0268,handstream,"('Why We Lose', '#774 Etterna Explosion Excitepack')"
354011,1068.15,1.0265,handstream,"('If I Could Be You', ""XingRen's Megapack vol.1"")"
290972,1191.76,1.0264,handstream,"('Love is War', 'Nixo pack 0')"
333343,993.67,1.0264,handstream,"('画面の中の君が好き', '#774 Etterna Explosion Excitepack')"
291215,1277.43,1.0258,handstream,"('真っ白な靴', ""naetsuka's Megapack Volume 2"")"
291261,1110.66,1.0257,handstream,"('あっちでこっちで', ""naetsuka's Megapack"")"
333316,1039.64,1.0257,handstream,"('完全放棄宣言', '#774 Etterna Explosion Excitepack')"
276991,1736.15,1.0254,handstream,"('Onyx Veil -忘却の闇-', ""jj & dd 's bb"")"
340047,1637.68,1.0254,handstream,"('Shiawase (VIP)', ""frawog's Shitfiles 2"")"
310298,1757.16,1.025,handstream,"('The Violation', 'Speed Training For SM Volume 4')"
310279,1466.62,1.0249,handstream,"('Milk Crown on Sonnetica', 'Speed Training For SM Volume 4')"
342635,1584.86,1.0244,handstream,"(""Eve's Warning"", 'Fiery Stream Pack Vol.1')"
309159,1201.48,1.0242,handstream,"('Back to the Gate', 'SMOC EXTRA')"
309334,1404.52,1.0236,handstream,"('Lemming Ming', 'SMOC EXTRA')"
329595,1189.35,1.0232,handstream,"('Serment', ""Xingyue's ETTERNA V"")"
260202,1185.36,1.0229,handstream,"(""Putin's Boner"", ""DD & JJ 'S BB"")"
338705,1165.15,1.0227,handstream,"('My Heart Will Go On', 'Polarin Pack 5')"
339539,1350.53,1.0225,handstream,"(""Bangin' Burst"", ""Amei's Handstream Collection 3"")"
328583,976.53,1.0224,handstream,"('Silence A Prayer', 'Yolomania Vol. 3')"
338501,1289.05,1.0221,handstream,"('Souhait bleu', ""naetsuka's Megapack Volume 4"")"
353293,1591.2,1.0221,handstream,"('Triumphal Return', ""Tera's Megapack Volume 3"")"
310347,1356.42,1.0219,handstream,"('12 Little Fragments of Silence', 'Speed Training For SM Vol.3')"
339510,1046.18,1.0218,handstream,"('Aim Burst', ""Amei's Handstream Collection 1"")"
353058,1146.96,1.0212,handstream,"('Hot Pepperz', 'Kazye Minipack 2')"
285556,1472.87,1.0208,handstream,"('Satori de Pon!', 'MintApril Extents')"
333417,1056.76,1.0205,handstream,"('夜に駆ける', '#774 Etterna Explosion Excitepack')"
333458,1041.67,1.0205,handstream,"('一輪の花', '#774 Etterna Explosion Excitepack')"
290958,1152.59,1.0204,handstream,"('BLUE ARMY', 'Nixo pack 0')"
353252,1037.21,1.0204,handstream,"('Element of SPADA', ""Tera's Megapack Volume 3"")"
291275,1407.47,1.0203,handstream,"('失礼しますが、RIP♡ (t+pazolite Remix)', ""naetsuka's Megapack"")"
299130,1417.43,1.0202,handstream,"('蒼月オラトリオ', ""Rachel's Rabifiles 2"")"
310287,1534.04,1.02,handstream,"('ametsuchi', 'Speed Training For SM Volume 4')"
291125,843.08,1.0198,handstream,"('TEKKEN', 'Neon Club Handstream 2')"
338489,1311.54,1.0198,handstream,"('Amnéhilesie', ""naetsuka's Megapack Volume 4"")"
339534,1245.14,1.0194,handstream,"('#curtaincall', ""Amei's Handstream Collection 3"")"
308926,1530.6,1.0189,handstream,"('Mare Nectaris', 'SMOC EXTRA')"
342664,1148.11,1.0189,handstream,"('me and the guys in #general-vc at 3-33am', 'Fiery Stream Pack Vol.2')"
329648,1197.19,1.0187,handstream,"('Rocking Bye', ""Xingyue's ETTERNA II"")"
339499,1031.89,1.0187,handstream,"('World execute me', ""Amei's Handstream Collection 1"")"
258245,1252.79,1.0183,handstream,"('Katagiri Catch Ball', 'Club Penguin')"
290968,1112.22,1.0179,handstream,"('THE OTHERS', 'Nixo pack 0')"
291111,974.3,1.0176,handstream,"('Around the World (La La La La La) (Raindropz! Remix)', 'Neon Club Handstream 2')"
339507,1030.18,1.0173,handstream,"('Air', ""Amei's Handstream Collection 1"")"
333347,1015.21,1.017,handstream,"('メルヘル小惑星', '#774 Etterna Explosion Excitepack')"
333396,1288.97,1.0167,handstream,"('Elysian Joy', '#774 Etterna Explosion Excitepack')"
309303,1070.6,1.0165,handstream,"('Omega Rhythm', 'SMOC EXTRA')"
339509,1042.12,1.0164,handstream,"('Pure Ruby', ""Amei's Handstream Collection 1"")"
333450,1071.67,1.0162,handstream,"('Inner Universe(Hyphen Bootleg)', '#774 Etterna Explosion Excitepack')"
249992,1238.1,1.0161,handstream,"('Bad Dancecore', 'Al Toke Collaboration Pack')"
310316,1153.11,1.0152,handstream,"('Oyasumi', 'Speed Training For SM Volume 4')"
291128,797.67,1.0151,handstream,"('PARADISE', 'Neon Club Handstream 2')"
299006,1177.32,1.015,handstream,"('MISHIMA MECANICA', 'Overloading Stamina Training Megapack SSS')"
338508,1132.05,1.0146,handstream,"('言霊リフレイン (かたぎり Bootleg)', ""naetsuka's Megapack Volume 4"")"
338469,1231.12,1.0144,handstream,"('Mikumikunisiteageru siteyannyo', ""naetsuka's Megapack Volume 3"")"
298996,1020.54,1.0139,handstream,"('Shigure', 'Overloading Stamina Training Megapack SSS')"
333404,1434.55,1.0137,handstream,"('あの世行きのバスに乗ってさらば。', '#774 Etterna Explosion Excitepack')"
339004,1317.48,1.0136,handstream,"('Break', 'Polarin Pack 4')"
347480,1162.43,1.0134,handstream,"(""you can't hide (frenchcore)"", 'Vtcarnevale minipack 3')"
285562,1499.88,1.0129,handstream,"('Kegare Naki Bara Juuji', 'MintApril Extents')"
310311,1227.14,1.0122,handstream,"('Streaming Heart', 'Speed Training For SM Volume 4')"
310315,1542.82,1.0122,handstream,"('Japanese Transformation', 'Speed Training For SM Volume 4')"
333332,962.25,1.012,handstream,"('ステラ', '#774 Etterna Explosion Excitepack')"
329614,1125.1,1.0114,handstream,"('Usatei 2011', ""Xingyue's ETTERNA V"")"
333412,1149.15,1.0114,handstream,"('ときめきゆあはーと', '#774 Etterna Explosion Excitepack')"
350936,1088.5,1.0113,handstream,"('Legend of Genesis', 'APEX Extreme')"
290973,1351.11,1.0111,handstream,"('Caprice', 'Nixo pack 0')"
273823,1137.09,1.011,handstream,"('Twilight Of The Thunder God', 'Icy X')"
307410,1513.6,1.011,handstream,"('Slavik Goblins', ""Sizuka's Simfiles 2"")"
342668,1316.45,1.0105,handstream,"('Back! to the future', 'Fiery Stream Pack Vol.2')"
264583,1039.5,1.0103,handstream,"(""The Island (MaxNRG drum'n'bass remix)"", 'Etterna Explosion Excitepack')"
290568,1096.93,1.0101,handstream,"('Disconnected', 'Nuclear Blast JS Awesome Bomb Filez 5')"
253607,1373.75,1.01,handstream,"('No Running!!!', 'Bad.End')"
339171,1124.27,1.0099,handstream,"('Android Girl feat. Hatsune Miku', ""Xingyue's ETTERNA I"")"
329654,1392.28,1.0093,handstream,"('Black Rover', ""Xingyue's ETTERNA II"")"
304404,1034.79,1.0092,handstream,"('Tiny Little Adiantum [prod. thinking reported]', 'Sawasdee ET')"
363437,1143.31,1.0091,handstream,"('MAD INVADERZ', 'Overloading Stamina Training Megapack SS')"
339524,1098.23,1.0086,handstream,"('Disorder(feat. YURI)', ""Amei's Handstream Collection 2"")"
280707,1010.21,1.0084,handstream,"('Disconnected blue', 'Jumpstream Peru 2')"
317386,1193.97,1.0084,handstream,"('Rewrite Nightmare', 'STEP_PROJECT')"
338443,1358.85,1.008,handstream,"('泥の分際で私だけの大切を奪おうだなんて', ""naetsuka's Megapack Volume 3"")"
333322,1383.74,1.0076,handstream,"('Amnéhilesie', '#774 Etterna Explosion Excitepack')"
309270,1408.12,1.0071,handstream,"('YEAR OF THE BAD DRAGON', 'SMOC EXTRA')"
328895,1056.24,1.0061,handstream,"('Immortal', 'xXxRUSSIAxXx 3')"
290759,1329.57,1.0049,handstream,"('[5-STM] Oh Delia', 'Nuclear Blast JS Awesome Bomb Filez')"
258271,1313.15,1.0044,handstream,"('tinnitus', 'Club Penguin')"
353298,1595.76,1.0039,handstream,"('#curtaincall', ""Tera's Megapack Volume 3"")"
285154,931.02,1.0038,handstream,"('So Sweet Bitter Days', 'Miracle Streamz^2')"
291223,1380.36,1.0038,handstream,"('廾 ｨ コ ﾉヽ°ス', ""naetsuka's Megapack Volume 2"")"
291210,1307.57,1.0031,handstream,"('あの世行きのバスに乗ってさらば。', ""naetsuka's Megapack Volume 2"")"
328930,1138.15,1.0025,handstream,"('The Pretender', 'xXxRUSSIAxXx 3')"
333371,1222.01,1.0021,handstream,"('Photic Sneeze Reflex', '#774 Etterna Explosion Excitepack')"
343768,1501.96,1.0017,handstream,"('Sakazuki', 'Celeb Dumplings 2 (I Love My Friends Edition)')"
285175,1477.37,1.0014,handstream,"('Everlasting Message', 'Miracle Streamz')"
291119,1008.86,1.0014,handstream,"('Für Dich (Schleini Remix)', 'Neon Club Handstream 2')"
264649,1115.39,1.0012,handstream,"('ダンスロボットダンス', 'Etterna Explosion Excitepack')"
285141,1248.68,1.0011,handstream,"('Ωκεανος (xi Remix)', 'Miracle Streamz^2')"
285949,1138.59,1.001,handstream,"(""i'm gonna tell my therapist on you"", ""midgy's cartography collection"")"
299012,1147.63,1.0009,handstream,"('MOONEARTH', 'Overloading Stamina Training Megapack SSS')"
353249,1273.88,1.0009,handstream,"('Perfect Cherry Storm', ""Tera's Megapack Volume 3"")"
270355,1410.99,1.0004,handstream,"('More One Night (Assertive Hardcore Bootleg)', 'Grape Cola 2')"
299123,1601.6,1.0002,handstream,"('DaemonophobiA', ""Rachel's Rabifiles 2"")"
264661,1302.65,1.0,handstream,"('初めてガールズ! Ray', 'Etterna Explosion Excitepack')"
363453,1149.57,1.0,handstream,"('FUWANITY', 'Overloading Stamina Training Megapack SS')"
342676,1206.78,0.9996,handstream,"('BIKE', 'Fiery Stream Pack Vol.2')"
273807,1219.58,0.9993,handstream,"('The Fool', 'Icy X')"
310314,1163.62,0.9993,handstream,"('Back to the Gate', 'Speed Training For SM Volume 4')"
310355,1171.33,0.9992,handstream,"('Streaming Heart', 'Speed Training For SM Vol.2')"
270340,1084.66,0.9987,handstream,"('Better Off Dead', 'Grape Cola 2')"
264813,1090.18,0.9984,handstream,"('LEthAl wEApOn', 'Fennec Fantasy')"
310312,1197.17,0.9983,handstream,"('Cyber Inductance', 'Speed Training For SM Volume 4')"
273408,1085.24,0.9978,handstream,"('Fly Above (Ryu* Remix)', 'Initial J Extra Stage')"
290685,1174.08,0.9975,handstream,"('Gate Openerz', 'Nuclear Blast JS Awesome Bomb Filez 4')"
329628,1221.14,0.9974,handstream,"('far in the blue sky...', ""Xingyue's ETTERNA IV"")"
309025,1337.91,0.9969,handstream,"('Without Clownpiece', 'SMOC EXTRA')"
323170,988.76,0.9968,handstream,"('Ecifircas', 'Valedumps 3 (Route B)')"
328913,1181.98,0.9964,handstream,"('KLASSIKER DESTRUCTION', 'xXxRUSSIAxXx 3')"
247560,1122.67,0.9963,handstream,"('Fight for the CORE', 'Abrupt Telephone Marketing')"
264546,1040.83,0.9963,handstream,"('Over My Head', 'Etterna Explosion Excitepack')"
285167,975.39,0.9962,handstream,"('TABATHA', 'Miracle Streamz')"
350910,1333.83,0.9957,handstream,"('TRICKL4SH 220 (22,000 Power Extended)', 'APEX Extreme')"
261272,1111.99,0.9956,handstream,"('Tuturu Destruction', '#774 Etterna Explosion Excitepack')"
353987,1185.2,0.9956,handstream,"('beautiful loli thing', ""XingRen's Megapack vol.1"")"
308892,1290.21,0.9955,handstream,"('GREMLIN', 'SMOC EXTRA')"
310338,1526.82,0.9955,handstream,"('Last Liar Standing', 'Speed Training For SM Vol.3')"
290964,1544.31,0.9953,handstream,"('daddy can change', 'Nixo pack 0')"
264717,1071.81,0.9952,handstream,"('インパーフェクション', 'Etterna Explosion Excitepack')"
264524,1039.57,0.9951,handstream,"('Destiny', 'Etterna Explosion Excitepack')"
267731,1031.79,0.9948,handstream,"('[2-6] Herz an Herz', 'Rebound Dump Collection Megapack')"
254000,1215.19,0.9946,handstream,"('we came to gangbang', 'Boss Rush Mega Pack')"
270398,1180.93,0.9946,handstream,"('Knight Rider', 'Grape Cola')"
339502,1032.21,0.9944,handstream,"('Legend of Genesis', ""Amei's Handstream Collection 1"")"
333306,1258.39,0.9942,handstream,"('Happico Happico -mundanity-', '#774 Etterna Explosion Excitepack')"
273371,968.93,0.9941,handstream,"('PASSPORT TO DANCE', 'Initial J First Stage')"
328934,1230.76,0.9941,handstream,"('Fastest Crash', 'xXxRUSSIAxXx 3')"
329878,1091.21,0.9941,handstream,"('Take my hand', ""XingRen's Megapack vol.2"")"
331788,1317.4,0.9939,handstream,"('Polar 240', 'the Leftovers 3')"
357798,1203.82,0.9935,handstream,"('Anoko no Jinta(TAROLIN Remix)', ""Xingyue's ETTERNA III"")"
310364,1260.43,0.9929,handstream,"('Palette', 'Speed Training For SM Vol.2')"
350915,1391.82,0.9929,handstream,"('Canonloid -Memorandum-', 'APEX Extreme')"
333308,1185.48,0.9925,handstream,"('TWERK IT LIKE HEIAN ALIEN', '#774 Etterna Explosion Excitepack')"
333447,1151.02,0.9925,handstream,"('Odin', '#774 Etterna Explosion Excitepack')"
328901,1287.9,0.9924,handstream,"('Grievous Lady', 'xXxRUSSIAxXx 3')"
338442,1310.4,0.9922,handstream,"('うっせぇわ(Free Style Bootleg)', ""naetsuka's Megapack Volume 3"")"
353050,1079.54,0.9922,handstream,"('G.K.Surviver', 'Kazye Minipack 2')"
336660,1140.37,0.9919,handstream,"('Angelic Party', 'Jumpstream Of Fighters Vol. 1')"
329074,1116.45,0.9915,handstream,"('Quadraphinix (Extended Mix)', 'xXxRUSSIAxXx 2')"
329011,1162.13,0.9913,handstream,"('AO-Infinity', 'xXxRUSSIAxXx 3')"
353315,1543.52,0.9904,handstream,"('Blackmagik Blazing', ""Tera's Megapack Volume 3"")"
310292,1404.32,0.9897,handstream,"('Kitsune no Yomeiri', 'Speed Training For SM Volume 4')"
310351,1163.8,0.9893,handstream,"('GHOST', 'Speed Training For SM Vol.2')"
315424,1077.0,0.9893,handstream,"('Ange du Blanc Pur', ""Tera's Megapack vol.2"")"
257780,1058.31,0.9892,handstream,"('Asator', 'cesspool of ribal 4')"
317385,1036.09,0.9889,handstream,"('geso.tek', 'STEP_PROJECT')"
290727,1107.55,0.9884,handstream,"('Yoon', 'Nuclear Blast JS Awesome Bomb Filez 3')"
310274,1522.97,0.9884,handstream,"('Villain Virus', 'Speed Training For SM Volume 4')"
353286,1030.44,0.9884,handstream,"('反重力の街', ""Tera's Megapack Volume 3"")"
299144,1327.36,0.9879,handstream,"('End Of An Empire', ""Rachel's Rabifiles 2"")"
258047,1071.54,0.9875,handstream,"('Air', 'CN.ZK')"
310304,1227.07,0.9873,handstream,"('Yggdrasil', 'Speed Training For SM Volume 4')"
350920,1027.17,0.9873,handstream,"('Amatsu Kitsune', 'APEX Extreme')"
338422,1270.45,0.987,handstream,"('31ë©†®!© Åท6€1', ""naetsuka's Megapack Volume 3"")"
353059,996.77,0.9869,handstream,"('Super Lovely', 'Kazye Minipack 2')"
363439,1273.36,0.9869,handstream,"('CALLING SGNSN', 'Overloading Stamina Training Megapack SS')"
310293,1025.04,0.9865,handstream,"('Omega Rhythm', 'Speed Training For SM Volume 4')"
291121,798.21,0.9864,handstream,"('Everytime We Touch', 'Neon Club Handstream 2')"
264517,1256.44,0.985,handstream,"('Embraced by the Flame', 'Etterna Explosion Excitepack')"
256534,1249.94,0.9849,handstream,"('Tenku No Shiro Vuerieru', ""Bunch of Files You Probably Don't Have 4"")"
310313,1104.68,0.9844,handstream,"('AiAe', 'Speed Training For SM Volume 4')"
299037,1294.97,0.9837,handstream,"('無敵のSoldier', ""AZVW's 4 Key mini pack 4 -RENEWAL & COMPARISION-"")"
309185,1301.82,0.9837,handstream,"('Kamiari Algorithm', 'SMOC EXTRA')"
276932,1632.02,0.9833,handstream,"('Jashin no Konrei, Gi wa Ai to Shiru.', ""jj & dd 's bb"")"
270292,1359.04,0.9831,handstream,"('Choke', 'Grape Cola 2')"
329142,1329.21,0.9829,handstream,"('Quaerite Veritatis', 'xXxRUSSIAxXx')"
292527,1087.44,0.9828,handstream,"('Can You Say KanColle?', ""Moskas' Originals feat. PMC"")"
314828,1362.16,0.9824,handstream,"('Uta', 'The End')"
329618,1271.71,0.9819,handstream,"('Reason of Dance', ""Xingyue's ETTERNA IV"")"
273411,1104.77,0.9813,handstream,"('Love is War', 'Initial J Extra Stage')"
342640,1202.39,0.9809,handstream,"('BABY GIRL', 'Fiery Stream Pack Vol.1')"
310322,1133.68,0.9808,handstream,"('C18H27NO3', 'Speed Training For SM Vol.3')"
333523,1459.79,0.9807,handstream,"('Decoy', '#774 Etterna Explosion Excitepack')"
302682,1169.52,0.9804,handstream,"('Drochit pravaya ruka', 'Russian Underground')"
280714,959.65,0.9802,handstream,"('Dango Dango Drum and Bass', 'Jumpstream Peru 2')"
280756,1142.29,0.9794,handstream,"('Tze Chiang', 'Jumpstream Of Fighters Vol. 2')"
333340,995.92,0.9793,handstream,"('乙女どもよ。', '#774 Etterna Explosion Excitepack')"
339519,1136.72,0.9788,handstream,"('Loli Bomb', ""Amei's Handstream Collection 2"")"
350917,1209.82,0.9785,handstream,"('Paranoia', 'APEX Extreme')"
331557,1337.32,0.9783,handstream,"('In My Love', 'Caustic_Conversion')"
310323,1659.93,0.978,handstream,"('Sakurayozora', 'Speed Training For SM Vol.3')"
329652,1003.57,0.9776,handstream,"('MiracleI', ""Xingyue's ETTERNA II"")"
251966,1870.66,0.9774,handstream,"('ETERNAL DRAIN', 'ATTang')"
339017,1138.76,0.977,handstream,"(""Bad for me (Dz'Xa's Amenpunk)"", 'Polarin Pack 4')"
270291,1259.81,0.9765,handstream,"('Body Breakdown', 'Grape Cola 2')"
290617,1086.14,0.9765,handstream,"('World Sound', 'Nuclear Blast JS Awesome Bomb Filez 5')"
280688,858.26,0.9761,handstream,"('Station Earth ft. Roos Denayer', 'Jumpstream Perú')"
329037,1203.86,0.9756,handstream,"('Galaxy Burst', 'xXxRUSSIAxXx 2')"
350922,1213.92,0.9751,handstream,"('Einherjar Joker', 'APEX Extreme')"
264556,1183.64,0.9748,handstream,"('むしみこうにゃーのハッピッピー', 'Etterna Explosion Excitepack')"
310275,1202.32,0.9747,handstream,"('So Sweet Bitter Days', 'Speed Training For SM Volume 4')"
316943,1069.08,0.9744,handstream,"('Bussipysäkillä (Blood Rave Bombaklaat Remix)', 'Suomi 101')"
350943,993.56,0.9736,handstream,"('Palette', 'APEX Extreme')"
333279,1060.61,0.9734,handstream,"('Teio Step & Gold Ship Россия Путешествия & Bakushin cobra', '#774 Etterna Explosion Excitepack')"
264543,1176.4,0.9732,handstream,"('透明エレジー', 'Etterna Explosion Excitepack')"
307387,1204.69,0.9728,handstream,"('My Awesome Flat Chest On The Ground', ""Ska-Cola Machin'"")"
271798,1183.95,0.9727,handstream,"(""Shantae and the Pirate's Curse Boss Battle"", 'hi19hi19 Pack 3 - Popcorn Blast JS Buttery Snack Filez')"
264742,1072.54,0.9725,handstream,"('太陽の花', 'Etterna Explosion Excitepack')"
290570,947.08,0.9723,handstream,"('Everytime I hear Your Name', 'Nuclear Blast JS Awesome Bomb Filez 5')"
336665,1184.28,0.9721,handstream,"('LOVE☆BEAM', 'Jumpstream Of Fighters Vol. 1')"
264512,1303.84,0.9716,handstream,"('Tits or get the fuck out!!', 'Etterna Explosion Excitepack')"
270290,1338.83,0.9703,handstream,"('ぷれぜんたー☆', 'Grape Cola 2')"
329641,1078.88,0.9701,handstream,"('Oyasumi', ""Xingyue's ETTERNA II"")"
357779,991.25,0.9701,handstream,"('Nanawo Akari  One Room Sugar Life', ""Xingyue's ETTERNA III"")"
273368,1267.37,0.97,handstream,"('Memoria Reborn', 'Initial J First Stage')"
329602,1194.5,0.9692,handstream,"('Hemisphere - Exit Trance Remix', ""Xingyue's ETTERNA V"")"
328597,1089.13,0.969,handstream,"('Burst Linker', 'Yolomania Vol. 3')"
255724,1338.39,0.9687,handstream,"('Sigmund (Sped Up Ver.)', 'Certified Hood Classics')"
333360,1058.71,0.9687,handstream,"('ANIMA', '#774 Etterna Explosion Excitepack')"
280762,1327.48,0.9686,handstream,"('EVERLASTING HAPPiNESS↑', 'Jumpstream Of Fighters Vol. 2')"
350909,1118.2,0.9684,handstream,"('インフェルノ', 'APEX Extreme')"
350990,1283.28,0.9681,handstream,"('Boogie Woogie Splatter Show', 'APEX Extreme')"
354025,1265.71,0.968,handstream,"('Aestivalis', ""XingRen's Megapack vol.1"")"
309138,1742.47,0.9679,handstream,"('STRONG 280', 'SMOC EXTRA')"
329181,1089.19,0.9675,handstream,"('Frame of Mind', 'xXxRUSSIAxXx')"
250497,1423.53,0.9674,handstream,"('Nautin Elämästä', 'Anime Sucks Ass  3')"
280729,1013.42,0.9673,handstream,"('Bookmaker', 'Jumpstream Peru 2')"
246651,1372.99,0.9672,handstream,"('Shakunetsu Candle Master Tomoshii', '10Dollar Dump Dump Revolutions 3')"
328608,1014.37,0.9666,handstream,"('Hollywood Galaxy', 'Yolomania Vol. 3')"
255728,1129.97,0.9661,handstream,"('One Reason', 'Celeb Dumplings (Delicious Edition)')"
290567,921.88,0.9659,handstream,"('Eagle', 'Nuclear Blast JS Awesome Bomb Filez 5')"
315450,1629.01,0.9658,handstream,"('Dusk (Radio Edit)', ""Tera's Megapack vol.2"")"
315287,1664.47,0.9657,handstream,"('Breakcore Iz 4 Boomerz', 'TESTOPACK')"
329760,867.1,0.9656,handstream,"('Rockefeller Street', ""XingRen's Megapack vol.4 (Cute & Weird Songs)"")"
299005,1121.33,0.9654,handstream,"('CHMR', 'Overloading Stamina Training Megapack SSS')"
310280,1296.11,0.9654,handstream,"('3rd Eye In Breast (Rebuild)', 'Speed Training For SM Volume 4')"
336663,1038.98,0.9647,handstream,"('Shooting Star', 'Jumpstream Of Fighters Vol. 1')"
255687,1026.87,0.9645,handstream,"('Fallen', 'Certified Hood Classics')"
253606,1390.3,0.9641,handstream,"('Uta', 'Bad.End')"
271796,1104.09,0.9641,handstream,"(""Shantae- Risky's Revenge Boss Battle"", 'hi19hi19 Pack 3 - Popcorn Blast JS Buttery Snack Filez')"
328995,1057.69,0.9635,handstream,"('Jingle', 'xXxRUSSIAxXx 3')"
350923,1117.5,0.9633,handstream,"('Sigmund', 'APEX Extreme')"
329637,1344.41,0.9618,handstream,"('Cause disarray', ""Xingyue's ETTERNA IV"")"
283222,1036.77,0.9612,handstream,"('Ukigumo', 'LEINISM')"
333436,921.54,0.9611,handstream,"('Half Hearts', '#774 Etterna Explosion Excitepack')"
273798,1137.05,0.9598,handstream,"('The Force Of Courage', 'Icy X')"
310319,1299.21,0.9596,handstream,"('Perfect Neglect', 'Speed Training For SM Volume 4')"
290725,1074.71,0.9588,handstream,"('Quadraphinix', 'Nuclear Blast JS Awesome Bomb Filez 3')"
271787,1169.68,0.9587,handstream,"('Firmament Castle Velier', 'hi19hi19 Pack 3 - Popcorn Blast JS Buttery Snack Filez')"
310366,1300.25,0.9587,handstream,"('Madness In Me', 'Speed Training For SM Vol.2')"
273806,1207.37,0.9578,handstream,"('Scars Of Yesterday', 'Icy X')"
363429,1137.76,0.9566,handstream,"('DATA DRAIN', 'Overloading Stamina Training Megapack SS')"
290636,1032.95,0.9564,handstream,"(""30's Swing tek"", 'Nuclear Blast JS Awesome Bomb Filez 5')"
273797,1232.42,0.9563,handstream,"('E. P. M.', 'Icy X')"
307382,1278.47,0.9563,handstream,"('Night of Nights', ""Ska-Cola Machin'"")"
290979,1174.48,0.9559,handstream,"('12 little fragments of silence', 'Nightflower Complex')"
315269,1224.48,0.9559,handstream,"('ash kaashh', 'TESTOPACK')"
291166,1011.11,0.9552,handstream,"('DESIRE DRIVE (LLS HARDCORE REMIX)', 'Neon Club Handstream')"
354022,1181.3,0.9546,handstream,"('Love & Justice', ""XingRen's Megapack vol.1"")"
310295,1227.58,0.9534,handstream,"('Kakuzetsu Thanatos', 'Speed Training For SM Volume 4')"
246603,1317.51,0.9521,handstream,"('Sakura Reflection', '10Dollar Dump Dump Revolutions 4')"
329656,1066.22,0.9512,handstream,"('Die Young', ""Xingyue's ETTERNA II"")"
318594,1076.16,0.951,handstream,"(""Schrodinger's Boner"", 'Treatpack 1')"
264644,1226.61,0.9505,handstream,"('ウミユリ海底譚', 'Etterna Explosion Excitepack')"
291148,838.55,0.9503,handstream,"('Distant Futures v2 (Spinal Fusion Remix)', 'Neon Club Handstream')"
264555,916.32,0.9485,handstream,"('Rally Go Round', 'Etterna Explosion Excitepack')"
273814,1745.49,0.9484,handstream,"('With A Dance Number', 'Icy X')"
251787,1156.4,0.9481,handstream,"('PaIII Sensation', 'Autotelic Jacks')"
264647,1204.04,0.9479,handstream,"('Aaron', 'Etterna Explosion Excitepack')"
257779,1214.53,0.9475,handstream,"('Dressed as Goblins', 'cesspool of ribal 4')"
280730,762.8,0.9472,handstream,"('before...', 'Jumpstream Peru 2')"
254186,804.2,0.9465,handstream,"(""I'm Made of Wax, Larry, What Are You Made Of?"", 'boi')"
264665,971.86,0.9464,handstream,"('プレパレード', 'Etterna Explosion Excitepack')"
280727,1297.12,0.9462,handstream,"('Possessed By Blood Moon', 'Jumpstream Peru 2')"
290723,1104.18,0.9456,handstream,"('Destroyer Of The Universe', 'Nuclear Blast JS Awesome Bomb Filez 3')"
285140,1328.14,0.9453,handstream,"('adrenaline!!!', 'Miracle Streamz^2')"
336656,1089.24,0.9427,handstream,"('Express Emotion', 'Jumpstream Of Fighters Vol. 1')"
282056,1223.08,0.9422,handstream,"('Thunderstruck', 'Lofty Minipack 3')"
318602,1085.72,0.9411,handstream,"('Claw (Speed up ver.)', 'Treatpack 1')"
329658,1387.78,0.9409,handstream,"('Absolute Domination', ""Xingyue's ETTERNA II"")"
307405,1255.09,0.9398,handstream,"('The Party We Have Never Seen', ""Sizuka's Simfiles 2"")"
290588,1148.37,0.9397,handstream,"('Holding On', 'Nuclear Blast JS Awesome Bomb Filez 5')"
328598,1062.05,0.9375,handstream,"('DARK LEGACY', 'Yolomania Vol. 3')"
264687,956.82,0.9374,handstream,"('花雪 (DJ AIR-G Remix)', 'Etterna Explosion Excitepack')"
328078,1606.91,0.9373,handstream,"('Deconstruction Star', 'Z.Speed Training For SM Vol.1')"
333468,921.41,0.9364,handstream,"('Scars of FAUNA', '#774 Etterna Explosion Excitepack')"
350997,1376.23,0.9358,handstream,"('katharsis', 'APEX Extreme')"
336669,1293.94,0.9351,handstream,"('Love & Justice', 'Jumpstream Of Fighters Vol. 1')"
315274,1261.72,0.9344,handstream,"('Saturday morning', 'TESTOPACK')"
314829,1452.74,0.9342,handstream,"('FUBUKI', 'The End')"
310353,1367.38,0.9336,handstream,"('Vagrant', 'Speed Training For SM Vol.2')"
328655,1288.62,0.9333,handstream,"('Tenshi', 'Yolomania Vol. 3')"
285139,1135.89,0.933,handstream,"('Skyward', 'Miracle Streamz^2')"
350921,1029.07,0.933,handstream,"(""I'm so Happy"", 'APEX Extreme')"
353995,1173.57,0.9322,handstream,"('Tokamak Sol Canon(cut)', ""XingRen's Megapack vol.1"")"
329180,1250.2,0.931,handstream,"('Black Rover (TV Size)', 'xXxRUSSIAxXx')"
287642,1095.14,0.9307,handstream,"('asereje(SPEED REMIX)', 'Moonsault Blaze Minipack 1')"
260732,1062.25,0.9305,handstream,"(""Heaven's Fall"", ""'d"")"
264596,969.32,0.9299,handstream,"('Close the World', 'Etterna Explosion Excitepack')"
318601,1325.61,0.9297,handstream,"('Glorious Crown (tpz over-Over-OVERCUTE REMIX)', 'Treatpack 1')"
264639,1243.8,0.9292,handstream,"('人生リセットボタン～ピアノアレンジ～', 'Etterna Explosion Excitepack')"
264740,920.68,0.9291,handstream,"('Serendipity', 'Etterna Explosion Excitepack')"
330005,1049.45,0.9278,handstream,"('Du und Ich', 'Xayy Lmao Mixtape (Feat. Chill Pill)')"
336666,1080.74,0.9278,handstream,"('Missing Banquet', 'Jumpstream Of Fighters Vol. 1')"
333328,967.93,0.9277,handstream,"('メイガスナイト', '#774 Etterna Explosion Excitepack')"
283622,1127.98,0.9276,handstream,"('Catch the Moment', 'Magicschool Arpia')"
257770,990.73,0.9262,handstream,"('Intro', 'cesspool of ribal 4')"
272306,1034.49,0.9258,handstream,"('St. Harry Potterhand', 'Hard Songs Megapack Volume 11')"
333492,1299.69,0.9251,handstream,"('Apocalypse', '#774 Etterna Explosion Excitepack')"
273836,1220.65,0.9245,handstream,"('Destiny', 'Icy X')"
313845,1014.82,0.9238,handstream,"('AiAe', 'Stepocalypse Set 1 - Tiers')"
283684,1088.71,0.9216,handstream,"('Limit Breaker x Survivor', 'Magicschool Arpia')"
328529,1172.87,0.9208,handstream,"('2 MINUTES FIGHTERS', 'Yolomania Vol. 4')"
328753,1006.54,0.9207,handstream,"('Exothermic', 'Yolomania Vol. 1')"
267699,1043.53,0.9204,handstream,"('St.What is Love?Hand', 'German Dump Mini Pack 3')"
299168,1247.19,0.9199,handstream,"('Grievous Lady', ""Rachel's Rabifiles"")"
251950,1281.71,0.9198,handstream,"('Flip Flap', ""ATTang's Bad Files"")"
321862,1251.36,0.9194,handstream,"('Tengaku', 'timdam snackpack')"
264468,1043.13,0.9186,handstream,"('Absolute Soul', 'Etterna Explosion Excitepack')"
328476,1203.01,0.9186,handstream,"('Licca', 'Yolomania Vol. 4')"
264793,945.29,0.9176,handstream,"('Der Wald (kors k Remix)', 'Fennec Fantasy')"
290620,981.71,0.9176,handstream,"('Deep Inside', 'Nuclear Blast JS Awesome Bomb Filez 5')"
283094,1387.59,0.9166,handstream,"('HEKIREKI', ""Lemon's Panty Shots"")"
271790,1077.96,0.9156,handstream,"('Thunderdome', 'hi19hi19 Pack 3 - Popcorn Blast JS Buttery Snack Filez')"
328754,1162.18,0.9146,handstream,"('No Disguise', 'Yolomania Vol. 1')"
264671,1240.43,0.9129,handstream,"('罪と罰～神様のアリバイ～', 'Etterna Explosion Excitepack')"
282027,1261.89,0.9122,handstream,"('Meatball Submarine', 'Lofty Minipack 4 (Paradise Loft)')"
272474,1216.0,0.9106,handstream,"('Over The Frail Dream', 'Hard Songs Megapack Volume 9')"
342839,1296.6,0.9106,handstream,"('Bikkuri sa setara yo!', 'interesting files i found in my discord dms')"
290612,1130.32,0.9089,handstream,"('Pandemonium', 'Nuclear Blast JS Awesome Bomb Filez 5')"
272309,1019.58,0.9075,handstream,"('Altitude', 'Hard Songs Megapack Volume 11')"
290615,1250.22,0.9044,handstream,"('Remixou Morbidou', 'Nuclear Blast JS Awesome Bomb Filez 5')"
328589,1095.04,0.9012,handstream,"('INSOMNIA', 'Yolomania Vol. 3')"
310299,1071.09,0.8982,handstream,"('Ne! Ko!', 'Speed Training For SM Volume 4')"
338717,1012.87,0.8982,handstream,"('210 - Maikaze', 'Polarin Pack 5')"
271878,1013.98,0.8979,handstream,"('Emerald Sword', 'hi19hi19 Pack 1 - Delicious Tournament Files')"
273819,1068.08,0.8969,handstream,"('DARK LEGACY', 'Icy X')"
328619,933.24,0.8933,handstream,"('Dear You', 'Yolomania Vol. 3')"
253830,1060.78,0.8902,handstream,"('21st. Century Digital girl', ""AZVW's Mini pack vol. 1 -BASIC-"")"
315294,1529.82,0.8892,handstream,"('kullirave', 'TESTOPACK')"
290710,1096.02,0.8883,handstream,"('four pieces of heaven', 'Nuclear Blast JS Awesome Bomb Filez 3')"
329983,1092.96,0.8842,handstream,"('Drop It', 'Xayy Lmao Mixtape (Feat. Chill Pill)')"
271374,1106.1,0.8828,handstream,"('Connect', 'Golgo13(Sensationer)')"
317008,1052.89,0.8823,handstream,"('Sopo RUBE Bootleg', 'Suomi 100')"
268281,1099.23,0.877,handstream,"('サンバランド', 'Fullerene Shift')"
251792,1204.2,0.8723,handstream,"('Taranis', 'Autotelic Jacks')"
333433,1054.7,0.8715,handstream,"('ネ！コ！', '#774 Etterna Explosion Excitepack')"
285179,1157.64,0.8685,handstream,"(""Jack o' Lantern"", 'Miracle Streamz')"
290855,1434.06,0.8655,handstream,"(""Cheshire's dance"", 'Nostealpack')"
290721,1152.04,0.8654,handstream,"('I May Be Dreaming', 'Nuclear Blast JS Awesome Bomb Filez 3')"
328487,1015.15,0.8646,handstream,"('overcomplexification', 'Yolomania Vol. 4')"
264462,989.06,0.8625,handstream,"('BEAUTIFUL WORLD', 'Etterna Explosion Excitepack')"
280793,1095.98,0.8589,handstream,"('Big Ship', 'Solo Rulz Pack 4')"
290591,1001.43,0.8536,handstream,"('Battle of the Mind', 'Nuclear Blast JS Awesome Bomb Filez 5')"
256731,1445.84,0.8382,handstream,"('AiAe', ""Bunch of Files You Probably Don't Have 3"")"
342679,1537.13,0.8365,handstream,"('[-EXTRA-] Harlem Shake', 'Fiery Stream Pack Vol.2')"
310368,1274.52,0.8258,handstream,"(""We Won't Be Alone"", 'Speed Training For SM Vol.2')"
283722,1069.43,0.8149,handstream,"('adrenaline!!!', 'Magicschool Arpia')"
245999,1353.71,0.8017,handstream,"('Another Sky', 'mizuki')"
316994,986.83,0.7983,handstream,"('Muna Pilluun Moon', 'Suomi 100')"
273404,1281.18,0.7934,handstream,"('I Wanna Be A Gabber Baby', 'Initial J Extra Stage')"
309114,1458.36,1.1625,chordjacks,"('KANE TAJIRI', 'SMOC EXTRA')"
263267,2086.47,1.1469,chordjacks,"('InfinitY Happy END-', 'Einar Final')"
343984,1672.66,1.143,chordjacks,"('GO', 'Super Polska Chordjack #4')"
316570,1498.1,1.1411,chordjacks,"('Mitotsudaira', 'Super Polska Chordjack #5')"
344030,1354.9,1.1365,chordjacks,"(""Herz an Herz (K1RA's Drenchcore Remix)"", 'Super Polska Chordjack #4')"
316743,1132.16,1.1353,chordjacks,"('gazer', 'Super Polska Chordjack #1')"
351052,2030.68,1.1337,chordjacks,"(""Inner Universe (Hyphen's Bootleg)"", ""THE chorrrrrrdjack server community selection's chordjack pack"")"
357856,1310.05,1.13,chordjacks,"('Dat Phonk', '01 - Super Argento Chordjack')"
351105,1824.64,1.127,chordjacks,"('The Words I Never Said in D&B', ""THE chorrrrrrdjack server community selection's chordjack pack"")"
338205,1752.97,1.1251,chordjacks,"('Sword of Virgin', 'Fripside Chordjack Project')"
344103,1211.26,1.1245,chordjacks,"('my mother wants me dead (Sped Up Ver.)', 'Al Toke Collaboration Pack 2')"
351021,2015.39,1.1231,chordjacks,"('Chaoz Airflow', ""THE chorrrrrrdjack server community selection's chordjack pack"")"
351039,2070.04,1.1213,chordjacks,"('Escape With The Clouds', ""THE chorrrrrrdjack server community selection's chordjack pack"")"
316585,1579.33,1.12,chordjacks,"('Phantom Blood', 'Super Polska Chordjack #5')"
340789,1944.94,1.1168,chordjacks,"('Etude Op.10 No.1', ""THE chorrrrrrdjack server community selection's chordjack pack"")"
351119,1846.05,1.1143,chordjacks,"('Abyss Of The Darkness (Cut Ver.)', ""THE chorrrrrrdjack server community selection's chordjack pack"")"
290831,1403.57,1.1119,chordjacks,"('Catch The Wave', 'Nostealpack 2 (Worse Edition)')"
316601,1278.41,1.1093,chordjacks,"('Donut Hole', 'Super Polska Chordjack #3')"
353260,1382.24,1.1088,chordjacks,"('バンバード -Piano Version-', ""Tera's Megapack Volume 3"")"
316628,1643.71,1.1056,chordjacks,"('Aquarium', 'Super Polska Chordjack #3')"
344461,1795.98,1.1041,chordjacks,"(""Can't Take My Eyes Off You (Remix 1.1x)"", 'LazyFilez')"
351162,2087.96,1.1038,chordjacks,"('ukigumo', ""THE chorrrrrrdjack server community selection's chordjack pack"")"
296185,1413.42,1.1029,chordjacks,"('Sudden Death', 'Overcome CV Package2')"
351041,2104.76,1.1027,chordjacks,"('Get Got', ""THE chorrrrrrdjack server community selection's chordjack pack"")"
259508,1320.71,1.1026,chordjacks,"('Shrill False', 'Compulsive Chordjack Collection 2')"
338931,1548.31,1.1025,chordjacks,"('Super Lovely', 'Polarin Pack 4')"
344012,1841.66,1.1017,chordjacks,"('Imperishable Night 2006 (2016 Refine)', 'Super Polska Chordjack #4')"
343993,1392.68,1.1016,chordjacks,"('Havana (Dim Wilder Remix)', 'Super Polska Chordjack #4')"
339154,1187.52,1.0994,chordjacks,"('Aihana (Love+ Edit)', ""Xingyue's ETTERNA I"")"
344001,1466.9,1.098,chordjacks,"('First Drop', 'Super Polska Chordjack #4')"
338204,1686.41,1.0967,chordjacks,"('Fortissimo -from Insanity Affection-', 'Fripside Chordjack Project')"
333303,1393.0,1.0958,chordjacks,"('夜に駆ける', '#774 Etterna Explosion Excitepack')"
251907,2399.26,1.0955,chordjacks,"('Vertex BETA', 'ATTangs Dumpmix')"
332776,1227.79,1.0955,chordjacks,"('Kuro Kitou', '(^^) ChordJack Collection 2')"
351139,1545.22,1.0953,chordjacks,"('Girl A', ""THE chorrrrrrdjack server community selection's chordjack pack"")"
249324,1184.15,1.0946,chordjacks,"('Rabbit in the Black Room', 'Acerola')"
344014,1432.29,1.0932,chordjacks,"('Gangbuk GENTLEMAN', 'Super Polska Chordjack #4')"
351157,2116.17,1.0897,chordjacks,"('Decoy', ""THE chorrrrrrdjack server community selection's chordjack pack"")"
342226,1567.52,1.0894,chordjacks,"('Makiba', ""Kauitsu's Soup Pack"")"
316762,1602.48,1.0887,chordjacks,"('Big Brother', 'Super Polska Chordjack #1')"
338322,1435.97,1.0877,chordjacks,"('Departure Road', 'Blos Chordjack Pack 2')"
351169,1409.36,1.087,chordjacks,"('I Really Like You', ""THE chorrrrrrdjack server community selection's chordjack pack"")"
323201,1326.61,1.0858,chordjacks,"('Xecus (Kucchi Hard Trance Remix)', 'Valedumps 3 (Route A)')"
339153,1190.68,1.0855,chordjacks,"('Kitsune no yomeiri', ""Xingyue's ETTERNA I"")"
316593,1419.73,1.0852,chordjacks,"('Curiosity', 'Super Polska Chordjack #3')"
301832,1330.31,1.0846,chordjacks,"(""Clover Heart's ~Re-Product mix~"", ""Restia's Restroom 21"")"
290555,1166.26,1.0845,chordjacks,"('Software Upgrade', 'Nuclear Kimchi Chordjack Pack')"
351147,1835.43,1.0839,chordjacks,"('Aci-L', ""THE chorrrrrrdjack server community selection's chordjack pack"")"
316495,1559.57,1.0838,chordjacks,"('Super Fantasy', 'Super Polska Chordjack #6')"
301813,1474.29,1.0833,chordjacks,"('Chinese Food', ""Restia's Restroom OX"")"
290545,1256.01,1.0831,chordjacks,"('SO DEEP', 'Nuclear Kimchi Chordjack Pack')"
260252,1618.08,1.0827,chordjacks,"('Celestial Explosion(cut)', ""DD & JJ 'S BB"")"
258870,1445.54,1.0819,chordjacks,"('Fuzzy Future', 'Compulsive Chordjack Collection')"
316575,1699.37,1.0816,chordjacks,"('Millarca', 'Super Polska Chordjack #5')"
332760,1375.54,1.0812,chordjacks,"('Infinity', '(^^) ChordJack Collection 2')"
316696,1492.24,1.0808,chordjacks,"('oceanbird', 'Super Polska Chordjack #2')"
316687,1667.33,1.0807,chordjacks,"('The Creator', 'Super Polska Chordjack #2')"
332741,1443.25,1.0799,chordjacks,"('Glucagon', '(^^) ChordJack Collection')"
343982,2036.37,1.0795,chordjacks,"('Electric Butterfly', 'Super Polska Chordjack #4')"
261621,1279.0,1.0794,chordjacks,"('Kamui', 'Dingles Finale')"
290534,1456.16,1.0792,chordjacks,"('Car Sax', 'Nuclear Kimchi Chordjack Pack')"
339195,1566.46,1.0789,chordjacks,"('Kotonoha', 'ZeroCandy Stamina Chordjack Killer')"
344028,1426.07,1.0787,chordjacks,"('Light It Up (Short.ver)', 'Super Polska Chordjack #4')"
316510,1517.97,1.0769,chordjacks,"('Walk This Way', 'Super Polska Chordjack #6')"
341166,1045.85,1.0766,chordjacks,"('gulyayu (ANGUISH, EXILED BOOTLEG)', 'Super Polska Chordjack #8')"
332816,1262.35,1.0763,chordjacks,"('Pluton', '(^^) ChordJack Collection 2')"
343908,1468.03,1.0761,chordjacks,"(""Can't Take My Eyes Off You"", 'Milla Minipack 3 - Density')"
350702,1535.09,1.0754,chordjacks,"(""Rubik's Cube"", 'Bless You')"
332819,1255.11,1.0752,chordjacks,"('Kouhai no Bi', '(^^) ChordJack Collection 2')"
344021,1496.24,1.0747,chordjacks,"('Everblue', 'Super Polska Chordjack #4')"
290543,1085.55,1.0738,chordjacks,"('Come', 'Nuclear Kimchi Chordjack Pack')"
339095,1512.57,1.0728,chordjacks,"('Rose Quartz', ""RAR's Compressed Pack 9"")"
338012,1886.92,1.0725,chordjacks,"(""Drop It Like It's Hot!"", 'Blos pack 4')"
341188,1836.73,1.072,chordjacks,"('PTAZETA II BZRP Music Sessions #45', 'Super Polska Chordjack #9')"
351095,1713.75,1.0715,chordjacks,"('Bicha', ""THE chorrrrrrdjack server community selection's chordjack pack"")"
253613,1238.98,1.0714,chordjacks,"(""Who's That Boy"", 'Bad.End')"
246139,1394.75,1.0705,chordjacks,"('VANESSA', '34GTR')"
329621,1158.64,1.0697,chordjacks,"('Bad Romance', ""Xingyue's ETTERNA IV"")"
332817,1375.95,1.0697,chordjacks,"('Hijitsuzaikei Joshitachi wa Dou Surya Ii Desu ka?', '(^^) ChordJack Collection 2')"
259563,1371.78,1.0694,chordjacks,"('Log-IN', 'Compulsive Chordjack Collection 2')"
351005,2096.45,1.0671,chordjacks,"('Lost Silver', ""THE chorrrrrrdjack server community selection's chordjack pack"")"
332786,1191.99,1.0669,chordjacks,"('Kimikage Enbukyou - Kitsune no Yomeiri -', '(^^) ChordJack Collection 2')"
343911,1461.0,1.0668,chordjacks,"('Everytime We Touch', 'Super Polska Chordjack ~Final Boss~')"
259459,1150.82,1.0666,chordjacks,"('鬼蜘蛛ト狐ノ獅子ト', 'Compulsive Chordjack Collection 2')"
318522,1314.26,1.0661,chordjacks,"('Zero-Two Battle Theme', 'The leftovers 2')"
259536,1137.13,1.0658,chordjacks,"('閃光のフレア', 'Compulsive Chordjack Collection 2')"
290524,1255.06,1.0658,chordjacks,"('Beyond The Limit', 'Nuclear Kimchi Chordjack Pack')"
287678,1601.48,1.0656,chordjacks,"('Haunted (dive to the heart remix)', 'Monheim Feedbacker Pack')"
264530,1163.44,1.0654,chordjacks,"('Get Rdy', 'Etterna Explosion Excitepack')"
290557,1097.41,1.0654,chordjacks,"('Bubblegum Angel (feat. Desired)', 'Nuclear Kimchi Chordjack Pack')"
280807,1114.73,1.0652,chordjacks,"('Ernst', 'Jumpjack Resteps')"
329866,1310.92,1.0649,chordjacks,"('Sepia', ""XingRen's Megapack vol.2"")"
343991,1262.66,1.0638,chordjacks,"('Girls in Wonderland', 'Super Polska Chordjack #4')"
301782,1773.95,1.0636,chordjacks,"(""Lolibox (DJ K1RA's Schranz Remix)"", ""Restia's Restroom OX"")"
323202,1135.18,1.0632,chordjacks,"('traveling', ""RAR's Compressed Pack 7"")"
351007,1641.86,1.0631,chordjacks,"('DARK SAMBA LAND', ""THE chorrrrrrdjack server community selection's chordjack pack"")"
264461,1436.57,1.0623,chordjacks,"('Edge Works of Goddess ZABABA', 'Etterna Explosion Excitepack')"
341152,1245.81,1.0623,chordjacks,"('decode', 'Super Polska Chordjack #8')"
264548,1256.38,1.0622,chordjacks,"('JUMPER', 'Etterna Explosion Excitepack')"
341211,1947.89,1.0622,chordjacks,"('Crazy Tek', 'Super Polska Chordjack #9')"
315438,1347.12,1.0621,chordjacks,"('Paradigm Shift', ""Tera's Megapack vol.2"")"
316754,1309.59,1.0616,chordjacks,"('CHERRY DOLL (Full Ver.)', 'Super Polska Chordjack #1')"
351049,1715.42,1.06,chordjacks,"(""DROP IT LIKE IT'S HOT! (Prod. Luga)"", ""THE chorrrrrrdjack server community selection's chordjack pack"")"
259462,1324.07,1.0597,chordjacks,"(""It's Raining Men"", 'Compulsive Chordjack Collection 2')"
259566,1454.33,1.0591,chordjacks,"('Tenkai Rising', 'Compulsive Chordjack Collection 2')"
315288,1747.86,1.0585,chordjacks,"('AO-Infinity', 'TESTOPACK')"
338349,1572.16,1.0584,chordjacks,"('CORE', 'Blos Chordjack Pack')"
332790,1039.33,1.0583,chordjacks,"('Untouched (Colin Hennerz Remix)', '(^^) ChordJack Collection 2')"
332806,1492.69,1.0581,chordjacks,"('Girl A', '(^^) ChordJack Collection 2')"
316584,1456.84,1.0575,chordjacks,"('Oh,Love & Peace!', 'Super Polska Chordjack #5')"
316745,1891.15,1.0575,chordjacks,"('G e n g a o z o -Noize of Nocent-', 'Super Polska Chordjack #1')"
316500,1459.14,1.0571,chordjacks,"('Shiki Toki Uta', 'Super Polska Chordjack #6')"
259361,1578.84,1.0567,chordjacks,"('GIVE IT TO DEM', 'Compulsive Chordjack Collection 2')"
342369,1829.45,1.0566,chordjacks,"('EXILE', 'Towa Chordjack Repository')"
342352,1335.09,1.0564,chordjacks,"('Lexapro Delirium', 'Towa Chordjack Repository')"
343967,1764.98,1.0562,chordjacks,"('tinnitus音頭 体験版', 'Super Polska Chordjack Of Fighters')"
316544,1278.4,1.0561,chordjacks,"('Say What! (ft. FIBRE)', 'Super Polska Chordjack #5')"
259359,1235.84,1.0559,chordjacks,"('before...', 'Compulsive Chordjack Collection 2')"
351090,2054.45,1.0556,chordjacks,"('Makiba', ""THE chorrrrrrdjack server community selection's chordjack pack"")"
344013,1420.77,1.0554,chordjacks,"('EXILE', 'Super Polska Chordjack #4')"
259572,1362.05,1.0552,chordjacks,"('やっぱり雨は降るんだね', 'Compulsive Chordjack Collection 2')"
259398,921.6,1.055,chordjacks,"('Amamichi', 'Compulsive Chordjack Collection 2')"
259507,1335.72,1.055,chordjacks,"('The Cyborg Fights', 'Compulsive Chordjack Collection 2')"
329013,1391.48,1.055,chordjacks,"('oceanbird', 'xXxRUSSIAxXx 3')"
342363,1285.63,1.0549,chordjacks,"('アカリがやってきたぞっ', 'Towa Chordjack Repository')"
342941,1321.17,1.0544,chordjacks,"('Oddloop', 'I put Konata in the banners')"
343854,1598.3,1.0538,chordjacks,"('the lost dedicated', ""Restia's Backroom 22"")"
316729,1378.14,1.0536,chordjacks,"('Govnovoz', 'Super Polska Chordjack #1')"
329071,1133.54,1.0536,chordjacks,"('We Are Electric', 'xXxRUSSIAxXx 2')"
338343,1535.37,1.0536,chordjacks,"('Rude', 'Blos Chordjack Pack')"
316517,1765.75,1.0528,chordjacks,"('The Truth Never Spoken', 'Super Polska Chordjack #6')"
316732,1878.93,1.0528,chordjacks,"('Future Gazer (Dreamlike Future Remix)', 'Super Polska Chordjack #1')"
316738,2070.9,1.0527,chordjacks,"('GHOST', 'Super Polska Chordjack #1')"
351036,1389.32,1.0526,chordjacks,"('BBoom BBoom', ""THE chorrrrrrdjack server community selection's chordjack pack"")"
316680,1254.95,1.0525,chordjacks,"('Literature', 'Super Polska Chordjack #2')"
324109,1163.0,1.0518,chordjacks,"('Sushi', 'Walmart')"
259379,1531.58,1.0517,chordjacks,"('Endymion', 'Compulsive Chordjack Collection 2')"
316722,1164.82,1.0514,chordjacks,"('Creed', 'Super Polska Chordjack #1')"
343920,1789.58,1.0514,chordjacks,"('Lost One no Goukoku', 'Super Polska Chordjack ~Final Boss~')"
343880,1043.27,1.0513,chordjacks,"('Little Dark Age', ""Restia's Backroom 22"")"
264720,1175.35,1.0512,chordjacks,"('route 80s', 'Etterna Explosion Excitepack')"
270329,1943.73,1.0511,chordjacks,"('Valkyrie Revolutia', 'Grape Cola 2')"
316667,1390.68,1.0511,chordjacks,"('Mechakucha', 'Super Polska Chordjack #2')"
316755,1356.55,1.0509,chordjacks,"('Apoplexy Tanks', 'Super Polska Chordjack #1')"
316744,1358.04,1.0502,chordjacks,"('gazer', 'Super Polska Chordjack #1')"
316647,1580.45,1.0499,chordjacks,"('The World of paradox', 'Super Polska Chordjack #2')"
343989,1402.18,1.0499,chordjacks,"('Hysterical Night Girl', 'Super Polska Chordjack #4')"
332773,1110.08,1.0498,chordjacks,"('Calling', '(^^) ChordJack Collection 2')"
329155,1215.88,1.0493,chordjacks,"('PSI-missing', 'xXxRUSSIAxXx')"
290521,1469.13,1.0492,chordjacks,"('Sky is the Limit', 'Nuclear Kimchi Chordjack Pack')"
316613,1783.01,1.0492,chordjacks,"('Dragonoid Nest', 'Super Polska Chordjack #3')"
332734,1147.19,1.0492,chordjacks,"('Spit on You', '(^^) ChordJack Collection')"
258859,1690.78,1.0488,chordjacks,"('DA DA DANCE (feat. Tak Matsumoto)', 'Compulsive Chordjack Collection')"
316520,1367.26,1.0488,chordjacks,"(""Robotnik's Two Great Things"", 'Super Polska Chordjack #6')"
304386,1129.69,1.0486,chordjacks,"('WAVE', 'Sawasdee ET')"
264702,1347.72,1.0482,chordjacks,"('Szechwan', 'Etterna Explosion Excitepack')"
316627,1429.77,1.0482,chordjacks,"('2038', 'Super Polska Chordjack #3')"
283309,1149.87,1.0479,chordjacks,"('Edison', 'Kurojacks')"
343923,2102.5,1.0475,chordjacks,"('Bookmaker', 'Super Polska Chordjack ~Final Boss~')"
316636,1670.97,1.0474,chordjacks,"('Aqua Cat', 'Super Polska Chordjack #3')"
257241,1022.23,1.0472,chordjacks,"('Venetian Drums', 'Chordial Blitz')"
259492,1435.07,1.0468,chordjacks,"('Selentia', 'Compulsive Chordjack Collection 2')"
338312,1489.34,1.0468,chordjacks,"('Quevedo - Bzrp Music Sessions, Vol. 52', 'Blos Chordjack Pack 2')"
316733,1815.65,1.0465,chordjacks,"('HOLY SAMBA LAND (Full Ver.)', 'Super Polska Chordjack #1')"
339156,1373.4,1.0465,chordjacks,"('Mermaid girl (STARLiGHT Mix)', ""Xingyue's ETTERNA I"")"
280805,1388.58,1.0464,chordjacks,"('Heaven Above', 'Jumpjack Resteps')"
332787,1177.84,1.0464,chordjacks,"('Everything Black (feat. Mike Taylor) (Envy Frenchcore)', '(^^) ChordJack Collection 2')"
316623,1969.37,1.0463,chordjacks,"('Alien Artifact', 'Super Polska Chordjack #3')"
290564,1180.96,1.0461,chordjacks,"('Master of GENOCIDE', 'Nuclear Kimchi Chordjack Pack')"
343999,1341.27,1.0461,chordjacks,"('Fiction', 'Super Polska Chordjack #4')"
258776,1248.99,1.0449,chordjacks,"('Deep in Abyss', 'Compulsive Chordjack Collection')"
332707,1179.97,1.0447,chordjacks,"('RIGHT NOW', '(^^) ChordJack Collection')"
316655,1280.55,1.0446,chordjacks,"('Pink Rose', 'Super Polska Chordjack #2')"
318465,1373.61,1.044,chordjacks,"('Lolibox', 'The leftovers 2')"
316658,1648.3,1.0438,chordjacks,"('Innocent characteristic', 'Super Polska Chordjack #2')"
338345,1261.08,1.0431,chordjacks,"('GECKO PHONK', 'Blos Chordjack Pack')"
338190,1449.54,1.0427,chordjacks,"('only my railgun', 'Fripside Chordjack Project')"
316716,1727.7,1.0426,chordjacks,"('G e n g a o z o', 'Super Polska Chordjack #1')"
315418,1356.07,1.0425,chordjacks,"('Odoru Mizushibuki', ""Tera's Megapack vol.2"")"
316572,1527.65,1.0424,chordjacks,"('Promise', 'Super Polska Chordjack #5')"
332756,1137.8,1.0421,chordjacks,"('Eutopia', '(^^) ChordJack Collection 2')"
316763,2066.94,1.0415,chordjacks,"('Celestial Exploring', 'Super Polska Chordjack #1')"
332772,1125.45,1.0415,chordjacks,"('Embrace', '(^^) ChordJack Collection 2')"
338339,1611.07,1.0415,chordjacks,"('Sudno', 'Blos Chordjack Pack')"
343901,1441.52,1.0414,chordjacks,"('Candy Candy', 'Super Polska Chordjack ~Final Boss~')"
332802,1389.8,1.0411,chordjacks,"('Airen no Ningyou', '(^^) ChordJack Collection 2')"
259570,1267.1,1.041,chordjacks,"('Battle Frenzy Dance', 'Compulsive Chordjack Collection 2')"
316476,1610.5,1.0409,chordjacks,"('The Island of Albatross', 'Super Polska Chordjack #6')"
290541,1184.72,1.0407,chordjacks,"('Love Tropicana', 'Nuclear Kimchi Chordjack Pack')"
258874,1504.61,1.0405,chordjacks,"('LOVELESS WORLD', 'Compulsive Chordjack Collection')"
338333,1488.62,1.0404,chordjacks,"('Volstead Bar', 'Blos Chordjack Pack 2')"
354650,1432.46,1.0402,chordjacks,"('Caramelldansen', 'Valedumps 4')"
316661,1306.2,1.0401,chordjacks,"('MAMA (Speed Up Ver.)', 'Super Polska Chordjack #2')"
332754,1769.25,1.0401,chordjacks,"('Do It To It', '(^^) ChordJack Collection 2')"
316515,1338.1,1.04,chordjacks,"('SMOKED OUT', 'Super Polska Chordjack #6')"
299170,1467.11,1.0398,chordjacks,"(""RachelBell's OP"", ""Rachel's Rabifiles"")"
350996,1056.39,1.0395,chordjacks,"('Protoflicker', 'APEX Extreme')"
338317,1327.43,1.0394,chordjacks,"('LIVE ANOTHER DAY', 'Blos Chordjack Pack 2')"
332751,1106.23,1.0391,chordjacks,"(""Abnormality Dancin' Girl"", '(^^) ChordJack Collection')"
263123,1289.22,1.039,chordjacks,"('Darkest Night', 'DZ files 3 - Jack&Chordjack Minipack')"
258796,1525.45,1.038,chordjacks,"('疾走する悲しみの中で', 'Compulsive Chordjack Collection')"
332711,1530.87,1.0378,chordjacks,"('Flowering', '(^^) ChordJack Collection')"
329170,1660.92,1.0373,chordjacks,"('The island of albatross -8bit Style RMX-', 'xXxRUSSIAxXx')"
338321,1832.26,1.0371,chordjacks,"('Crescent Moon Island', 'Blos Chordjack Pack 2')"
316717,1461.77,1.0369,chordjacks,"('CRITICAL LINE (Quarks remix)', 'Super Polska Chordjack #1')"
264463,1234.69,1.0368,chordjacks,"('アカリがやってきたぞっ', 'Etterna Explosion Excitepack')"
332808,1160.45,1.0363,chordjacks,"('BLAZE', '(^^) ChordJack Collection 2')"
258831,1158.47,1.0362,chordjacks,"('Souzou no Idea', 'Compulsive Chordjack Collection')"
264732,1210.47,1.0361,chordjacks,"(""Dough-nut's Town's Map"", 'Etterna Explosion Excitepack')"
339196,1271.88,1.0361,chordjacks,"('地球ネコ', ""RAR's Compressed Pack 7"")"
316701,1696.7,1.0357,chordjacks,"('Tough & Alone', 'Super Polska Chordjack #2')"
332730,1094.57,1.0347,chordjacks,"('BANG!!!', '(^^) ChordJack Collection')"
296881,1107.82,1.0346,chordjacks,"('Astronomia', 'Overcome CV Package2')"
259488,1661.6,1.0342,chordjacks,"('Dream of Winds', 'Compulsive Chordjack Collection 2')"
290526,916.36,1.0338,chordjacks,"('New Riviera', 'Nuclear Kimchi Chordjack Pack')"
316648,1731.07,1.0336,chordjacks,"('Sudden Death', 'Super Polska Chordjack #2')"
338018,938.92,1.0336,chordjacks,"('This Song Is Copyright Free', 'Blos Chordjack Pack')"
332759,1218.2,1.0335,chordjacks,"('Ciki Ciki Bam Bam', '(^^) ChordJack Collection 2')"
264474,1177.38,1.0334,chordjacks,"('Destination', 'Etterna Explosion Excitepack')"
343935,1877.43,1.0334,chordjacks,"('Unmeiron', 'Super Polska Chordjack ~Final Boss~')"
258815,1260.64,1.0333,chordjacks,"('Cosmic Fantastic Lovesong', 'Cosmic Supernova Chordjack Pack')"
343927,1780.89,1.0332,chordjacks,"('GHOST-NOVA', 'Super Polska Chordjack ~Final Boss~')"
283327,1347.68,1.0327,chordjacks,"('Bomber Roach', 'Kurojacks')"
316568,1854.92,1.0327,chordjacks,"('SAY BAY', 'Super Polska Chordjack #5')"
259487,1307.56,1.0319,chordjacks,"('Ai', 'Compulsive Chordjack Collection 2')"
258811,1319.18,1.0318,chordjacks,"('レーザービーム', 'Compulsive Chordjack Collection')"
332694,1180.91,1.0316,chordjacks,"('Tanoshii hina matsuri Mother Fucker', '(^^) ChordJack Collection')"
338319,1704.37,1.0314,chordjacks,"('No Celestial', 'Blos Chordjack Pack 2')"
259382,889.95,1.0313,chordjacks,"('SAVE', 'Compulsive Chordjack Collection 2')"
316602,1499.86,1.0309,chordjacks,"('Bania u cygana', 'Super Polska Chordjack #3')"
343864,2252.15,1.0309,chordjacks,"('Voyage 1969 (Hard NRG)', ""Restia's Backroom 22"")"
259385,1720.52,1.0308,chordjacks,"('Before Sunrise', 'Compulsive Chordjack Collection 2')"
316651,1639.79,1.0308,chordjacks,"('Okutama Trance', 'Super Polska Chordjack #2')"
259358,1326.69,1.0307,chordjacks,"('蒼月オラトリオ', 'Compulsive Chordjack Collection 2')"
316534,1287.75,1.0306,chordjacks,"('Secret Dance Hall', 'Super Polska Chordjack #5')"
341102,1794.07,1.03,chordjacks,"('Dat Phonk', 'Super Polska Chordjack #7')"
316549,1375.21,1.0299,chordjacks,"('No One Escapes Trucks', 'Super Polska Chordjack #5')"
329031,1832.77,1.0299,chordjacks,"('Fantasmagoria', 'xXxRUSSIAxXx 3')"
247549,1788.37,1.0298,chordjacks,"('Nhelv', 'Abrupt Telephone Marketing')"
259401,1136.64,1.0298,chordjacks,"('Dingga', 'Compulsive Chordjack Collection 2')"
338309,1318.82,1.0298,chordjacks,"('MIDNIGHT', 'Blos Chordjack Pack 2')"
332788,1230.99,1.0291,chordjacks,"('Bloody Malie', '(^^) ChordJack Collection 2')"
290522,757.34,1.0289,chordjacks,"('Comment te dire adieu', 'Nuclear Kimchi Chordjack Pack')"
316589,1843.37,1.0285,chordjacks,"('AAA', 'Super Polska Chordjack #3')"
343983,1639.84,1.0285,chordjacks,"(""Dreamer's Dream"", 'Super Polska Chordjack #4')"
273246,1621.71,1.0284,chordjacks,"('Idealized Romance', 'Over the Horizon')"
259589,1512.18,1.028,chordjacks,"('1001 -ESCAPE-', 'Compulsive Chordjack Collection 2')"
251781,1361.43,1.0279,chordjacks,"('TrackC', 'Autotelic Jacks')"
339100,1406.28,1.0276,chordjacks,"('Nemure', ""RAR's Compressed Pack 9"")"
315238,1525.67,1.0275,chordjacks,"('Long shot', 'TESTOPACK')"
338327,1314.48,1.0274,chordjacks,"('Dizzy (Radio Edit)', 'Blos Chordjack Pack 2')"
270364,1265.48,1.0272,chordjacks,"('ヤツメ穴', 'Grape Cola 2')"
316645,1421.16,1.0272,chordjacks,"('INCOMING', 'Super Polska Chordjack #2')"
343990,1454.05,1.0271,chordjacks,"('炎花 - flameflower', 'Super Polska Chordjack #4')"
257225,1183.88,1.0266,chordjacks,"('Noborenai Sakamichi', 'Chordial Blitz')"
290520,907.78,1.0266,chordjacks,"('You', 'Nuclear Kimchi Chordjack Pack')"
302499,1181.92,1.0266,chordjacks,"('LASER BEAM', ""RAR's Compressed Pack 1"")"
259427,1352.05,1.0262,chordjacks,"('FIRE BIRD', 'Compulsive Chordjack Collection 2')"
316708,1571.46,1.026,chordjacks,"('Aquaris', 'Super Polska Chordjack #1')"
342347,1742.39,1.026,chordjacks,"('Mario Paint (Time Regression Mix for BMS)', 'Towa Chordjack Repository')"
257243,989.2,1.0256,chordjacks,"('Oyasumi', 'Chordial Blitz')"
259423,1388.44,1.0255,chordjacks,"('Air Raid', 'Compulsive Chordjack Collection 2')"
338342,1548.72,1.0255,chordjacks,"('Leviathan', 'Blos Chordjack Pack')"
344027,1814.72,1.0255,chordjacks,"('LA MD', 'Super Polska Chordjack #4')"
258783,1218.93,1.0253,chordjacks,"(""The World's End"", 'Compulsive Chordjack Collection')"
283616,1397.65,1.0253,chordjacks,"('Lapis', 'Magicschool Arpia')"
316526,1493.26,1.0246,chordjacks,"('夜桜', 'Super Polska Chordjack #6')"
268922,1144.05,1.0243,chordjacks,"('MASAYUME CHASING', 'Gochamaze Greatest Gigapack 2')"
316736,1697.05,1.0241,chordjacks,"('Soapy Bubble', 'Super Polska Chordjack #1')"
338348,1139.06,1.0241,chordjacks,"('Murder In My Mind', 'Blos Chordjack Pack')"
332720,1676.78,1.0236,chordjacks,"('Alexandrite', '(^^) ChordJack Collection')"
316757,1408.82,1.023,chordjacks,"('Alea to Idea', 'Super Polska Chordjack #1')"
264590,1149.18,1.0227,chordjacks,"('Ai Ga Tomaranai', 'Etterna Explosion Excitepack')"
258862,1266.54,1.0225,chordjacks,"('TOMORROW', 'Compulsive Chordjack Collection')"
258852,1263.75,1.022,chordjacks,"('Flurry of Sakura', 'Compulsive Chordjack Collection')"
316682,1037.67,1.0218,chordjacks,"('Kaze', 'Super Polska Chordjack #2')"
316723,1469.79,1.0218,chordjacks,"('Heart Challenger', 'Super Polska Chordjack #1')"
332695,1079.04,1.0217,chordjacks,"('C204', '(^^) ChordJack Collection')"
323261,1234.36,1.0215,chordjacks,"('Meteor Light', 'Valedumps 3 (Route A)')"
316764,1754.4,1.0214,chordjacks,"('Hymn', 'Super Polska Chordjack #1')"
329613,1162.06,1.0213,chordjacks,"('Blue (Da ba dee)', ""Xingyue's ETTERNA V"")"
330465,1449.3,1.0212,chordjacks,"('Endymion', 'mizuki')"
316552,1769.47,1.021,chordjacks,"('Nijuu', 'Super Polska Chordjack #5')"
332729,1334.43,1.0206,chordjacks,"('DARK BEACH', '(^^) ChordJack Collection')"
301863,1556.48,1.0205,chordjacks,"('XQCL (cut ver.) (slowed to perfection)', ""Restia's Restroom 21"")"
259555,1361.36,1.0204,chordjacks,"('Electronic Sound Lab', 'Compulsive Chordjack Collection 2')"
258790,1507.88,1.0199,chordjacks,"('Keikan no Senritsu', 'Compulsive Chordjack Collection')"
259549,1253.49,1.0199,chordjacks,"('Sendan Life', 'Compulsive Chordjack Collection 2')"
339105,1313.2,1.0197,chordjacks,"('STYX HELIX', ""RAR's Compressed Pack 9"")"
328887,1442.47,1.0196,chordjacks,"('Wallflower', 'xXxRUSSIAxXx 3')"
316480,1305.62,1.0193,chordjacks,"('Super Idol 热爱105°c的你 (Full House Ver.)', 'Super Polska Chordjack #6')"
316671,1963.13,1.0193,chordjacks,"('KING', 'Super Polska Chordjack #2')"
316709,1653.46,1.0193,chordjacks,"('Flowering', 'Super Polska Chordjack #1')"
332692,1168.8,1.0192,chordjacks,"('Dingga', '(^^) ChordJack Collection')"
328943,1629.71,1.0189,chordjacks,"('-JUPITER-', 'xXxRUSSIAxXx 3')"
257174,1340.81,1.0188,chordjacks,"('Clubstep', 'chorjek pak 2')"
299156,1539.1,1.0187,chordjacks,"('Sakura Vortex', ""Rachel's Rabifiles"")"
316592,1523.45,1.0186,chordjacks,"('Base After Base', 'Super Polska Chordjack #3')"
316499,1295.25,1.0185,chordjacks,"('Time To Say Goodbye (feat. Casey Lee Williams)', 'Super Polska Chordjack #6')"
259360,1415.2,1.0184,chordjacks,"('Giant', 'Compulsive Chordjack Collection 2')"
309035,1494.97,1.0183,chordjacks,"('Centimeter', 'SMOC EXTRA')"
351133,1301.26,1.0182,chordjacks,"('Popular', ""THE chorrrrrrdjack server community selection's chordjack pack"")"
246637,1573.03,1.0181,chordjacks,"('Remember Me', '10Dollar Dump Dump Revolutions 3')"
273252,1240.35,1.0181,chordjacks,"('Safe and Sound', ""Kauitsu's Soup Pack 2"")"
316707,1474.84,1.0179,chordjacks,"('Aikotoba III', 'Super Polska Chordjack #1')"
316594,1233.62,1.0177,chordjacks,"('Butilochka', 'Super Polska Chordjack #3')"
341154,2022.12,1.0177,chordjacks,"('Decoy', 'Super Polska Chordjack #8')"
316606,1350.89,1.0173,chordjacks,"('Asayakemo Yuuyakemo Nainda', 'Super Polska Chordjack #3')"
332708,1285.13,1.0165,chordjacks,"('Murder In My Mind', '(^^) ChordJack Collection')"
246130,1384.67,1.0163,chordjacks,"('before...', '34GTR')"
290539,1081.54,1.0161,chordjacks,"('Set Fire to The Rain', 'Nuclear Kimchi Chordjack Pack')"
316558,1663.7,1.0161,chordjacks,"('Out of your love', 'Super Polska Chordjack #5')"
290540,1017.35,1.0156,chordjacks,"('City Lights (feat. Kamei)', 'Nuclear Kimchi Chordjack Pack')"
316705,1791.7,1.0156,chordjacks,"('Berry Go!! (Full Ver.)', 'Super Polska Chordjack #1')"
332737,1187.0,1.0156,chordjacks,"('satori de pon!', '(^^) ChordJack Collection')"
287692,1153.71,1.0154,chordjacks,"('Little Dark Age', 'Monheim Feedbacker Pack')"
259448,1469.08,1.0152,chordjacks,"('9876634123', 'Compulsive Chordjack Collection 2')"
332783,1215.32,1.0151,chordjacks,"('Alp', '(^^) ChordJack Collection 2')"
316711,1534.12,1.015,chordjacks,"('Brainstorm', 'Super Polska Chordjack #1')"
280808,1487.44,1.0148,chordjacks,"('Decipher', 'Jumpjack Resteps')"
316603,1274.59,1.0148,chordjacks,"('COCO', 'Super Polska Chordjack #3')"
343995,1819.07,1.0148,chordjacks,"('Emiya', 'Super Polska Chordjack #4')"
270307,1034.41,1.0147,chordjacks,"('super anime groove 3d world', 'Grape Cola 2')"
259484,1371.69,1.0144,chordjacks,"('Birdcage Serenade', 'Team xfpsb Megapack')"
316684,1586.98,1.0143,chordjacks,"('Shimmer (Slowed to Perfection)', 'Super Polska Chordjack #2')"
343998,1300.6,1.0141,chordjacks,"('Feel Special', 'Super Polska Chordjack #4')"
299131,1797.59,1.014,chordjacks,"('Fanatiker der Liebe', ""Rachel's Rabifiles 2"")"
338338,1220.64,1.0137,chordjacks,"('Levels', 'Blos Chordjack Pack')"
316582,1766.68,1.0136,chordjacks,"('Metatron -Rebirth-', 'Super Polska Chordjack #5')"
354630,1149.8,1.0136,chordjacks,"('Dream War', 'Valedumps 4')"
329113,1464.03,1.0133,chordjacks,"('aliceblue (Radio Edit)', 'xXxRUSSIAxXx 2')"
338337,1413.58,1.0131,chordjacks,"('Oo Makiba wa Midori', 'Blos Chordjack Pack 2')"
259410,1325.2,1.0128,chordjacks,"('お願いマッスル', 'Compulsive Chordjack Collection 2')"
316507,1400.08,1.0128,chordjacks,"('The Violation', 'Super Polska Chordjack #6')"
329087,1401.81,1.0128,chordjacks,"('before...', 'xXxRUSSIAxXx 2')"
316753,1346.3,1.0126,chordjacks,"('Break', 'Super Polska Chordjack #1')"
264486,1380.12,1.0123,chordjacks,"('traveling', 'Etterna Explosion Excitepack')"
259544,1644.54,1.0121,chordjacks,"('Crazy Banger', 'Compulsive Chordjack Collection 2')"
329063,1170.4,1.0119,chordjacks,"('Midnight City', 'xXxRUSSIAxXx 2')"
283323,1333.49,1.0111,chordjacks,"('Dragostea Din Tei', 'Kurojacks')"
301868,1652.83,1.0111,chordjacks,"('Saigetsu', ""Restia's Restroom 21"")"
333327,1253.78,1.011,chordjacks,"('ピポピポ -People People-', '#774 Etterna Explosion Excitepack')"
259352,1521.58,1.0104,chordjacks,"('Kirameki*Chocolaterie', 'Compulsive Chordjack Collection 2')"
342362,1322.75,1.0103,chordjacks,"('kitty phonk', 'Towa Chordjack Repository')"
259504,1142.08,1.01,chordjacks,"('サママ・フェスティバル！', 'Compulsive Chordjack Collection 2')"
316672,1185.9,1.0099,chordjacks,"('subconsciousness', 'Super Polska Chordjack #2')"
331796,1569.86,1.0096,chordjacks,"('Far in the Blue Sky is the Limit', 'the Leftovers 3')"
332738,1360.99,1.0094,chordjacks,"('Corpse Dance', '(^^) ChordJack Collection')"
316580,1274.74,1.0091,chordjacks,"('paroxysm', 'Super Polska Chordjack #5')"
283324,1243.39,1.0087,chordjacks,"('Rain on Me', 'Kurojacks')"
339367,1256.75,1.0085,chordjacks,"('Bring Our Ignition Back', 'Grape Cola 3')"
299154,1529.61,1.0084,chordjacks,"('CG901B', ""Rachel's Rabifiles"")"
259422,1314.47,1.0078,chordjacks,"('Air Raid', 'Compulsive Chordjack Collection 2')"
316657,1588.06,1.0078,chordjacks,"('Icicle Stinger', 'Super Polska Chordjack #2')"
338314,1818.17,1.0078,chordjacks,"('Flamewall', 'Blos Chordjack Pack 2')"
259516,1228.92,1.0076,chordjacks,"('Precious You', 'Compulsive Chordjack Collection 2')"
259404,1499.15,1.0075,chordjacks,"('GOODWORLD', 'Compulsive Chordjack Collection 2')"
316509,1302.85,1.0075,chordjacks,"('Bad Apple!! (Promotional Version)', 'Super Polska Chordjack #6')"
357832,1181.35,1.0071,chordjacks,"('my mother wants dead me', '01 - Super Argento Chordjack')"
287689,1306.63,1.007,chordjacks,"('Reikou Hatsuden', 'Monheim Feedbacker Pack')"
283290,1236.51,1.0068,chordjacks,"('Dynamite', 'Kurojacks')"
338344,1109.37,1.0068,chordjacks,"('American Boy', 'Blos Chordjack Pack')"
259517,1170.34,1.0064,chordjacks,"('Cherry', 'Compulsive Chordjack Collection 2')"
332810,1169.06,1.0063,chordjacks,"('CRAZY FOR YOU', '(^^) ChordJack Collection 2')"
299124,1655.76,1.0062,chordjacks,"('Hitogata', ""Rachel's Rabifiles 2"")"
316735,1666.8,1.0062,chordjacks,"('Soapy Bubble', 'Super Polska Chordjack #1')"
299175,1409.16,1.006,chordjacks,"('EDM Jumpers', ""Rachel's Rabifiles"")"
316730,1765.65,1.0059,chordjacks,"('Give It To Dem (feat. Highdiwann & Drama B)', 'Super Polska Chordjack #1')"
328950,1625.49,1.0056,chordjacks,"('Cherry Doll', 'xXxRUSSIAxXx 3')"
259574,1281.77,1.0055,chordjacks,"('Angel of Darkness', 'Compulsive Chordjack Collection 2')"
283719,1137.66,1.0051,chordjacks,"('Deublithick', 'Magicschool Arpia')"
316542,1297.4,1.0048,chordjacks,"('Odo', 'Super Polska Chordjack #5')"
290542,1039.0,1.0047,chordjacks,"('Clione', 'Nuclear Kimchi Chordjack Pack')"
343903,1700.24,1.0047,chordjacks,"('Darling Dance', 'Super Polska Chordjack ~Final Boss~')"
251789,1138.01,1.0039,chordjacks,"('Toraburu kuroneko manbiki', 'Autotelic Jacks')"
268716,1162.52,1.0037,chordjacks,"('Let me go!', 'Gochamaze Greatest Gigapack 2')"
258814,1412.56,1.0036,chordjacks,"('agony', 'Compulsive Chordjack Collection')"
259573,1214.52,1.0035,chordjacks,"('Angel of Darkness', 'Compulsive Chordjack Collection 2')"
316714,1393.93,1.0035,chordjacks,"(""Can't Give it Up (feat. Highdiwaan)"", 'Super Polska Chordjack #1')"
333314,1404.75,1.0035,chordjacks,"('Move That Body!', '#774 Etterna Explosion Excitepack')"
246145,1383.82,1.0034,chordjacks,"('Rose Quartz', ""Knit's Boss Rush"")"
332794,1392.33,1.0034,chordjacks,"('Hustler', '(^^) ChordJack Collection 2')"
259531,1449.48,1.0033,chordjacks,"('True Millennium Queen', 'Compulsive Chordjack Collection 2')"
264650,1172.4,1.0033,chordjacks,"('Kick It Out', 'Etterna Explosion Excitepack')"
299141,1604.56,1.0033,chordjacks,"('Electric Angel', ""Rachel's Rabifiles 2"")"
299967,1540.29,1.0031,chordjacks,"('conflict', 'Polarin Pack 2')"
259523,1253.22,1.0028,chordjacks,"('Gentleman', 'Compulsive Chordjack Collection 2')"
258804,927.79,1.0026,chordjacks,"('Can Do', 'Compulsive Chordjack Collection')"
258837,1275.52,1.0024,chordjacks,"('Ladymade Star', 'Cosmic Supernova Chordjack Pack')"
329598,1116.91,1.0024,chordjacks,"('Why We Lose (feat. Coleman Trapp)', ""Xingyue's ETTERNA V"")"
259472,1052.51,1.0022,chordjacks,"('Hold Ya Milli', 'Compulsive Chordjack Collection 2')"
342325,1171.15,1.0016,chordjacks,"('Murder In My Mind', 'Towa Chordjack Repository')"
283753,1046.05,1.0015,chordjacks,"('Toumei Elegy', 'Magicschool Arpia')"
316536,1588.83,1.0014,chordjacks,"('Red Armor', 'Super Polska Chordjack #5')"
307368,1374.87,1.0013,chordjacks,"('テンシ', ""Ska-Cola Machin'"")"
260832,1186.77,1.0012,chordjacks,"('Cake By The Ocean', ""Cuckson's Funky Chordjack Pack"")"
257232,1657.58,1.0007,chordjacks,"('Necrophilia', 'Chordial Blitz')"
260195,1400.71,1.0007,chordjacks,"('Sandstorm', ""DD & JJ 'S BB"")"
283638,1466.66,1.0007,chordjacks,"('Bloody Malie', 'Magicschool Arpia')"
259402,903.34,1.0006,chordjacks,"('指望遠鏡 -アニメ版 -', 'Compulsive Chordjack Collection 2')"
299135,1993.45,1.0005,chordjacks,"('Celestial Exploring', ""Rachel's Rabifiles 2"")"
330218,1613.65,1.0002,chordjacks,"('えれくとりっく・えんじぇぅ', 'WoAiNi.too')"
330229,1547.28,1.0002,chordjacks,"('Energy Flower 3007', 'WoAiNi.too')"
246620,1183.64,0.9999,chordjacks,"('Sudden Romance', '10Dollar Dump Dump Revolutions 3')"
296143,1599.95,0.9992,chordjacks,"('Air', 'Overcome CV Package2')"
258773,1519.1,0.9989,chordjacks,"('Sendan Life (katagirl bootleg)', 'Compulsive Chordjack Collection')"
290561,1075.15,0.9989,chordjacks,"('Gillette, The best a man can get', 'Nuclear Kimchi Chordjack Pack')"
259389,1475.36,0.9986,chordjacks,"('Hustler', 'Compulsive Chordjack Collection 2')"
343988,1655.81,0.9984,chordjacks,"('ETERNAL DRAIN', 'Super Polska Chordjack #4')"
316537,1346.68,0.9982,chordjacks,"('Magic Girl', 'Super Polska Chordjack #5')"
274933,1059.02,0.998,chordjacks,"('JoJo Sono Chi no Kioku~end of THE WORLD~', ""Jackin' It To Anime OPs Pack 1"")"
283742,1371.28,0.998,chordjacks,"('Break', 'Magicschool Arpia')"
270339,1316.34,0.9976,chordjacks,"('Angel', 'Grape Cola 2')"
316656,1307.24,0.9974,chordjacks,"('Marry Me', 'Super Polska Chordjack #2')"
273223,1334.09,0.9963,chordjacks,"('Black Ice', 'Over the Horizon')"
259357,1171.62,0.9955,chordjacks,"('Ao to Natsu', 'Compulsive Chordjack Collection 2')"
264471,1239.61,0.9955,chordjacks,"('Caciq', 'Etterna Explosion Excitepack')"
332748,1293.69,0.9953,chordjacks,"('Haya Saitama2000', '(^^) ChordJack Collection')"
330628,1607.39,0.995,chordjacks,"('ダークサンバランド', 'mizuki')"
316670,1562.05,0.9949,chordjacks,"('Oh! My Mistake', 'Super Polska Chordjack #2')"
331541,1126.82,0.9949,chordjacks,"('Sunday 2PM', 'Caustic_Conversion')"
342348,987.2,0.9948,chordjacks,"('Close Eyes', 'Towa Chordjack Repository')"
357799,1267.38,0.9944,chordjacks,"('Out of your love(Exhaust mix)', ""Xingyue's ETTERNA III"")"
299147,1295.23,0.9943,chordjacks,"('fake doll', ""Rachel's Rabifiles 2"")"
342338,1720.36,0.9941,chordjacks,"('Stronger', 'Towa Chordjack Repository')"
299166,1446.8,0.9939,chordjacks,"('ryuuse no bivurosuto (short size)', ""Rachel's Rabifiles"")"
343907,1805.61,0.9938,chordjacks,"('Okochama Sensou', 'Super Polska Chordjack ~Final Boss~')"
330194,1459.9,0.9937,chordjacks,"('aliceblue (Radio Edit)', 'WoAiNi')"
251806,1298.5,0.9935,chordjacks,"('Chaser', 'Autotelic Jacks')"
315441,1325.47,0.9929,chordjacks,"('Icicle Stinger', ""Tera's Megapack vol.2"")"
333313,1160.55,0.9927,chordjacks,"('BRA.Step', '#774 Etterna Explosion Excitepack')"
316752,1295.8,0.9923,chordjacks,"('Chatblanc', 'Super Polska Chordjack #1')"
339372,1382.08,0.992,chordjacks,"(""Dovregubben's Hall 224"", 'Grape Cola 3')"
254611,1060.55,0.9918,chordjacks,"('Crazy Bus Title Screem', 'Blos Pack 5')"
332727,1270.76,0.9912,chordjacks,"('message', '(^^) ChordJack Collection')"
290549,1113.67,0.9906,chordjacks,"('Xing Breaker', 'Nuclear Kimchi Chordjack Pack')"
323262,1185.27,0.9905,chordjacks,"('Better Off Alone', 'Valedumps 3 (Route A)')"
276970,2007.51,0.9903,chordjacks,"('Anhedonia(cut)', ""jj & dd 's bb"")"
259467,1161.59,0.9899,chordjacks,"('Forward', 'Compulsive Chordjack Collection 2')"
328908,1656.86,0.9899,chordjacks,"('Forest Snow', 'xXxRUSSIAxXx 3')"
316598,1743.03,0.9897,chordjacks,"('Atarashii MEME ga FOOL MOON Nanode Kuyashiiwa', 'Super Polska Chordjack #3')"
270406,1240.38,0.9896,chordjacks,"('Haschenparty', 'Grape Cola')"
274937,1404.15,0.9893,chordjacks,"('Kirai na WaKe Lychee', ""Jackin' It To Anime OPs Pack 1"")"
332797,1216.18,0.9892,chordjacks,"('Halzion', '(^^) ChordJack Collection 2')"
283318,1263.37,0.9891,chordjacks,"('Pyramids ft. Sanjin (Short Ver.)', 'Kurojacks')"
316646,1137.45,0.9889,chordjacks,"('NU ABO (Speed Up Ver.)', 'Super Polska Chordjack #2')"
264480,1169.53,0.9885,chordjacks,"('Baby I Need You', 'Etterna Explosion Excitepack')"
260843,1042.0,0.9882,chordjacks,"('King For A Day', ""Cuckson's Funky Chordjack Pack"")"
251790,1152.63,0.9881,chordjacks,"('Toraburu kuroneko manbiki', 'Autotelic Jacks')"
274929,1287.36,0.9881,chordjacks,"('Kyouki Chinden', ""Jackin' It To Anime OPs Pack 1"")"
258854,1210.72,0.9879,chordjacks,"(""Cruel Angel's Thesis"", 'Compulsive Chordjack Collection')"
259471,1089.82,0.9879,chordjacks,"('Cyberia lyr3', 'Compulsive Chordjack Collection 2')"
259390,1380.38,0.9878,chordjacks,"('10', 'Compulsive Chordjack Collection 2')"
333400,1427.68,0.9878,chordjacks,"('Чou†hƒบ| ßë@u†¡ƒบ|', '#774 Etterna Explosion Excitepack')"
341229,1404.04,0.9876,chordjacks,"('far in the blue sky...', 'Super Polska Chordjack #10')"
283670,1115.03,0.9873,chordjacks,"('The Mean Kitty Song', 'Magicschool Arpia')"
290563,1210.63,0.9868,chordjacks,"('Alchemist', 'Nuclear Kimchi Chordjack Pack')"
264738,1088.56,0.9863,chordjacks,"('エフ', 'Etterna Explosion Excitepack')"
341259,1124.02,0.9861,chordjacks,"('tp na ame', 'Super Polska Chordjack #10')"
316686,1978.83,0.9859,chordjacks,"('Imperishable Night 2006 (2016 Refine)', 'Super Polska Chordjack #2')"
259446,1213.83,0.9857,chordjacks,"('PANIC HOLIC', 'Compulsive Chordjack Collection 2')"
339291,1129.67,0.9857,chordjacks,"('Back to the Real Life', 'Grape Cola 3')"
330203,1353.22,0.9856,chordjacks,"('Crystal feat. 初音ミク', 'WoAiNi.too')"
258789,1740.48,0.9853,chordjacks,"('Scarlet Rose', 'Compulsive Chordjack Collection')"
316727,1127.65,0.9852,chordjacks,"('Gogo no Koishi-chan', 'Super Polska Chordjack #1')"
332696,1396.64,0.9852,chordjacks,"('Raider', '(^^) ChordJack Collection')"
283741,1384.76,0.9849,chordjacks,"('Break', 'Magicschool Arpia')"
316731,1510.89,0.9848,chordjacks,"('Middle East Experience', 'Super Polska Chordjack #1')"
337963,1759.98,0.9844,chordjacks,"('Baby I Hate You', '#1 Extra-Terrestrial Secret Training Box')"
259528,1031.72,0.9843,chordjacks,"('Great Spirit', 'Compulsive Chordjack Collection 2')"
299145,1827.44,0.9842,chordjacks,"('Please', ""Rachel's Rabifiles 2"")"
332725,1087.66,0.984,chordjacks,"('CULT', '(^^) ChordJack Collection')"
259519,1072.56,0.9838,chordjacks,"('ESLI v <3', 'Compulsive Chordjack Collection 2')"
338330,1841.56,0.9836,chordjacks,"('You are an Idiot!', 'Blos Chordjack Pack 2')"
329607,1317.48,0.9834,chordjacks,"('U (Original Mix)', ""Xingyue's ETTERNA V"")"
246068,1606.01,0.9833,chordjacks,"('Angelic layer 名人', 'mizuki')"
332796,1191.93,0.9832,chordjacks,"('Disaster', '(^^) ChordJack Collection 2')"
316547,1414.58,0.983,chordjacks,"('PAM!!!', 'Super Polska Chordjack #5')"
333355,1190.71,0.9826,chordjacks,"('こだまことだま', '#774 Etterna Explosion Excitepack')"
316719,1422.91,0.9823,chordjacks,"('Amazing!!', 'Super Polska Chordjack #1')"
343926,1760.7,0.9822,chordjacks,"('Eva (Under Construction Remix)', 'Super Polska Chordjack ~Final Boss~')"
259475,1183.58,0.9821,chordjacks,"('Watching', 'Compulsive Chordjack Collection 2')"
333388,1382.38,0.9817,chordjacks,"('ロストアンブレラ', '#774 Etterna Explosion Excitepack')"
316620,1292.29,0.9809,chordjacks,"('Do It To It (Ft. Cherish)', 'Super Polska Chordjack #3')"
299126,1427.91,0.9808,chordjacks,"('Break it', ""Rachel's Rabifiles 2"")"
333288,1334.07,0.9807,chordjacks,"('恋ひ恋ふ縁', '#774 Etterna Explosion Excitepack')"
329016,1346.47,0.9806,chordjacks,"('KAMA PULYA', 'xXxRUSSIAxXx 3')"
316737,1535.02,0.9803,chordjacks,"('Alicia Story', 'Super Polska Chordjack #1')"
259364,1013.16,0.9802,chordjacks,"('86 Missed Calls', 'Compulsive Chordjack Collection 2')"
332704,1701.56,0.9801,chordjacks,"('LETS MAKE IT LAST FOREVER', '(^^) ChordJack Collection')"
316751,1345.65,0.9798,chordjacks,"('Alice Maestera(Tracy Remix)', 'Super Polska Chordjack #1')"
343914,1904.55,0.9792,chordjacks,"('Vertex Beta', 'Super Polska Chordjack ~Final Boss~')"
258806,1363.42,0.9791,chordjacks,"('かくしん的☆めたまるふぉ～ぜっ！', 'Compulsive Chordjack Collection')"
299158,1647.77,0.979,chordjacks,"('Zillion Lights', ""Rachel's Rabifiles"")"
316749,1012.6,0.9785,chordjacks,"('Cold Moon', 'Super Polska Chordjack #1')"
259569,1247.62,0.9778,chordjacks,"('Into The Madness', 'Compulsive Chordjack Collection 2')"
258800,1012.55,0.9777,chordjacks,"('Luv Star', 'Compulsive Chordjack Collection')"
332782,1475.26,0.9771,chordjacks,"(""Can't Give it Up"", '(^^) ChordJack Collection 2')"
271682,1464.13,0.9766,chordjacks,"('Hatsune Miku no Gekishou', 'hi19hi19 Pack 5 - Streams and Memes')"
259434,1012.23,0.9765,chordjacks,"('All In My Head', 'Compulsive Chordjack Collection 2')"
270335,1490.1,0.9762,chordjacks,"('逆月', 'Grape Cola 2')"
351061,1817.56,0.9762,chordjacks,"('ok', ""THE chorrrrrrdjack server community selection's chordjack pack"")"
259511,1070.01,0.976,chordjacks,"('Back! to the Future', 'Compulsive Chordjack Collection 2')"
333509,1200.34,0.9758,chordjacks,"('失礼しますが、RIP♡', '#774 Etterna Explosion Excitepack')"
261204,1211.53,0.9757,chordjacks,"('Eclipse', 'Cosmic Supernova Chordjack Pack')"
316539,1214.06,0.9752,chordjacks,"('My Head & My Heart (Sped Up Ver.)', 'Super Polska Chordjack #5')"
316596,1550.24,0.9752,chordjacks,"('Bimbo Doll', 'Super Polska Chordjack #3')"
341082,1607.31,0.9745,chordjacks,"('Caramelldansen', 'Super Polska Chordjack #7')"
264519,1227.63,0.9744,chordjacks,"('Exit', 'Etterna Explosion Excitepack')"
259355,1347.63,0.9743,chordjacks,"('Mercury Lamp', 'Compulsive Chordjack Collection 2')"
323143,1315.4,0.9738,chordjacks,"('Violet', 'Valedumps 3 (Route B)')"
344009,1269.77,0.9736,chordjacks,"('Gakkyuu Saiban Taiyou-hen (Cut Ver.)', 'Super Polska Chordjack #4')"
316567,1239.44,0.9732,chordjacks,"('Nail Gun', 'Super Polska Chordjack #5')"
330246,1562.28,0.9726,chordjacks,"('Echo', 'WoAiNi.too')"
259376,1078.96,0.9716,chordjacks,"('Xperanza', 'Compulsive Chordjack Collection 2')"
316715,1671.37,0.9714,chordjacks,"(""Can't Give it Up (feat. Highdiwaan)"", 'Super Polska Chordjack #1')"
259561,1037.02,0.9712,chordjacks,"('Warp Destination', 'Team xfpsb Megapack')"
333401,1224.97,0.9711,chordjacks,"('DAYBREAK FRONTLINE', '#774 Etterna Explosion Excitepack')"
299127,1225.06,0.9705,chordjacks,"('Kimama na Tenshitachi (TV Size)', ""Rachel's Rabifiles 2"")"
329073,1213.95,0.9704,chordjacks,"('Г О С П О Ж  А Л И С А', 'xXxRUSSIAxXx 2')"
246627,1379.4,0.9702,chordjacks,"('Memoria', '10Dollar Dump Dump Revolutions 3')"
259444,980.42,0.9702,chordjacks,"('quaver', 'Compulsive Chordjack Collection 2')"
259395,1426.96,0.97,chordjacks,"('Central GRAY', 'Compulsive Chordjack Collection 2')"
264692,925.45,0.9696,chordjacks,"('アナタボシ', 'Etterna Explosion Excitepack')"
258285,1120.44,0.9694,chordjacks,"('Technologic', 'Club Clarity')"
332781,1403.58,0.9688,chordjacks,"('Excuse My Rudeness, but Could You Please RIP? (t+pazolite Remix)', '(^^) ChordJack Collection 2')"
301853,1298.42,0.9682,chordjacks,"('cyberspace.exe', ""Restia's Restroom 21"")"
329148,1331.52,0.9679,chordjacks,"('Azure Snow Land', 'xXxRUSSIAxXx')"
329156,1416.89,0.9673,chordjacks,"('world.execute(me)', 'xXxRUSSIAxXx')"
273388,1167.37,0.9669,chordjacks,"('Free Tibet (Vini Vici Remix)', 'Initial J First Stage')"
280804,1251.56,0.9669,chordjacks,"('Clockwork', 'Jumpjack Resteps')"
268264,1364.15,0.9659,chordjacks,"('the lost dedicated', 'Fullerene Shift')"
343932,1661.88,0.9657,chordjacks,"('Bass Slut but it has more kickbass and hentai', 'Super Polska Chordjack ~Final Boss~')"
290538,706.14,0.9649,chordjacks,"('Rhythm of Love', 'Nuclear Kimchi Chordjack Pack')"
330236,1312.84,0.9649,chordjacks,"('Look at Me Now feat. 初音ミク', 'WoAiNi.too')"
337745,1193.96,0.9646,chordjacks,"('BLAZE', ""RAR's Compressed Pack 4"")"
316525,1261.1,0.9645,chordjacks,"('Yoru ni Kakeru', 'Super Polska Chordjack #6')"
258794,1073.98,0.9642,chordjacks,"('Dragon Screamer', 'Compulsive Chordjack Collection')"
316718,1870.72,0.9641,chordjacks,"('Crystal World ~Fracture~', 'Super Polska Chordjack #1')"
291225,1336.51,0.964,chordjacks,"('ルマ', ""naetsuka's Megapack Volume 2"")"
260833,1113.53,0.9635,chordjacks,"('GO BANANAS', ""Cuckson's Funky Chordjack Pack"")"
258792,1274.88,0.9633,chordjacks,"('THE HERO!! Ikareru Kobushi ni Hi wo Tsukero', 'Compulsive Chordjack Collection')"
246090,1258.47,0.9632,chordjacks,"('Rave Loop 2', '00.interesting files collection 2')"
259502,1314.39,0.9628,chordjacks,"('KLEINE', 'Compulsive Chordjack Collection 2')"
283752,1031.81,0.9625,chordjacks,"('Happy Time wa Owaranai', 'Magicschool Arpia')"
301799,1634.88,0.9623,chordjacks,"('Chambers', ""Restia's Restroom OX"")"
351083,1530.77,0.9623,chordjacks,"('Shiawase (VIP)', ""THE chorrrrrrdjack server community selection's chordjack pack"")"
258819,1418.76,0.9622,chordjacks,"('Reflect (Short Ver.)', 'Compulsive Chordjack Collection')"
283294,1290.54,0.9621,chordjacks,"('Better Off Alone (Radio Edit)', 'Kurojacks')"
332716,1305.43,0.9618,chordjacks,"('Ninja Re Bang Bang', '(^^) ChordJack Collection')"
297555,1078.63,0.9617,chordjacks,"('G.K.Surviver', 'Oxiclean Stain Remover')"
338334,1263.29,0.9612,chordjacks,"('After LIKE', 'Blos Chordjack Pack 2')"
323294,1160.11,0.9611,chordjacks,"('Crab Rave', 'Valedumps 2')"
290544,1022.53,0.9608,chordjacks,"('Pants', 'Nuclear Kimchi Chordjack Pack')"
259463,839.74,0.9597,chordjacks,"('Bass Slut', 'Compulsive Chordjack Collection 2')"
297566,688.58,0.9597,chordjacks,"('Flower of Life', 'Oxiclean Stain Remover')"
343915,1834.23,0.9597,chordjacks,"('Anhedonia', 'Super Polska Chordjack ~Final Boss~')"
332801,1137.7,0.9594,chordjacks,"('Oyasumi (cexiria Remix)', '(^^) ChordJack Collection 2')"
341241,1391.77,0.9593,chordjacks,"('[141 BPM] ただ 声 一つ (dive to the heart remix)', 'Super Polska Chordjack #10')"
330258,1305.79,0.9582,chordjacks,"('Blue Star', 'WoAiNi.too')"
297574,1128.27,0.9578,chordjacks,"('Spider Dance', 'Oxiclean Stain Remover')"
328542,1217.29,0.9578,chordjacks,"('Megitsune', 'Yolomania Vol. 3')"
309063,1153.12,0.9577,chordjacks,"('ACTION', 'SMOC EXTRA')"
332714,1485.87,0.9575,chordjacks,"('Enka - flameflower', '(^^) ChordJack Collection')"
260850,1082.64,0.9574,chordjacks,"('Maps', ""Cuckson's Funky Chordjack Pack"")"
263278,1644.32,0.9574,chordjacks,"('far in the blue sky...', 'Einar Final')"
259491,1082.7,0.957,chordjacks,"('Chocolate Disco', 'Compulsive Chordjack Collection 2')"
246025,1272.68,0.9558,chordjacks,"('Be-Music Primary', 'mizuki')"
316559,1600.3,0.9557,chordjacks,"('Pretty Cvnt', 'Super Polska Chordjack #5')"
350829,1149.24,0.9556,chordjacks,"('Nanamori (youth Remix)', 'Brazil Schizo files')"
316581,1354.78,0.9555,chordjacks,"('Red Sun in the Sky', 'Super Polska Chordjack #5')"
255675,1301.23,0.9553,chordjacks,"('TENSHI (True Final Boss)', 'Certified Hood Classics')"
283317,1347.93,0.955,chordjacks,"('What Does The Fox Say?', 'Kurojacks')"
338332,1230.19,0.9546,chordjacks,"('Intersect Thunderbolt - Remix', 'Blos Chordjack Pack 2')"
250544,1246.66,0.9542,chordjacks,"('Shanti Shanti Shanti', 'Anime Sucks Ass 2')"
333474,1389.62,0.9539,chordjacks,"('ダーリンダンス', '#774 Etterna Explosion Excitepack')"
308999,1531.11,0.9537,chordjacks,"('Sidetracked Day', 'SMOC EXTRA')"
270293,1301.87,0.9536,chordjacks,"('Barbie Girl', 'Grape Cola 2')"
333312,1200.64,0.9533,chordjacks,"('Law Do You Do', '#774 Etterna Explosion Excitepack')"
259425,1241.52,0.9522,chordjacks,"('アンチジョーカー', 'Compulsive Chordjack Collection 2')"
259378,1276.56,0.9519,chordjacks,"('Springtime', 'Compulsive Chordjack Collection 2')"
258828,845.93,0.9517,chordjacks,"('Cherry Bomb', 'Compulsive Chordjack Collection')"
341222,1917.19,0.9514,chordjacks,"('Davai Rasskazhem (ily Frenchcore Bootleg)', 'Super Polska Chordjack #10')"
299133,1354.51,0.9513,chordjacks,"('大地に咲く旋律', ""Rachel's Rabifiles 2"")"
333366,1296.46,0.951,chordjacks,"('きらめき＊Chocolaterie', '#774 Etterna Explosion Excitepack')"
290525,1272.41,0.9508,chordjacks,"('Last Battle -T260G-', 'Nuclear Kimchi Chordjack Pack')"
350795,1105.3,0.9501,chordjacks,"('[126 BPM] Deep Down', 'Brazil Schizo files')"
344000,1445.52,0.9493,chordjacks,"('KAMISORI', 'Super Polska Chordjack #4')"
341134,2116.6,0.9483,chordjacks,"('Observation (Original Mix)', 'Super Polska Chordjack #8')"
258855,899.63,0.9479,chordjacks,"('Silhouette', 'Compulsive Chordjack Collection')"
332744,932.54,0.9476,chordjacks,"('Cold planet', '(^^) ChordJack Collection')"
259363,978.44,0.9475,chordjacks,"('86 Missed Calls', 'Compulsive Chordjack Collection 2')"
280905,1566.68,0.9472,chordjacks,"('APOLLON', ""Knit's Boss Rush"")"
270354,1551.6,0.9471,chordjacks,"('Lemon Tree', 'Grape Cola 2')"
330214,1377.51,0.9469,chordjacks,"('Heart Chrome feat. 杏音鳥音', 'WoAiNi.too')"
259387,1304.94,0.9466,chordjacks,"('Flamewall', 'Compulsive Chordjack Collection 2')"
258810,1289.4,0.9464,chordjacks,"('Shinitai-chan', 'Compulsive Chordjack Collection')"
283635,1312.3,0.9462,chordjacks,"('The Lost Dedicated', 'Magicschool Arpia')"
259370,1435.62,0.9458,chordjacks,"('Celestial Exploring', 'Compulsive Chordjack Collection 2')"
329601,1077.13,0.9458,chordjacks,"('Galaxy', ""Xingyue's ETTERNA V"")"
338331,1205.14,0.9456,chordjacks,"('Hell Station', 'Blos Chordjack Pack 2')"
299140,1307.06,0.9446,chordjacks,"('Kawaki wo Ameku', ""Rachel's Rabifiles 2"")"
316695,1306.76,0.9441,chordjacks,"('sakurairo fuwari', 'Super Polska Chordjack #2')"
330596,1583.53,0.9437,chordjacks,"('サンバランド', 'mizuki')"
260855,1152.15,0.9433,chordjacks,"('Drive (feat. Wes Nelson)', ""Cuckson's Funky Chordjack Pack"")"
308924,1315.84,0.9432,chordjacks,"('Astronomia', 'SMOC EXTRA')"
283315,1209.68,0.9431,chordjacks,"('Bumble Bee', 'Kurojacks')"
329165,1128.44,0.9426,chordjacks,"('Bend Ova', 'xXxRUSSIAxXx')"
259552,1288.86,0.9421,chordjacks,"('Barely Barely', 'Compulsive Chordjack Collection 2')"
328955,1473.88,0.9419,chordjacks,"('Cold Green Eyes', 'xXxRUSSIAxXx 3')"
329129,1294.44,0.9419,chordjacks,"('I=Nightmare', 'xXxRUSSIAxXx')"
259445,1160.88,0.9414,chordjacks,"('A Different Me', 'Compulsive Chordjack Collection 2')"
264599,1399.78,0.9413,chordjacks,"('ハナイロ☆シャイガール', 'Etterna Explosion Excitepack')"
332733,1220.65,0.9405,chordjacks,"('Cutening', '(^^) ChordJack Collection')"
316713,945.94,0.9404,chordjacks,"('THE WORLD REVOLVING', 'Super Polska Chordjack #1')"
290962,1298.58,0.94,chordjacks,"('Rainbow Jakka Jan', 'Nixo pack 0')"
290529,999.67,0.9399,chordjacks,"('Pocket Full of Sunshine', 'Nuclear Kimchi Chordjack Pack')"
262636,1277.31,0.9392,chordjacks,"('Insight', 'dopamine micropack')"
250551,1124.19,0.9389,chordjacks,"('Devilman no Uta', 'Anime Sucks Ass 2')"
333309,880.15,0.9389,chordjacks,"('100sec. Kitchen Battle!!', '#774 Etterna Explosion Excitepack')"
264801,1227.85,0.9385,chordjacks,"('Around the World', 'Fennec Fantasy')"
257236,1018.73,0.9366,chordjacks,"('Savage Terminal', 'Chordial Blitz')"
258816,879.25,0.9366,chordjacks,"('Remote Control', 'Compulsive Chordjack Collection')"
263325,1509.78,0.9362,chordjacks,"('Conflict', 'Einar Final')"
246049,1203.78,0.9349,chordjacks,"('Trance Party', 'Yolo Dumps 1')"
267578,1098.39,0.9348,chordjacks,"('Born (The Retribution Of Spiritual Sickness)', 'Glove Originals')"
251805,1096.44,0.9345,chordjacks,"('Gympie Gympe', 'Autotelic Jacks')"
258799,955.74,0.9345,chordjacks,"('Clattanoia', 'Compulsive Chordjack Collection')"
257240,884.39,0.934,chordjacks,"('Forgotten Gears', 'Chordial Blitz')"
258829,901.55,0.9338,chordjacks,"('Lie Sparks', 'Compulsive Chordjack Collection')"
316666,1709.83,0.9334,chordjacks,"('Moon-gate', 'Super Polska Chordjack #2')"
258864,839.77,0.9331,chordjacks,"('The Everlasting Guilty Crown', 'Compulsive Chordjack Collection')"
258839,1276.32,0.9319,chordjacks,"('MASAYUME CHASING', 'Compulsive Chordjack Collection')"
316504,958.96,0.9303,chordjacks,"('You Reposted In The Wrong Tri State Area', 'Super Polska Chordjack #6')"
359075,1493.94,0.9299,chordjacks,"('Angelic Layer[IMPOSSIBLE]', '00.interesting files collection 2')"
332735,1444.26,0.9292,chordjacks,"('DAI DAI DAI KIRAI', '(^^) ChordJack Collection')"
291189,1372.89,0.9278,chordjacks,"('あの世行きのバスに乗ってさらば。(a? edit)', ""naetsuka's Megapack Volume 2"")"
316505,1301.38,0.9277,chordjacks,"('The 7th Element (cut ver.)', 'Super Polska Chordjack #6')"
290556,1311.77,0.9273,chordjacks,"('Whoa Zone', 'Nuclear Kimchi Chordjack Pack')"
299137,1157.4,0.9273,chordjacks,"('Magnet', ""Rachel's Rabifiles 2"")"
257233,1037.77,0.9269,chordjacks,"('Road To The LegenD', 'Chordial Blitz')"
258830,973.46,0.9267,chordjacks,"('Hoshizora no Ima', 'Compulsive Chordjack Collection')"
283705,1178.28,0.9259,chordjacks,"('Guile Theme Acapella', 'Magicschool Arpia')"
258807,974.49,0.9258,chordjacks,"('Hyadain no Joujou Yuujou', 'Compulsive Chordjack Collection')"
338328,1799.32,0.9256,chordjacks,"('thinkin bout u <3', 'Blos Chordjack Pack 2')"
290528,1228.54,0.9246,chordjacks,"('Boss Battle', 'Nuclear Kimchi Chordjack Pack')"
258869,1105.67,0.9239,chordjacks,"('Renai Circulation', 'Compulsive Chordjack Collection')"
259501,913.43,0.9239,chordjacks,"('Apocalypse', 'Compulsive Chordjack Collection 2')"
264538,1119.57,0.923,chordjacks,"('ゴールデンタイムラバー', 'Etterna Explosion Excitepack')"
299122,1290.9,0.9223,chordjacks,"('Bad Apple!! (Nhato Remix)', ""Rachel's Rabifiles 2"")"
258840,874.76,0.9218,chordjacks,"('Baby→Lady LOVE', 'Compulsive Chordjack Collection')"
344026,1219.55,0.9211,chordjacks,"('Let Me Be With You (TV Size)', 'Super Polska Chordjack #4')"
316659,1261.46,0.921,chordjacks,"('Yatsume Ana', 'Super Polska Chordjack #2')"
329610,1508.3,0.9208,chordjacks,"('A Fool Moon Night', ""Xingyue's ETTERNA V"")"
290546,1000.33,0.9199,chordjacks,"('Before You Go', 'Nuclear Kimchi Chordjack Pack')"
297572,812.36,0.9188,chordjacks,"('Tri Paloski', 'Oxiclean Stain Remover')"
264510,1311.74,0.9185,chordjacks,"('星屑のインターリュード', 'Etterna Explosion Excitepack')"
308847,1357.56,0.9181,chordjacks,"('Akariakariakariakariakariakariakariakari Akkari-n', 'SMOC EXTRA')"
321813,1416.27,0.9179,chordjacks,"(""Until The End (feat. Q'ALIA)"", 'Timdam Snackpack 2')"
290559,664.03,0.9177,chordjacks,"('Dummy!', 'Nuclear Kimchi Chordjack Pack')"
258805,817.67,0.9176,chordjacks,"('Snow Halation', 'Compulsive Chordjack Collection')"
259369,1117.19,0.9176,chordjacks,"('The Nights', 'Compulsive Chordjack Collection 2')"
328965,1321.89,0.9169,chordjacks,"('The Lost Dedicated', 'xXxRUSSIAxXx 3')"
258833,1130.17,0.9159,chordjacks,"('Chiisana Koi no Uta', 'Compulsive Chordjack Collection')"
328471,1162.89,0.9146,chordjacks,"('Invitation from Mr.C', 'Yolomania Vol. 4')"
258846,1037.98,0.9145,chordjacks,"('プリズム', 'Compulsive Chordjack Collection')"
304408,1352.52,0.9144,chordjacks,"('Candy a Mine', 'Sawasdee ET')"
268249,1440.92,0.9115,chordjacks,"('Identity Part 4', 'Fullerene Shift')"
330211,1332.78,0.9109,chordjacks,"('Bad Apple!! (Nhato Remix)', 'WoAiNi.too')"
268262,1571.33,0.9102,chordjacks,"('Identity Part 5', 'Fullerene Shift')"
258813,915.71,0.91,chordjacks,"('Chase Me', 'Compulsive Chordjack Collection')"
283680,1314.64,0.91,chordjacks,"('Gokuraku Jodo', 'Magicschool Arpia')"
331477,1340.83,0.9099,chordjacks,"('ETERNAL DRAIN', 'mizuki')"
264729,999.85,0.9098,chordjacks,"('戯言の雑音', 'Etterna Explosion Excitepack')"
280811,1286.65,0.9096,chordjacks,"('Summer Jam', 'Jumpjack Resteps')"
316638,1135.86,0.9088,chordjacks,"('166 - 鈴谷褒められて伸びるタイプなんです', 'Super Polska Chordjack #3')"
259503,1047.34,0.9086,chordjacks,"('Kuusou Mesorogii', 'Compulsive Chordjack Collection 2')"
323364,1171.49,0.9086,chordjacks,"(""tkk's OP"", 'Valedumps')"
307214,1482.74,0.9078,chordjacks,"('C158H251N39O46S', ""Skwid's Minipack"")"
321817,1069.5,0.9077,chordjacks,"('Lone Digger', 'Timdam Snackpack 2')"
251795,1413.67,0.9073,chordjacks,"(""DON'T STOP"", 'Autotelic Jacks')"
264625,1217.03,0.9067,chordjacks,"('AIAIAI', 'Etterna Explosion Excitepack')"
301357,1055.1,0.9066,chordjacks,"('CAUSE DISARRAY', 'RARS')"
261460,1133.92,0.9058,chordjacks,"('Mate Um Bonito Hoje Mesmo!', 'Demise')"
290519,906.26,0.905,chordjacks,"('サードアイや！', 'Nuclear Kimchi Chordjack Pack')"
259537,1258.58,0.9033,chordjacks,"('Contradiction', 'Compulsive Chordjack Collection 2')"
316721,1390.69,0.9031,chordjacks,"('Disappearance Addiction (Cut ver.)', 'Super Polska Chordjack #1')"
264509,1233.02,0.903,chordjacks,"('おうちに帰りたい Osanzi Remix', 'Etterna Explosion Excitepack')"
264518,910.82,0.9023,chordjacks,"('222 - wewewe', 'Etterna Explosion Excitepack')"
250539,1515.32,0.9015,chordjacks,"('Believe', 'Anime Sucks Ass 2')"
258795,1287.13,0.9013,chordjacks,"('Hello! My World!!', 'Compulsive Chordjack Collection')"
330799,1458.1,0.9005,chordjacks,"('kyrka', 'mizuki')"
251786,1048.02,0.9001,chordjacks,"('Harutoman no Youkai Shoujo ~ VirusV', 'Autotelic Jacks')"
259530,1223.88,0.8994,chordjacks,"('Chaplet', 'Compulsive Chordjack Collection 2')"
297571,827.9,0.8991,chordjacks,"('The Stranded Arts', 'Oxiclean Stain Remover')"
258818,1226.05,0.8987,chordjacks,"('Cutening', 'Compulsive Chordjack Collection')"
316516,1915.07,0.8981,chordjacks,"('222 - wewewe', 'Super Polska Chordjack #6')"
285558,1234.16,0.8972,chordjacks,"('Dusk (Radio Edit)', 'MintApril Extents')"
258823,928.79,0.8969,chordjacks,"(""I'M A BELIEVER (TV Size)"", 'Compulsive Chordjack Collection')"
258865,912.11,0.8961,chordjacks,"('Coolest', 'Compulsive Chordjack Collection')"
281022,1473.09,0.8959,chordjacks,"('Tuk Tuk Boshi', ""Knit's Boss Rush"")"
246624,1282.48,0.8944,chordjacks,"('Sonic Blaster', '10Dollar Dump Dump Revolutions 3')"
251858,1134.79,0.8933,chordjacks,"('To the Limit', ""ATTang's SunSunMix"")"
299129,1659.66,0.893,chordjacks,"('Bookmaker', ""Rachel's Rabifiles 2"")"
251800,1415.73,0.8922,chordjacks,"('Indigo', 'Autotelic Jacks')"
283751,1247.23,0.8916,chordjacks,"('Candy a Mine', 'Magicschool Arpia')"
258821,1304.3,0.8913,chordjacks,"('Din Don Dan', 'Compulsive Chordjack Collection')"
258812,950.94,0.8906,chordjacks,"('Zen zen zense', 'Compulsive Chordjack Collection')"
264545,1633.86,0.8898,chordjacks,"('バレリーコ', 'Etterna Explosion Excitepack')"
316604,1232.61,0.8894,chordjacks,"('Acquaintance', 'Super Polska Chordjack #3')"
283307,1164.79,0.8892,chordjacks,"('What You Know', 'Kurojacks')"
290960,1367.54,0.8891,chordjacks,"('Neko Miko Reimu', 'Nixo pack 0')"
258825,1009.25,0.8881,chordjacks,"('My Sweet Maiden', 'Compulsive Chordjack Collection')"
316700,1377.39,0.8873,chordjacks,"('Zakamskiy Kvas', 'Super Polska Chordjack #2')"
258775,823.38,0.8868,chordjacks,"('DAYS OF DASH', 'Compulsive Chordjack Collection')"
258835,889.79,0.8842,chordjacks,"('daze', 'Compulsive Chordjack Collection')"
329124,925.29,0.8817,chordjacks,"('Padoru', 'xXxRUSSIAxXx')"
258836,938.23,0.8808,chordjacks,"('ADAMAS', 'Compulsive Chordjack Collection')"
258784,988.27,0.8786,chordjacks,"('Lonely Go! (TV Size)', 'Compulsive Chordjack Collection')"
307202,1156.58,0.8784,chordjacks,"('Jumping Jack Song', ""Skwid's Minipack"")"
258860,826.6,0.8779,chordjacks,"('I Swear', 'Compulsive Chordjack Collection')"
316720,1173.28,0.8772,chordjacks,"('Energy Flower 3007', 'Super Polska Chordjack #1')"
264668,1182.78,0.8747,chordjacks,"('マインドブランド', 'Etterna Explosion Excitepack')"
258778,990.84,0.8744,chordjacks,"('Ranbu no Melody', 'Compulsive Chordjack Collection')"
264489,1351.89,0.8731,chordjacks,"('Monster', 'Etterna Explosion Excitepack')"
258803,1108.76,0.8727,chordjacks,"('DREAMxSCRAMBLE!', 'Compulsive Chordjack Collection')"
258781,1064.35,0.8724,chordjacks,"('1,000,000 TIMES', 'Compulsive Chordjack Collection')"
290562,877.62,0.8701,chordjacks,"('Head It', 'Nuclear Kimchi Chordjack Pack')"
258774,841.79,0.8689,chordjacks,"('優しさの理由', 'Compulsive Chordjack Collection')"
297562,617.69,0.8687,chordjacks,"('Bluhende Nacht', 'Oxiclean Stain Remover')"
274935,1019.21,0.8679,chordjacks,"('Hyadain no Joujou Yuujou', ""Jackin' It To Anime OPs Pack 1"")"
283654,1358.54,0.8676,chordjacks,"('Memory of Snow', 'Magicschool Arpia')"
258867,924.62,0.8666,chordjacks,"('Gee', 'Compulsive Chordjack Collection')"
258782,1351.75,0.866,chordjacks,"('おどるポンポコリン', 'Compulsive Chordjack Collection')"
258873,1008.39,0.8658,chordjacks,"('Sekai o Koete (TV-size)', 'Compulsive Chordjack Collection')"
251894,1469.75,0.8652,chordjacks,"('electric butterfly', ""Bunch of Files You Probably Don't Have 3"")"
258777,929.61,0.8651,chordjacks,"('Colorful', 'Compulsive Chordjack Collection')"
257244,1159.61,0.8637,chordjacks,"('Fishing Theme (Afrojack)', 'Chordial Blitz')"
258801,822.01,0.8614,chordjacks,"('Date A Live', 'Compulsive Chordjack Collection')"
283625,1083.82,0.8611,chordjacks,"('CheerS', 'Magicschool Arpia')"
330281,1280.63,0.8601,chordjacks,"('aliceblue (Radio Edit)', '00.interesting files collection 2')"
246018,1406.63,0.86,chordjacks,"(""[5-X] It's mother's day"", 'Rebound Dump Collection Megapack II')"
251801,1294.45,0.8559,chordjacks,"('Indigo', 'Autotelic Jacks')"
290560,1422.72,0.8503,chordjacks,"('Air Circuit', 'Nuclear Kimchi Chordjack Pack')"
283715,973.17,0.8474,chordjacks,"('Hitorigoto', 'Magicschool Arpia')"
283642,1157.38,0.8465,chordjacks,"('Yoshi mune gimu ne gimune gimu negi mune gimu negi munegimunemashirubesuta', 'Magicschool Arpia')"
258822,1033.27,0.8461,chordjacks,"('Super Driver', 'Compulsive Chordjack Collection')"
290532,904.01,0.8392,chordjacks,"('Battle! (Trainer Battle)', 'Nuclear Kimchi Chordjack Pack')"
258826,967.96,0.8381,chordjacks,"('Good Morning World! (TV Size)', 'Compulsive Chordjack Collection')"
258853,1157.7,0.8327,chordjacks,"('70CM shihou no madobe', 'Compulsive Chordjack Collection')"
318395,1539.65,0.83,chordjacks,"('a fool moon night', 'The leftovers 2')"
258827,876.05,0.8289,chordjacks,"('Anime o Katare! Animegatari Doukoukai no Thema', 'Compulsive Chordjack Collection')"
258856,862.85,0.8288,chordjacks,"('Angel Dream', 'Compulsive Chordjack Collection')"
257234,860.01,0.827,chordjacks,"('Puppet Nightmare', 'Chordial Blitz')"
254259,1133.02,0.8231,chordjacks,"('A Search For Glory', 'Blurk')"
258787,968.82,0.8201,chordjacks,"('aLIEz', 'Compulsive Chordjack Collection')"
283658,1203.29,0.8139,chordjacks,"('A Sexhago Sipda', 'Magicschool Arpia')"
297585,1155.92,0.8096,chordjacks,"('Crazy Slav Dancers', ""Sam's delusional Minipack 2"")"
251799,1377.17,0.8015,chordjacks,"('Fly with Me (nnn Remix)', 'Autotelic Jacks')"
316746,1763.54,0.7999,chordjacks,"('Voyage 1970', 'Super Polska Chordjack #1')"
330797,1555.86,0.7992,chordjacks,"('sensitive -IR-', 'mizuki')"
321857,1542.44,0.7978,chordjacks,"('VS Misaka Mikoto', 'timdam snackpack')"
283723,1377.21,0.795,chordjacks,"('Angelic layer', 'Magicschool Arpia')"
290536,1014.45,0.7911,chordjacks,"('Paris', 'Nuclear Kimchi Chordjack Pack')"
290553,957.09,0.7837,chordjacks,"('Haikei Goodbye Sayonara', 'Nuclear Kimchi Chordjack Pack')"
283767,1390.79,0.7824,chordjacks,"('Mirai Puzzle', 'Magicschool Arpia')"
309135,1690.53,0.7768,chordjacks,"('222 - wewewe', 'SMOC EXTRA')"
283630,1458.65,0.7743,chordjacks,"('Bravely You', 'RARSelection')"
274936,1185.66,0.7573,chordjacks,"('Platinum Disco', ""Jackin' It To Anime OPs Pack 1"")"
324296,1423.34,0.7464,chordjacks,"('Taco Boy', 'Volvo Gaming Pack 2')"
248205,1817.59,0.7457,chordjacks,"('blur', '98 Solo Files')"
257237,1007.31,0.7406,chordjacks,"('Sword Fight', 'Chordial Blitz')"
264081,1568.51,0.7095,chordjacks,"('Jackhammer Madness', 'hard shit')"
329096,1185.38,0.6732,chordjacks,"('Ha Ha ru ru ma ma chi chi Clo Clo ver ver', 'xXxRUSSIAxXx 2')"
307223,1467.88,0.6067,chordjacks,"('Paranoia Revolution', 'Skwid Game')"
272311,1634.6,0.3389,chordjacks,"('Shanghai Moon', 'Hard Songs Megapack Volume 11')"
272648,2325.45,0.3353,chordjacks,"('Skate or Die 2', 'Hard Songs Megapack Volume 7')"
